,Final Score
K_Scatch,399.1186003365337
Bumps,403.69002890796224
Z_Scratch,434.6178831655711
Pastry,443.64736665934487
Stains,473.6019329842324
Dirtiness,483.80771175114046
SigmoidOfAreas,499.5763544161829
Luminosity_Index,499.5763544161829
Orientation_Index,499.5763544161829
Log_Y_Index,499.5763544161829
Log_X_Index,499.5763544161829
LogOfAreas,499.5763544161829
Outside_Global_Index,499.5763544161829
Edges_Y_Index,499.5763544161829
Edges_X_Index,499.5763544161829
Outside_X_Index,499.5763544161829
X_Minimum,499.5763544161829
Edges_Index,499.5763544161829
Steel_Plate_Thickness,499.5763544161829
TypeOfSteel_A400,499.5763544161829
TypeOfSteel_A300,499.5763544161829
Length_of_Conveyer,499.5763544161829
Maximum_of_Luminosity,499.5763544161829
Minimum_of_Luminosity,499.5763544161829
Sum_of_Luminosity,499.5763544161829
Y_Perimeter,499.5763544161829
X_Perimeter,499.5763544161829
Pixels_Areas,499.5763544161829
Y_Maximum,499.5763544161829
Y_Minimum,499.5763544161829
X_Maximum,499.5763544161829
Empty_Index,499.5763544161829
Square_Index,499.5763544161829
