,att_original_names,shap_m1,shap_m2,shap_m3,shap_m4,eli5_m1,eli5_m2,eli5_m3,eli5_m4,dalex_m1,dalex_m2,dalex_m3,dalex_m4,ci_m1,ci_m2,ci_m3,ci_m4,skater_m1,skater_m2,skater_m3,skater_m4,lofo_m1,lofo_m2,lofo_m3,lofo_m4,info_gain_m1,info_gain_m2,info_gain_m3,info_gain_m4,exirt_m1,exirt_m2,exirt_m3,exirt_m4
0,WMC,LOC,LOC,LOC,LOC,… 1 more …,… 1 more …,… 1 more …,… 1 more …,LOC,LOC,LOC,LOC,LOC,LOC,LOC,LOC,LOC,LOC,LOC,LOC,RFC,DIT,WMC,NOC,LOC,LOC,LOC,LOC,LOC,LOC,LOC,LOC
1,DIT,RFC,RFC,RFC,RFC,LOC,LOC,LOC,LOC,RFC,RFC,RFC,NPM,RFC,RFC,RFC,RFC,NPM,LCOM,NPM,NPM,LOC,LOC,DIT,LOC,RFC,RFC,RFC,RFC,NPM,NPM,NPM,RFC
2,NOC,NPM,NPM,CBO,NPM,NPM,CBO,RFC,NPM,NPM,CBO,CBO,RFC,NOC,NOC,NOC,NPM,LCOM,NPM,CBO,RFC,CBO,RFC,NOC,DIT,CBO,CBO,CBO,CBO,WMC,RFC,CBO,NPM
3,CBO,CBO,DIT,NPM,CBO,RFC,LCOM,WMC,RFC,CBO,NPM,NOC,CBO,LCOM,NPM,DIT,NOC,RFC,RFC,WMC,CBO,NPM,NOC,LCOM,CBO,LCOM,LCOM,LCOM,LCOM,RFC,CBO,RFC,CBO
4,RFC,LCOM,CBO,DIT,WMC,CBO,NPM,CBO,CBO,LCOM,LCOM,NPM,LCOM,NPM,DIT,CBO,CBO,CBO,DIT,LCOM,WMC,NOC,LCOM,RFC,RFC,NPM,NPM,NPM,NPM,LCOM,NOC,LCOM,WMC
5,LCOM,WMC,LCOM,WMC,DIT,LCOM,RFC,NPM,LCOM,NOC,DIT,DIT,WMC,DIT,CBO,WMC,DIT,DIT,CBO,DIT,LCOM,LCOM,CBO,LOC,WMC,WMC,WMC,WMC,WMC,DIT,LCOM,DIT,LCOM
6,NPM,DIT,WMC,LCOM,LCOM,WMC,NOC,DIT,WMC,WMC,NOC,LCOM,NOC,CBO,LCOM,NPM,WMC,WMC,WMC,RFC,DIT,DIT,NPM,CBO,NPM,DIT,DIT,DIT,DIT,CBO,DIT,WMC,DIT
7,LOC,NOC,NOC,NOC,NOC,DIT,WMC,NOC,NOC,DIT,WMC,WMC,DIT,WMC,WMC,LCOM,LCOM,NOC,NOC,NOC,NOC,WMC,WMC,NPM,LCOM,NOC,NOC,NOC,NOC,NOC,WMC,NOC,NOC
