,att_original_names,shap_m1,shap_m2,shap_m3,shap_m4,eli5_m1,eli5_m2,eli5_m3,eli5_m4,dalex_m1,dalex_m2,dalex_m3,dalex_m4,ci_m1,ci_m2,ci_m3,ci_m4,skater_m1,skater_m2,skater_m3,skater_m4,lofo_m1,lofo_m2,lofo_m3,lofo_m4,info_gain_m1,info_gain_m2,info_gain_m3,info_gain_m4,exirt_m1,exirt_m2,exirt_m3,exirt_m4
0,sex,index,FL,FL,FL,… 1 more …,… 1 more …,… 1 more …,… 1 more …,index,index,index,FL,index,BD,BD,BD,FL,BD,FL,FL,BD,index,index,index,CL,CL,CL,CL,index,BD,BD,index
1,index,FL,BD,BD,index,index,index,index,index,FL,FL,BD,index,BD,index,index,index,BD,FL,BD,index,RW,FL,BD,CW,CW,CW,CW,CW,BD,index,FL,FL
2,FL,BD,index,index,BD,BD,BD,FL,FL,BD,BD,FL,BD,CW,CW,CW,CW,index,index,index,BD,FL,CW,FL,BD,BD,BD,BD,BD,FL,FL,index,BD
3,RW,CW,sex,CL,CW,FL,FL,BD,BD,CW,CW,CW,CW,FL,FL,CL,FL,CW,sex,CL,CW,CW,CL,CW,FL,FL,FL,FL,FL,CW,CW,CW,CW
4,CL,RW,CW,RW,RW,CW,CW,CW,CW,sex,RW,CL,RW,CL,CL,FL,RW,sex,CW,CW,CL,CL,BD,sex,sex,RW,RW,RW,RW,RW,sex,CL,sex
5,CW,sex,RW,CW,CL,RW,sex,CL,RW,RW,CL,sex,CL,sex,sex,RW,CL,RW,RW,RW,RW,index,RW,RW,RW,index,index,index,index,sex,RW,RW,RW
6,BD,CL,CL,sex,sex,CL,CL,sex,CL,CL,sex,RW,sex,RW,RW,sex,sex,CL,CL,sex,sex,sex,sex,CL,CL,sex,sex,sex,sex,CL,CL,sex,CL
