,att_original_names,shap_m1,shap_m2,shap_m3,shap_m4,eli5_m1,eli5_m2,eli5_m3,eli5_m4,dalex_m1,dalex_m2,dalex_m3,dalex_m4,ci_m1,ci_m2,ci_m3,ci_m4,skater_m1,skater_m2,skater_m3,skater_m4,lofo_m1,lofo_m2,lofo_m3,lofo_m4,info_gain_m1,info_gain_m2,info_gain_m3,info_gain_m4,exirt_m1,exirt_m2,exirt_m3,exirt_m4
0,V1,K_Scatch,K_Scatch,Bumps,Bumps,… 1 more …,… 1 more …,… 1 more …,… 1 more …,Y_Perimeter,Y_Perimeter,Y_Perimeter,Y_Perimeter,Z_Scratch,Bumps,Bumps,Bumps,K_Scatch,K_Scatch,Bumps,Bumps,Bumps,Bumps,Bumps,Bumps,Y_Minimum,Y_Minimum,Y_Minimum,Y_Minimum,Bumps,Bumps,Bumps,K_Scatch
1,V2,Bumps,Bumps,K_Scatch,K_Scatch,K_Scatch,K_Scatch,Bumps,K_Scatch,Y_Minimum,Y_Minimum,Y_Minimum,Y_Minimum,Pastry,Z_Scratch,K_Scatch,K_Scatch,Bumps,Bumps,K_Scatch,K_Scatch,Pastry,Pastry,Pastry,Pastry,Y_Maximum,Y_Maximum,Y_Maximum,Y_Maximum,K_Scatch,K_Scatch,Z_Scratch,Bumps
2,V3,Z_Scratch,Z_Scratch,Z_Scratch,Z_Scratch,Bumps,Bumps,K_Scatch,Bumps,Y_Maximum,Y_Maximum,Y_Maximum,Y_Maximum,K_Scatch,K_Scatch,Z_Scratch,Z_Scratch,Z_Scratch,Z_Scratch,Z_Scratch,Z_Scratch,Z_Scratch,Z_Scratch,Z_Scratch,Z_Scratch,Sum_of_Luminosity,Sum_of_Luminosity,Sum_of_Luminosity,Sum_of_Luminosity,Z_Scratch,Z_Scratch,K_Scatch,Z_Scratch
3,V4,Pastry,Pastry,Pastry,Pastry,Z_Scratch,Z_Scratch,Z_Scratch,Z_Scratch,X_Perimeter,X_Perimeter,X_Perimeter,X_Perimeter,Bumps,Pastry,Pastry,Pastry,Pastry,Pastry,Pastry,Pastry,Edges_Index,K_Scatch,K_Scatch,K_Scatch,Luminosity_Index,Luminosity_Index,Luminosity_Index,Luminosity_Index,Pastry,Pastry,Pastry,Pastry
4,V5,Stains,Stains,Steel_Plate_Thickness,Stains,Pastry,Pastry,Pastry,Pastry,X_Minimum,X_Minimum,X_Minimum,X_Minimum,Stains,Dirtiness,Dirtiness,Stains,Stains,Stains,Steel_Plate_Thickness,Stains,Length_of_Conveyer,Dirtiness,Outside_Global_Index,Dirtiness,Edges_Index,Edges_Index,Edges_Index,Edges_Index,Stains,Stains,Dirtiness,Stains
5,V6,Dirtiness,Dirtiness,Length_of_Conveyer,Dirtiness,Stains,Stains,Dirtiness,Stains,X_Maximum,X_Maximum,X_Maximum,X_Maximum,Dirtiness,Stains,Stains,Dirtiness,Dirtiness,Dirtiness,Length_of_Conveyer,Dirtiness,K_Scatch,Stains,Log_X_Index,Stains,Empty_Index,Empty_Index,Empty_Index,Empty_Index,Dirtiness,Dirtiness,SigmoidOfAreas,Dirtiness
6,V7,X_Minimum,Steel_Plate_Thickness,Pixels_Areas,Steel_Plate_Thickness,Dirtiness,Dirtiness,Stains,Dirtiness,TypeOfSteel_A400,TypeOfSteel_A400,TypeOfSteel_A400,TypeOfSteel_A400,Edges_Index,LogOfAreas,LogOfAreas,Steel_Plate_Thickness,X_Minimum,Steel_Plate_Thickness,Outside_X_Index,Steel_Plate_Thickness,Sum_of_Luminosity,Outside_Global_Index,Maximum_of_Luminosity,Y_Perimeter,X_Minimum,X_Minimum,X_Minimum,X_Minimum,SigmoidOfAreas,SigmoidOfAreas,Luminosity_Index,SigmoidOfAreas
7,V8,Edges_Index,Pixels_Areas,LogOfAreas,Maximum_of_Luminosity,Y_Perimeter,Y_Perimeter,Length_of_Conveyer,Y_Perimeter,TypeOfSteel_A300,TypeOfSteel_A300,TypeOfSteel_A300,TypeOfSteel_A300,X_Minimum,Steel_Plate_Thickness,Sum_of_Luminosity,Y_Perimeter,Edges_Index,Pixels_Areas,Pixels_Areas,Luminosity_Index,Edges_Y_Index,Y_Perimeter,Edges_Y_Index,Y_Minimum,X_Maximum,X_Maximum,X_Maximum,X_Maximum,Luminosity_Index,Luminosity_Index,Orientation_Index,Luminosity_Index
8,V9,Pixels_Areas,Sum_of_Luminosity,Edges_Y_Index,Luminosity_Index,Y_Minimum,Y_Minimum,Steel_Plate_Thickness,Y_Minimum,Sum_of_Luminosity,Sum_of_Luminosity,Sum_of_Luminosity,Sum_of_Luminosity,Pixels_Areas,SigmoidOfAreas,Steel_Plate_Thickness,Y_Minimum,Pixels_Areas,Sum_of_Luminosity,LogOfAreas,Y_Perimeter,X_Maximum,Y_Minimum,Length_of_Conveyer,Y_Maximum,Orientation_Index,Orientation_Index,Orientation_Index,Orientation_Index,Orientation_Index,Orientation_Index,Log_Y_Index,Orientation_Index
9,V10,X_Maximum,LogOfAreas,Dirtiness,Minimum_of_Luminosity,Y_Maximum,Y_Maximum,Log_X_Index,Y_Maximum,Steel_Plate_Thickness,Steel_Plate_Thickness,Square_Index,Steel_Plate_Thickness,Edges_X_Index,Sum_of_Luminosity,SigmoidOfAreas,Y_Maximum,X_Maximum,LogOfAreas,Edges_Y_Index,Y_Minimum,Log_X_Index,Y_Maximum,Square_Index,X_Perimeter,Pixels_Areas,Pixels_Areas,Pixels_Areas,Pixels_Areas,Log_Y_Index,Log_Y_Index,Log_X_Index,Log_Y_Index
10,V11,Length_of_Conveyer,X_Minimum,Sum_of_Luminosity,Y_Maximum,X_Perimeter,X_Perimeter,Y_Perimeter,X_Perimeter,Square_Index,Square_Index,SigmoidOfAreas,Square_Index,Maximum_of_Luminosity,Log_X_Index,Minimum_of_Luminosity,X_Perimeter,Edges_X_Index,X_Minimum,Log_X_Index,Y_Maximum,X_Perimeter,X_Perimeter,Minimum_of_Luminosity,X_Minimum,LogOfAreas,LogOfAreas,LogOfAreas,LogOfAreas,Log_X_Index,Log_X_Index,LogOfAreas,Log_X_Index
11,V12,Edges_X_Index,Log_X_Index,X_Maximum,Sum_of_Luminosity,X_Maximum,X_Maximum,Y_Minimum,X_Maximum,SigmoidOfAreas,SigmoidOfAreas,Pixels_Areas,SigmoidOfAreas,Minimum_of_Luminosity,Pixels_Areas,Orientation_Index,X_Minimum,Length_of_Conveyer,Outside_X_Index,X_Maximum,X_Perimeter,Edges_X_Index,X_Minimum,LogOfAreas,X_Maximum,Square_Index,Square_Index,Square_Index,Square_Index,LogOfAreas,LogOfAreas,Outside_Global_Index,LogOfAreas
12,V13,SigmoidOfAreas,Outside_X_Index,Stains,X_Minimum,TypeOfSteel_A400,TypeOfSteel_A400,Y_Maximum,TypeOfSteel_A400,Pixels_Areas,Pixels_Areas,Outside_X_Index,Pixels_Areas,Y_Perimeter,X_Minimum,Edges_Index,X_Maximum,SigmoidOfAreas,Log_X_Index,Sum_of_Luminosity,X_Minimum,SigmoidOfAreas,X_Maximum,X_Maximum,TypeOfSteel_A400,Edges_X_Index,Edges_X_Index,Edges_X_Index,Edges_X_Index,Outside_Global_Index,Outside_Global_Index,Edges_Y_Index,Outside_Global_Index
13,V14,Maximum_of_Luminosity,X_Maximum,Outside_X_Index,LogOfAreas,TypeOfSteel_A300,TypeOfSteel_A300,X_Perimeter,TypeOfSteel_A300,Outside_X_Index,Outside_X_Index,Outside_Global_Index,Outside_X_Index,Y_Minimum,Outside_X_Index,Y_Minimum,TypeOfSteel_A400,Maximum_of_Luminosity,SigmoidOfAreas,X_Minimum,X_Maximum,Square_Index,TypeOfSteel_A400,X_Perimeter,TypeOfSteel_A300,Outside_X_Index,Outside_X_Index,Outside_X_Index,Outside_X_Index,Edges_Y_Index,Edges_Y_Index,Edges_X_Index,Edges_Y_Index
14,V15,Minimum_of_Luminosity,Length_of_Conveyer,Log_X_Index,Square_Index,Sum_of_Luminosity,Sum_of_Luminosity,X_Maximum,Sum_of_Luminosity,Outside_Global_Index,Outside_Global_Index,Orientation_Index,Outside_Global_Index,Y_Maximum,Square_Index,X_Minimum,TypeOfSteel_A300,Minimum_of_Luminosity,X_Maximum,Minimum_of_Luminosity,TypeOfSteel_A400,Luminosity_Index,TypeOfSteel_A300,X_Minimum,Sum_of_Luminosity,Edges_Y_Index,Edges_Y_Index,Edges_Y_Index,Edges_Y_Index,Edges_X_Index,Edges_X_Index,Outside_X_Index,Edges_X_Index
15,V16,Y_Minimum,Square_Index,Minimum_of_Luminosity,Edges_Index,Steel_Plate_Thickness,Steel_Plate_Thickness,TypeOfSteel_A400,Steel_Plate_Thickness,Orientation_Index,Orientation_Index,Minimum_of_Luminosity,Orientation_Index,X_Perimeter,X_Maximum,Square_Index,Sum_of_Luminosity,Y_Minimum,Log_Y_Index,Orientation_Index,TypeOfSteel_A300,Y_Minimum,Sum_of_Luminosity,TypeOfSteel_A400,Steel_Plate_Thickness,SigmoidOfAreas,SigmoidOfAreas,SigmoidOfAreas,SigmoidOfAreas,Outside_X_Index,Outside_X_Index,X_Minimum,Outside_X_Index
16,V17,Y_Perimeter,Log_Y_Index,Y_Maximum,Outside_X_Index,Square_Index,Square_Index,TypeOfSteel_A300,Square_Index,Minimum_of_Luminosity,Minimum_of_Luminosity,Maximum_of_Luminosity,Minimum_of_Luminosity,X_Maximum,Length_of_Conveyer,Outside_X_Index,Square_Index,Square_Index,Minimum_of_Luminosity,Y_Maximum,Sum_of_Luminosity,Y_Maximum,Steel_Plate_Thickness,Steel_Plate_Thickness,Square_Index,X_Perimeter,X_Perimeter,X_Perimeter,X_Perimeter,X_Minimum,X_Minimum,Edges_Index,X_Minimum
17,V18,Edges_Y_Index,X_Perimeter,X_Minimum,X_Maximum,SigmoidOfAreas,SigmoidOfAreas,Sum_of_Luminosity,SigmoidOfAreas,Maximum_of_Luminosity,Maximum_of_Luminosity,Luminosity_Index,Maximum_of_Luminosity,TypeOfSteel_A400,Minimum_of_Luminosity,Maximum_of_Luminosity,SigmoidOfAreas,Y_Perimeter,X_Perimeter,Edges_Index,Square_Index,X_Minimum,Square_Index,Orientation_Index,SigmoidOfAreas,Y_Perimeter,Y_Perimeter,Y_Perimeter,Y_Perimeter,Edges_Index,Edges_Index,X_Maximum,Edges_Index
18,V19,TypeOfSteel_A300,Minimum_of_Luminosity,Orientation_Index,Pixels_Areas,Pixels_Areas,Pixels_Areas,Square_Index,Pixels_Areas,Luminosity_Index,Luminosity_Index,Log_Y_Index,Luminosity_Index,TypeOfSteel_A300,Log_Y_Index,Empty_Index,Pixels_Areas,Y_Maximum,Y_Perimeter,Log_Y_Index,SigmoidOfAreas,TypeOfSteel_A400,SigmoidOfAreas,Sum_of_Luminosity,Pixels_Areas,Length_of_Conveyer,Length_of_Conveyer,Length_of_Conveyer,Length_of_Conveyer,Steel_Plate_Thickness,Steel_Plate_Thickness,Y_Minimum,Steel_Plate_Thickness
19,V20,Square_Index,SigmoidOfAreas,Edges_Index,X_Perimeter,Outside_X_Index,Outside_X_Index,SigmoidOfAreas,Outside_X_Index,Log_Y_Index,Log_Y_Index,Log_X_Index,Log_Y_Index,Sum_of_Luminosity,X_Perimeter,Edges_Y_Index,Outside_X_Index,X_Perimeter,Square_Index,Y_Minimum,Pixels_Areas,TypeOfSteel_A300,Pixels_Areas,Pixels_Areas,Outside_X_Index,Minimum_of_Luminosity,Minimum_of_Luminosity,Minimum_of_Luminosity,Minimum_of_Luminosity,TypeOfSteel_A400,TypeOfSteel_A400,Y_Maximum,TypeOfSteel_A400
20,V21,Y_Maximum,Edges_Y_Index,Y_Minimum,Y_Perimeter,Outside_Global_Index,Outside_Global_Index,Pixels_Areas,Outside_Global_Index,Log_X_Index,Log_X_Index,LogOfAreas,Log_X_Index,Steel_Plate_Thickness,Y_Perimeter,Y_Maximum,Outside_Global_Index,TypeOfSteel_A400,Length_of_Conveyer,TypeOfSteel_A400,Outside_X_Index,Steel_Plate_Thickness,Outside_X_Index,Dirtiness,Outside_Global_Index,Log_Y_Index,Log_Y_Index,Log_Y_Index,Log_Y_Index,TypeOfSteel_A300,TypeOfSteel_A300,Pixels_Areas,TypeOfSteel_A300
21,V22,X_Perimeter,Y_Perimeter,Empty_Index,Y_Minimum,Orientation_Index,Orientation_Index,Outside_X_Index,Orientation_Index,LogOfAreas,LogOfAreas,Length_of_Conveyer,LogOfAreas,Square_Index,Edges_Y_Index,Log_X_Index,Orientation_Index,TypeOfSteel_A300,Edges_Y_Index,Y_Perimeter,Outside_Global_Index,Stains,Orientation_Index,Y_Perimeter,Orientation_Index,Log_X_Index,Log_X_Index,Log_X_Index,Log_X_Index,Length_of_Conveyer,Length_of_Conveyer,X_Perimeter,Length_of_Conveyer
22,V23,TypeOfSteel_A400,Y_Maximum,Edges_X_Index,TypeOfSteel_A400,Minimum_of_Luminosity,Minimum_of_Luminosity,Outside_Global_Index,Minimum_of_Luminosity,Length_of_Conveyer,Length_of_Conveyer,Empty_Index,Length_of_Conveyer,SigmoidOfAreas,Luminosity_Index,Length_of_Conveyer,Minimum_of_Luminosity,Sum_of_Luminosity,Luminosity_Index,Square_Index,Orientation_Index,Pixels_Areas,Minimum_of_Luminosity,Outside_X_Index,Minimum_of_Luminosity,Bumps,Bumps,Bumps,Bumps,Maximum_of_Luminosity,Maximum_of_Luminosity,Empty_Index,Maximum_of_Luminosity
23,V24,Sum_of_Luminosity,Luminosity_Index,TypeOfSteel_A400,TypeOfSteel_A300,Maximum_of_Luminosity,Maximum_of_Luminosity,Orientation_Index,Maximum_of_Luminosity,Empty_Index,Empty_Index,Edges_Y_Index,Empty_Index,Outside_X_Index,Edges_X_Index,Y_Perimeter,Maximum_of_Luminosity,Steel_Plate_Thickness,TypeOfSteel_A300,Edges_X_Index,Minimum_of_Luminosity,Outside_Global_Index,Maximum_of_Luminosity,TypeOfSteel_A300,Maximum_of_Luminosity,K_Scatch,K_Scatch,K_Scatch,K_Scatch,Minimum_of_Luminosity,Minimum_of_Luminosity,Y_Perimeter,Minimum_of_Luminosity
24,V25,Steel_Plate_Thickness,Orientation_Index,Y_Perimeter,SigmoidOfAreas,Luminosity_Index,Luminosity_Index,Minimum_of_Luminosity,Luminosity_Index,Edges_Y_Index,Edges_Y_Index,Edges_X_Index,Edges_Y_Index,Outside_Global_Index,Edges_Index,X_Perimeter,Luminosity_Index,Outside_X_Index,Orientation_Index,X_Perimeter,Maximum_of_Luminosity,Orientation_Index,Luminosity_Index,Stains,Luminosity_Index,Maximum_of_Luminosity,Maximum_of_Luminosity,Maximum_of_Luminosity,Maximum_of_Luminosity,Sum_of_Luminosity,Sum_of_Luminosity,Minimum_of_Luminosity,Sum_of_Luminosity
25,V26,Outside_X_Index,Y_Minimum,Maximum_of_Luminosity,Outside_Global_Index,Log_Y_Index,Log_Y_Index,Maximum_of_Luminosity,Log_Y_Index,Edges_X_Index,Edges_X_Index,Edges_Index,Edges_X_Index,Orientation_Index,TypeOfSteel_A300,TypeOfSteel_A300,Log_Y_Index,Outside_Global_Index,Outside_Global_Index,Empty_Index,Log_Y_Index,Minimum_of_Luminosity,Log_Y_Index,Edges_Index,Log_Y_Index,Steel_Plate_Thickness,Steel_Plate_Thickness,Steel_Plate_Thickness,Steel_Plate_Thickness,Y_Perimeter,Y_Perimeter,Maximum_of_Luminosity,Y_Perimeter
26,V27,Outside_Global_Index,Edges_X_Index,X_Perimeter,Orientation_Index,Log_X_Index,Log_X_Index,Luminosity_Index,Log_X_Index,Edges_Index,Edges_Index,Steel_Plate_Thickness,Edges_Index,Luminosity_Index,Y_Maximum,Pixels_Areas,Log_X_Index,Orientation_Index,Y_Maximum,Dirtiness,Log_X_Index,Log_Y_Index,Log_X_Index,Log_Y_Index,Log_X_Index,Z_Scratch,Z_Scratch,Z_Scratch,Z_Scratch,X_Perimeter,X_Perimeter,Length_of_Conveyer,X_Perimeter
27,V28,Orientation_Index,Edges_Index,Log_Y_Index,Log_Y_Index,LogOfAreas,LogOfAreas,Log_Y_Index,LogOfAreas,Dirtiness,Stains,Dirtiness,Dirtiness,Log_Y_Index,Y_Minimum,Luminosity_Index,LogOfAreas,Luminosity_Index,TypeOfSteel_A400,Maximum_of_Luminosity,LogOfAreas,LogOfAreas,LogOfAreas,Empty_Index,LogOfAreas,Pastry,Pastry,Pastry,Pastry,Pixels_Areas,Pixels_Areas,TypeOfSteel_A300,Pixels_Areas
28,V29,Luminosity_Index,TypeOfSteel_A300,SigmoidOfAreas,Log_X_Index,Length_of_Conveyer,Length_of_Conveyer,LogOfAreas,Length_of_Conveyer,Stains,Dirtiness,Stains,Stains,Log_X_Index,Outside_Global_Index,Edges_X_Index,Length_of_Conveyer,Log_Y_Index,Y_Minimum,Luminosity_Index,Length_of_Conveyer,Dirtiness,Length_of_Conveyer,Y_Minimum,Length_of_Conveyer,Stains,Stains,Stains,Stains,Y_Maximum,Y_Maximum,TypeOfSteel_A400,Y_Maximum
29,V30,Log_Y_Index,Outside_Global_Index,Square_Index,Length_of_Conveyer,Empty_Index,Empty_Index,Empty_Index,Empty_Index,Pastry,Z_Scratch,Z_Scratch,Pastry,LogOfAreas,Orientation_Index,Log_Y_Index,Empty_Index,Log_X_Index,Edges_X_Index,Stains,Empty_Index,Empty_Index,Empty_Index,SigmoidOfAreas,Empty_Index,Dirtiness,Dirtiness,Dirtiness,Dirtiness,Y_Minimum,Y_Minimum,Steel_Plate_Thickness,Y_Minimum
30,V31,Log_X_Index,TypeOfSteel_A400,TypeOfSteel_A300,Empty_Index,Edges_Y_Index,Edges_Y_Index,Edges_Y_Index,Edges_Y_Index,Z_Scratch,Pastry,Pastry,Z_Scratch,Length_of_Conveyer,TypeOfSteel_A400,X_Maximum,Edges_Y_Index,LogOfAreas,Edges_Index,TypeOfSteel_A300,Edges_Y_Index,Y_Perimeter,Edges_Y_Index,Edges_X_Index,Edges_Y_Index,Outside_Global_Index,Outside_Global_Index,Outside_Global_Index,Outside_Global_Index,X_Maximum,X_Maximum,Sum_of_Luminosity,X_Maximum
31,V32,LogOfAreas,Empty_Index,Luminosity_Index,Edges_Y_Index,Edges_X_Index,Edges_X_Index,Edges_X_Index,Edges_X_Index,K_Scatch,K_Scatch,K_Scatch,K_Scatch,Empty_Index,Maximum_of_Luminosity,TypeOfSteel_A400,Edges_X_Index,Empty_Index,Maximum_of_Luminosity,SigmoidOfAreas,Edges_X_Index,Outside_X_Index,Edges_X_Index,Y_Maximum,Edges_X_Index,TypeOfSteel_A400,TypeOfSteel_A400,TypeOfSteel_A400,TypeOfSteel_A400,Empty_Index,Empty_Index,Square_Index,Empty_Index
32,V33,Empty_Index,Maximum_of_Luminosity,Outside_Global_Index,Edges_X_Index,Edges_Index,Edges_Index,Edges_Index,Edges_Index,Bumps,Bumps,Bumps,Bumps,Edges_Y_Index,Empty_Index,Outside_Global_Index,Edges_Index,Edges_Y_Index,Empty_Index,Outside_Global_Index,Edges_Index,Maximum_of_Luminosity,Edges_Index,Luminosity_Index,Edges_Index,TypeOfSteel_A300,TypeOfSteel_A300,TypeOfSteel_A300,TypeOfSteel_A300,Square_Index,Square_Index,Stains,Square_Index
