,Final Score
BRANCH_COUNT,499.9998507118282
HALSTEAD_LENGTH,499.9998507118282
HALSTEAD_LEVEL,499.9998507118282
HALSTEAD_PROG_TIME,499.9998507118282
HALSTEAD_VOLUME,499.9998507118282
MAINTENANCE_SEVERITY,499.9998507118282
MODIFIED_CONDITION_COUNT,499.9998507118282
HALSTEAD_ERROR_EST,499.9998507118282
MULTIPLE_CONDITION_COUNT,499.9998507118282
NORMALIZED_CYLOMATIC_COMPLEXITY,499.9998507118282
NUM_OPERANDS,499.9998507118282
NUM_OPERATORS,499.9998507118282
NUM_UNIQUE_OPERANDS,499.9998507118282
NUM_UNIQUE_OPERATORS,499.9998507118282
NUMBER_OF_LINES,499.9998507118282
NODE_COUNT,499.9998507118282
HALSTEAD_EFFORT,499.9998507118282
HALSTEAD_DIFFICULTY,499.9998507118282
HALSTEAD_CONTENT,499.9998507118282
CALL_PAIRS,499.9998507118282
LOC_CODE_AND_COMMENT,499.9998507118282
LOC_COMMENTS,499.9998507118282
CONDITION_COUNT,499.9998507118282
CYCLOMATIC_COMPLEXITY,499.9998507118282
CYCLOMATIC_DENSITY,499.9998507118282
DECISION_COUNT,499.9998507118282
DECISION_DENSITY,499.9998507118282
DESIGN_COMPLEXITY,499.9998507118282
DESIGN_DENSITY,499.9998507118282
EDGE_COUNT,499.9998507118282
ESSENTIAL_COMPLEXITY,499.9998507118282
ESSENTIAL_DENSITY,499.9998507118282
LOC_EXECUTABLE,499.9998507118282
PARAMETER_COUNT,499.9998507118282
PERCENT_COMMENTS,499.9998507118282
LOC_TOTAL,499.9998507118282
