<oml:data_set_description xmlns:oml="http://openml.org/openml">
  <oml:id>59</oml:id>
  <oml:name>ionosphere</oml:name>
  <oml:version>1</oml:version>
  <oml:description>**Author**: Space Physics Group, Applied Physics Laboratory, Johns Hopkins University. Donated by Vince Sigillito.  
**Source**: [UCI Machine Learning Repository](https://archive.ics.uci.edu/ml/datasets/ionosphere)  
**Please cite**: [UCI](https://archive.ics.uci.edu/ml/citation_policy.html) 

**Johns Hopkins University Ionosphere database**  
This radar data was collected by a system in Goose Bay, Labrador.  This system consists of a phased array of 16 high-frequency antennas with a total transmitted power on the order of 6.4 kilowatts.  See the paper for more details.  

### Attribute information
Received signals were processed using an autocorrelation function whose arguments are the time of a pulse and the pulse number.  There were 17 pulse numbers for the Goose Bay system.  Instances in this database are described by 2 attributes per pulse number, corresponding to the complex values returned by the function resulting from the complex electromagnetic signal.

The targets were free electrons in the ionosphere.  &quot;Good&quot; (g) radar returns are those showing evidence of some type of structure in the ionosphere.  &quot;Bad&quot; (b) returns are those that do not; their signals pass through the ionosphere.  

### Relevant papers  
Sigillito, V. G., Wing, S. P., Hutton, L. V., &amp; Baker, K. B. (1989). Classification of radar returns from the ionosphere using neural networks. Johns Hopkins APL Technical Digest, 10, 262-266.</oml:description>
  <oml:description_version>1</oml:description_version>
  <oml:format>ARFF</oml:format>
  <oml:creator>Space Physics Group of the Applied Physics Laboratory at Johns Hopkins University</oml:creator>     <oml:collection_date>1989-01-01</oml:collection_date>  <oml:upload_date>2014-04-06T23:23:29</oml:upload_date>
  <oml:language>English</oml:language>  <oml:licence>Public</oml:licence>  <oml:url>https://api.openml.org/data/v1/download/59/ionosphere.arff</oml:url>
  <oml:parquet_url>http://openml1.win.tue.nl/dataset59/dataset_59.pq</oml:parquet_url>  <oml:file_id>59</oml:file_id>  <oml:default_target_attribute>class</oml:default_target_attribute>      <oml:version_label>1</oml:version_label>  <oml:citation>https://archive.ics.uci.edu/ml/citation_policy.html</oml:citation>  <oml:tag>mythbusting_1</oml:tag><oml:tag>study_1</oml:tag><oml:tag>study_123</oml:tag><oml:tag>study_15</oml:tag><oml:tag>study_20</oml:tag><oml:tag>study_29</oml:tag><oml:tag>study_30</oml:tag><oml:tag>study_41</oml:tag><oml:tag>study_50</oml:tag><oml:tag>study_52</oml:tag><oml:tag>study_7</oml:tag><oml:tag>study_88</oml:tag><oml:tag>uci</oml:tag>  <oml:visibility>public</oml:visibility>  <oml:original_data_url>http://archive.ics.uci.edu/ml/datasets/Ionosphere</oml:original_data_url>  <oml:paper_url>https://www.jhuapl.edu/Content/techdigest/pdf/V10-N03/10-03-Sigillito_Class.pdf</oml:paper_url>  <oml:minio_url>http://openml1.win.tue.nl/dataset59/dataset_59.pq</oml:minio_url>  <oml:status>active</oml:status>
  <oml:processing_date>2020-11-20 18:47:31</oml:processing_date>      <oml:md5_checksum>23dd3c8b5693e2848901fd1a0248ef42</oml:md5_checksum>
</oml:data_set_description>
