,Final Score
NUM_OPERATORS,114.59130149484436
HALSTEAD_LENGTH,116.28356616411624
DESIGN_COMPLEXITY,117.293741449037
NODE_COUNT,117.43847296386859
PERCENT_COMMENTS,117.73155342302992
LOC_EXECUTABLE,117.90253193267888
EDGE_COUNT,118.02047905468801
HALSTEAD_EFFORT,118.13913162624404
HALSTEAD_PROG_TIME,118.13913162624404
PARAMETER_COUNT,118.13913162624404
ESSENTIAL_DENSITY,118.13913162624404
ESSENTIAL_COMPLEXITY,118.13913162624404
LOC_CODE_AND_COMMENT,118.13913162624404
HALSTEAD_VOLUME,118.13913162624404
HALSTEAD_ERROR_EST,118.13913162624404
MODIFIED_CONDITION_COUNT,118.13913162624404
MULTIPLE_CONDITION_COUNT,118.13913162624404
NUM_OPERANDS,118.13913162624404
BRANCH_COUNT,118.2446302384707
LOC_BLANK,118.2725497156863
NORMALIZED_CYLOMATIC_COMPLEXITY,118.30619334040229
NUMBER_OF_LINES,118.35012885069737
LOC_TOTAL,118.35012885069737
DECISION_DENSITY,118.35012885069742
HALSTEAD_DIFFICULTY,118.41826893229366
NUM_UNIQUE_OPERATORS,118.44905048325938
LOC_COMMENTS,118.4835469401892
CYCLOMATIC_DENSITY,118.52376754453262
DECISION_COUNT,118.56112607515071
CONDITION_COUNT,118.56112607515071
HALSTEAD_LEVEL,118.56112607515075
NUM_UNIQUE_OPERANDS,118.56112607520026
HALSTEAD_CONTENT,118.61976964416355
CALL_PAIRS,118.77212329960415
DESIGN_DENSITY,118.87762191183072
MAINTENANCE_SEVERITY,118.87762191183072
CYCLOMATIC_COMPLEXITY,118.87762191183072
