,Final Score
word_freq_remove,419.01039257844366
word_freq_george,459.0224736729157
capital_run_length_total,463.1211883305779
word_freq_edu,474.84064632092446
char_freq_%21,478.13126362297044
capital_run_length_longest,479.1924902094751
char_freq_%24,482.34830163765344
word_freq_hp,483.8816797703376
capital_run_length_average,485.7250291903613
word_freq_meeting,485.94508933054914
word_freq_hpl,489.2005782452199
word_freq_re,490.2148932459287
word_freq_our,490.6006896904104
word_freq_650,490.8054701252591
word_freq_lab,491.96839179220984
word_freq_free,492.153195231332
word_freq_you,492.21209298657453
word_freq_money,492.48245551421826
word_freq_1999,492.5032350121576
word_freq_000,493.7652618485543
word_freq_85,494.0971779669032
word_freq_font,494.34497904057633
word_freq_cs,494.76241577515066
word_freq_original,494.9227447429636
char_freq_%28,494.99131341807725
word_freq_telnet,495.089730203045
word_freq_will,495.11629490760396
word_freq_all,495.2287498961204
word_freq_credit,495.24017599160663
word_freq_business,495.2773033839845
char_freq_%5B,495.6748057875767
word_freq_project,495.92262944644693
word_freq_people,496.22180979918136
word_freq_data,496.5584645489381
char_freq_%3B,496.6028174021825
word_freq_conference,496.67437733410736
word_freq_receive,496.7497529940213
word_freq_address,496.8365219961985
word_freq_your,496.93599286174265
word_freq_make,496.981676921807
word_freq_report,496.98904629628817
word_freq_857,497.0138381131654
word_freq_order,497.0138381131654
word_freq_parts,497.0138381131654
word_freq_3d,497.0138381131654
word_freq_labs,497.0138381131654
word_freq_table,497.0138381131654
word_freq_415,497.0138381131654
word_freq_pm,497.08176268619366
word_freq_internet,497.1476385854208
word_freq_addresses,497.2182983442455
word_freq_direct,497.2182983442455
word_freq_email,497.22213053898446
word_freq_mail,497.2540617259154
word_freq_technology,497.31240556046896
char_freq_%23,497.36337918745255
word_freq_over,497.52598625482347
