,Final Score
PERCENT_COMMENTS,493.3749830380391
NUM_OPERANDS,499.21071425607704
NORMALIZED_CYLOMATIC_COMPLEXITY,499.3535713841155
HALSTEAD_DIFFICULTY,499.3774661787459
HALSTEAD_CONTENT,499.496428512154
LOC_COMMENTS,499.6392856401925
HALSTEAD_LENGTH,499.9249998962695
HALSTEAD_LEVEL,499.9249998962695
HALSTEAD_PROG_TIME,499.9249998962695
HALSTEAD_VOLUME,499.9249998962695
MAINTENANCE_SEVERITY,499.9249998962695
MULTIPLE_CONDITION_COUNT,499.9249998962695
NODE_COUNT,499.9249998962695
NUM_OPERATORS,499.9249998962695
NUM_UNIQUE_OPERANDS,499.9249998962695
NUM_UNIQUE_OPERATORS,499.9249998962695
NUMBER_OF_LINES,499.9249998962695
MODIFIED_CONDITION_COUNT,499.9249998962695
HALSTEAD_ERROR_EST,499.9249998962695
BRANCH_COUNT,499.9249998962695
PARAMETER_COUNT,499.9249998962695
LOC_EXECUTABLE,499.9249998962695
ESSENTIAL_DENSITY,499.9249998962695
ESSENTIAL_COMPLEXITY,499.9249998962695
EDGE_COUNT,499.9249998962695
DESIGN_DENSITY,499.9249998962695
DESIGN_COMPLEXITY,499.9249998962695
DECISION_DENSITY,499.9249998962695
DECISION_COUNT,499.9249998962695
CYCLOMATIC_DENSITY,499.9249998962695
CYCLOMATIC_COMPLEXITY,499.9249998962695
CONDITION_COUNT,499.9249998962695
LOC_CODE_AND_COMMENT,499.9249998962695
CALL_PAIRS,499.9249998962695
HALSTEAD_EFFORT,499.9249998962695
LOC_TOTAL,499.9249998962695
