,Final Score
HALSTEAD_LEVEL,84.70611479549012
ESSENTIAL_DENSITY,84.70611479549012
EDGE_COUNT,184.3407549815356
NORMALIZED_CYLOMATIC_COMPLEXITY,283.372414014175
HALSTEAD_LENGTH,283.55292705512477
ESSENTIAL_COMPLEXITY,330.8163950202312
LOC_CODE_AND_COMMENT,330.97929788696223
BRANCH_COUNT,332.134001823229
DECISION_COUNT,332.8773211223578
HALSTEAD_EFFORT,365.35589340905835
NUM_UNIQUE_OPERANDS,374.0642081223438
MODIFIED_CONDITION_COUNT,375.4935626233994
PARAMETER_COUNT,382.1242110382304
HALSTEAD_CONTENT,383.06757420808754
CYCLOMATIC_DENSITY,390.0465961934674
LOC_BLANK,405.31932650286865
NUMBER_OF_LINES,413.2421741076449
DECISION_DENSITY,415.1678392201007
HALSTEAD_PROG_TIME,416.40821372828333
HALSTEAD_DIFFICULTY,418.2347497849235
DESIGN_DENSITY,419.43223829678635
MULTIPLE_CONDITION_COUNT,420.61001193818123
MAINTENANCE_SEVERITY,421.1195614721252
NUM_OPERANDS,422.08000423520207
LOC_COMMENTS,422.38349526145146
NUM_UNIQUE_OPERATORS,423.0593773905258
PERCENT_COMMENTS,425.0254685066615
CALL_PAIRS,426.2626176661787
NODE_COUNT,427.8679952001327
HALSTEAD_VOLUME,429.1050681176781
NUM_OPERATORS,429.1807797640898
CONDITION_COUNT,429.5170182598889
DESIGN_COMPLEXITY,429.56957671397134
CYCLOMATIC_COMPLEXITY,429.9597783147418
LOC_EXECUTABLE,430.24986592832687
LOC_TOTAL,430.43009293329465
HALSTEAD_ERROR_EST,431.83811174746216
