,Final Score
LOC_CODE_AND_COMMENT,137.10528464074082
CALL_PAIRS,137.10571349021785
NUM_UNIQUE_OPERANDS,137.10571349021785
BRANCH_COUNT,137.2485702671138
CYCLOMATIC_COMPLEXITY,137.2485702671138
HALSTEAD_LEVEL,137.2485702671138
LOC_EXECUTABLE,137.39142704400976
NUMBER_OF_LINES,137.5342838209057
NUM_OPERATORS,137.5342838209057
HALSTEAD_DIFFICULTY,137.5342838209057
HALSTEAD_PROG_TIME,137.5342838209057
LOC_BLANK,137.8199973746976
HALSTEAD_LENGTH,137.8199973746976
HALSTEAD_VOLUME,137.8199973746976
NORMALIZED_CYLOMATIC_COMPLEXITY,137.8199973746976
MODIFIED_CONDITION_COUNT,137.8199973746976
MULTIPLE_CONDITION_COUNT,137.8199973746976
NODE_COUNT,137.8199973746976
NUM_OPERANDS,137.8199973746976
NUM_UNIQUE_OPERATORS,137.8199973746976
MAINTENANCE_SEVERITY,137.8199973746976
HALSTEAD_ERROR_EST,137.8199973746976
HALSTEAD_CONTENT,137.8199973746976
PERCENT_COMMENTS,137.8199973746976
GLOBAL_DATA_DENSITY,137.8199973746976
GLOBAL_DATA_COMPLEXITY,137.8199973746976
PARAMETER_COUNT,137.8199973746976
ESSENTIAL_DENSITY,137.8199973746976
ESSENTIAL_COMPLEXITY,137.8199973746976
EDGE_COUNT,137.8199973746976
DESIGN_DENSITY,137.8199973746976
DESIGN_COMPLEXITY,137.8199973746976
DECISION_DENSITY,137.8199973746976
DECISION_COUNT,137.8199973746976
CYCLOMATIC_DENSITY,137.8199973746976
CONDITION_COUNT,137.8199973746976
LOC_COMMENTS,137.8199973746976
HALSTEAD_EFFORT,137.8199973746976
LOC_TOTAL,137.8199973746976
