,Final Score
PERCENT_COMMENTS,495.2137326350549
CALL_PAIRS,499.1867142606979
NUM_UNIQUE_OPERANDS,499.1867142606979
NORMALIZED_CYLOMATIC_COMPLEXITY,499.3295713929236
LOC_COMMENTS,499.615285657375
NUM_UNIQUE_OPERATORS,499.615285657375
BRANCH_COUNT,499.9009999218264
HALSTEAD_LENGTH,499.9009999218264
HALSTEAD_LEVEL,499.9009999218264
HALSTEAD_PROG_TIME,499.9009999218264
HALSTEAD_VOLUME,499.9009999218264
MAINTENANCE_SEVERITY,499.9009999218264
NODE_COUNT,499.9009999218264
MULTIPLE_CONDITION_COUNT,499.9009999218264
NUM_OPERANDS,499.9009999218264
NUM_OPERATORS,499.9009999218264
NUMBER_OF_LINES,499.9009999218264
MODIFIED_CONDITION_COUNT,499.9009999218264
HALSTEAD_ERROR_EST,499.9009999218264
HALSTEAD_DIFFICULTY,499.9009999218264
HALSTEAD_CONTENT,499.9009999218264
PARAMETER_COUNT,499.9009999218264
LOC_EXECUTABLE,499.9009999218264
ESSENTIAL_DENSITY,499.9009999218264
ESSENTIAL_COMPLEXITY,499.9009999218264
EDGE_COUNT,499.9009999218264
DESIGN_DENSITY,499.9009999218264
DESIGN_COMPLEXITY,499.9009999218264
DECISION_DENSITY,499.9009999218264
DECISION_COUNT,499.9009999218264
CYCLOMATIC_DENSITY,499.9009999218264
CYCLOMATIC_COMPLEXITY,499.9009999218264
CONDITION_COUNT,499.9009999218264
LOC_CODE_AND_COMMENT,499.9009999218264
HALSTEAD_EFFORT,499.9009999218264
LOC_TOTAL,499.9009999218264
