,Final Score
BRANCH_COUNT,83.78979060004423
HALSTEAD_PROG_TIME,83.78979060004423
ESSENTIAL_DENSITY,83.78979060004423
LOC_CODE_AND_COMMENT,114.25877360920029
NORMALIZED_CYLOMATIC_COMPLEXITY,127.5511159291215
HALSTEAD_VOLUME,130.34527769083215
CONDITION_COUNT,161.018810061498
CALL_PAIRS,176.43422673171648
DESIGN_COMPLEXITY,180.28445685361504
ESSENTIAL_COMPLEXITY,183.1819148957762
HALSTEAD_LEVEL,183.98156308991838
LOC_BLANK,205.83753217146892
PERCENT_COMMENTS,223.38483008024497
LOC_TOTAL,227.61478327966458
HALSTEAD_CONTENT,227.74709232947475
NUM_UNIQUE_OPERANDS,227.82255149083485
DESIGN_DENSITY,228.9797025558523
LOC_EXECUTABLE,230.59739378051117
MODIFIED_CONDITION_COUNT,232.62471630419293
MULTIPLE_CONDITION_COUNT,234.05968723926566
DECISION_COUNT,234.05968723926566
HALSTEAD_ERROR_EST,276.3548683096465
PARAMETER_COUNT,280.7228344662896
CYCLOMATIC_DENSITY,313.3051597845607
LOC_COMMENTS,317.3189853626532
MAINTENANCE_SEVERITY,323.5109656047926
NUM_UNIQUE_OPERATORS,324.55476606562905
NUM_OPERANDS,328.95056696224776
HALSTEAD_LENGTH,332.7901531663128
NODE_COUNT,333.1361087144478
NUMBER_OF_LINES,379.4015477981179
HALSTEAD_EFFORT,381.3023726183467
DECISION_DENSITY,383.65758689602933
NUM_OPERATORS,428.8445818539564
CYCLOMATIC_COMPLEXITY,430.27973290875616
EDGE_COUNT,432.95338712893704
HALSTEAD_DIFFICULTY,433.3634162287086
