,Final Score
Bumps,305.9828329905427
Z_Scratch,423.8673687895964
K_Scatch,426.8889597408075
Pastry,437.977556433733
Dirtiness,494.665918580566
SigmoidOfAreas,497.3654786561327
Luminosity_Index,497.3654786561327
Orientation_Index,497.3654786561327
Log_Y_Index,497.3654786561327
Log_X_Index,497.3654786561327
LogOfAreas,497.3654786561327
Outside_Global_Index,497.3654786561327
Edges_Y_Index,497.3654786561327
Edges_X_Index,497.3654786561327
Outside_X_Index,497.3654786561327
X_Minimum,497.3654786561327
Edges_Index,497.3654786561327
X_Maximum,497.3654786561327
Y_Minimum,497.3654786561327
Y_Maximum,497.3654786561327
Pixels_Areas,497.3654786561327
X_Perimeter,497.3654786561327
Empty_Index,497.3654786561327
Y_Perimeter,497.3654786561327
Minimum_of_Luminosity,497.3654786561327
Maximum_of_Luminosity,497.3654786561327
Length_of_Conveyer,497.3654786561327
TypeOfSteel_A300,497.3654786561327
TypeOfSteel_A400,497.3654786561327
Steel_Plate_Thickness,497.3654786561327
Sum_of_Luminosity,497.3654786561327
Square_Index,497.3654786561327
Stains,498.3545963879688
