,Final Score
Bumps,342.6589515160683
K_Scatch,350.42886402274337
Z_Scratch,375.33291134034
Pastry,384.98070143414975
Stains,426.8639086535129
Dirtiness,430.25344637277624
SigmoidOfAreas,498.33344068417006
Luminosity_Index,498.33344068417006
Orientation_Index,498.33344068417006
Log_Y_Index,498.33344068417006
Log_X_Index,498.33344068417006
LogOfAreas,498.33344068417006
Outside_Global_Index,498.33344068417006
Edges_Y_Index,498.33344068417006
Edges_X_Index,498.33344068417006
Outside_X_Index,498.33344068417006
X_Minimum,498.33344068417006
Edges_Index,498.33344068417006
Steel_Plate_Thickness,498.33344068417006
TypeOfSteel_A400,498.33344068417006
TypeOfSteel_A300,498.33344068417006
Length_of_Conveyer,498.33344068417006
Maximum_of_Luminosity,498.33344068417006
Minimum_of_Luminosity,498.33344068417006
Sum_of_Luminosity,498.33344068417006
Y_Perimeter,498.33344068417006
X_Perimeter,498.33344068417006
Pixels_Areas,498.33344068417006
Y_Maximum,498.33344068417006
Y_Minimum,498.33344068417006
X_Maximum,498.33344068417006
Empty_Index,498.33344068417006
Square_Index,498.33344068417006
