,Final Score
LOC_BLANK,457.4384768349562
DECISION_DENSITY,458.6228560288958
LOC_COMMENTS,459.30162510284725
LOC_CODE_AND_COMMENT,459.5420872409605
HALSTEAD_CONTENT,459.54253016397644
PERCENT_COMMENTS,460.68442800385105
PARAMETER_COUNT,462.0272047906282
NUM_UNIQUE_OPERANDS,463.5553536170557
LOC_EXECUTABLE,463.5796298940074
HALSTEAD_DIFFICULTY,463.63567574637676
NUM_UNIQUE_OPERATORS,463.9456344079476
HALSTEAD_EFFORT,464.4881994359375
NUM_OPERATORS,464.8980879707713
NUMBER_OF_LINES,465.25164335337587
NUM_OPERANDS,465.29906001605445
ESSENTIAL_DENSITY,465.29957276900143
DESIGN_DENSITY,465.3467182610276
HALSTEAD_LENGTH,465.3578980466316
CALL_PAIRS,465.4303164220817
HALSTEAD_LEVEL,465.59270075161993
MODIFIED_CONDITION_COUNT,465.6161908115715
HALSTEAD_PROG_TIME,465.66230704872015
HALSTEAD_VOLUME,465.7000320613376
CONDITION_COUNT,465.72046856747835
ESSENTIAL_COMPLEXITY,465.73772091631787
NODE_COUNT,465.7420299865392
BRANCH_COUNT,465.758373656933
NORMALIZED_CYLOMATIC_COMPLEXITY,465.8313934501616
DECISION_COUNT,465.9564305048308
EDGE_COUNT,465.9642392106026
HALSTEAD_ERROR_EST,465.9996510314898
CYCLOMATIC_DENSITY,466.0303767749389
LOC_TOTAL,466.0380642399667
MULTIPLE_CONDITION_COUNT,466.14058919770855
CYCLOMATIC_COMPLEXITY,466.1773319398012
MAINTENANCE_SEVERITY,466.29927000164207
DESIGN_COMPLEXITY,466.3122653466345
