,Final Score
LOC_CODE_AND_COMMENT,130.54051371240547
BRANCH_COUNT,131.99984362833584
ESSENTIAL_COMPLEXITY,134.26477208259095
HALSTEAD_EFFORT,134.44186750065916
GLOBAL_DATA_DENSITY,134.46331279211347
HALSTEAD_CONTENT,135.7254901353923
CYCLOMATIC_COMPLEXITY,135.7957560562318
MAINTENANCE_SEVERITY,136.08941696696573
NUM_OPERANDS,136.47111977130234
NUMBER_OF_LINES,136.52938537471408
LOC_BLANK,136.6177044193521
DECISION_COUNT,136.79707907602668
LOC_COMMENTS,137.0563320821299
PERCENT_COMMENTS,137.0564198847206
HALSTEAD_DIFFICULTY,137.2260733650773
NORMALIZED_CYLOMATIC_COMPLEXITY,137.4257386264593
PARAMETER_COUNT,137.5751015021085
DESIGN_DENSITY,137.83444231080247
CALL_PAIRS,137.83444231080247
NUM_UNIQUE_OPERATORS,137.83444231080247
NUM_UNIQUE_OPERANDS,137.83444231080247
NUM_OPERATORS,137.83444231080247
NODE_COUNT,137.83444231080247
MULTIPLE_CONDITION_COUNT,137.83444231080247
MODIFIED_CONDITION_COUNT,137.83444231080247
CONDITION_COUNT,137.83444231080247
HALSTEAD_LEVEL,137.83444231080247
HALSTEAD_PROG_TIME,137.83444231080247
DESIGN_COMPLEXITY,137.83444231080247
HALSTEAD_LENGTH,137.83444231080247
HALSTEAD_ERROR_EST,137.83444231080247
CYCLOMATIC_DENSITY,137.83444231080247
GLOBAL_DATA_COMPLEXITY,137.83444231080247
LOC_EXECUTABLE,137.83444231080247
ESSENTIAL_DENSITY,137.83444231080247
DECISION_DENSITY,137.83444231080247
EDGE_COUNT,137.83444231080247
HALSTEAD_VOLUME,137.83444231080247
LOC_TOTAL,137.83444231080247
