<oml:data_features xmlns:oml="http://openml.org/openml">
    <oml:feature>
    <oml:index>0</oml:index>
    <oml:name>attribute_1</oml:name>
    <oml:data_type>numeric</oml:data_type>
        <oml:is_target>false</oml:is_target>
    <oml:is_ignore>false</oml:is_ignore>
    <oml:is_row_identifier>false</oml:is_row_identifier>
    <oml:number_of_missing_values>0</oml:number_of_missing_values>
  </oml:feature>
    <oml:feature>
    <oml:index>1</oml:index>
    <oml:name>attribute_2</oml:name>
    <oml:data_type>numeric</oml:data_type>
        <oml:is_target>false</oml:is_target>
    <oml:is_ignore>false</oml:is_ignore>
    <oml:is_row_identifier>false</oml:is_row_identifier>
    <oml:number_of_missing_values>0</oml:number_of_missing_values>
  </oml:feature>
    <oml:feature>
    <oml:index>2</oml:index>
    <oml:name>attribute_3</oml:name>
    <oml:data_type>numeric</oml:data_type>
        <oml:is_target>false</oml:is_target>
    <oml:is_ignore>false</oml:is_ignore>
    <oml:is_row_identifier>false</oml:is_row_identifier>
    <oml:number_of_missing_values>0</oml:number_of_missing_values>
  </oml:feature>
    <oml:feature>
    <oml:index>3</oml:index>
    <oml:name>attribute_4</oml:name>
    <oml:data_type>numeric</oml:data_type>
        <oml:is_target>false</oml:is_target>
    <oml:is_ignore>false</oml:is_ignore>
    <oml:is_row_identifier>false</oml:is_row_identifier>
    <oml:number_of_missing_values>0</oml:number_of_missing_values>
  </oml:feature>
    <oml:feature>
    <oml:index>4</oml:index>
    <oml:name>attribute_5</oml:name>
    <oml:data_type>numeric</oml:data_type>
        <oml:is_target>false</oml:is_target>
    <oml:is_ignore>false</oml:is_ignore>
    <oml:is_row_identifier>false</oml:is_row_identifier>
    <oml:number_of_missing_values>0</oml:number_of_missing_values>
  </oml:feature>
    <oml:feature>
    <oml:index>5</oml:index>
    <oml:name>attribute_6</oml:name>
    <oml:data_type>numeric</oml:data_type>
        <oml:is_target>false</oml:is_target>
    <oml:is_ignore>false</oml:is_ignore>
    <oml:is_row_identifier>false</oml:is_row_identifier>
    <oml:number_of_missing_values>0</oml:number_of_missing_values>
  </oml:feature>
    <oml:feature>
    <oml:index>6</oml:index>
    <oml:name>attribute_7</oml:name>
    <oml:data_type>numeric</oml:data_type>
        <oml:is_target>false</oml:is_target>
    <oml:is_ignore>false</oml:is_ignore>
    <oml:is_row_identifier>false</oml:is_row_identifier>
    <oml:number_of_missing_values>0</oml:number_of_missing_values>
  </oml:feature>
    <oml:feature>
    <oml:index>7</oml:index>
    <oml:name>attribute_8</oml:name>
    <oml:data_type>numeric</oml:data_type>
        <oml:is_target>false</oml:is_target>
    <oml:is_ignore>false</oml:is_ignore>
    <oml:is_row_identifier>false</oml:is_row_identifier>
    <oml:number_of_missing_values>0</oml:number_of_missing_values>
  </oml:feature>
    <oml:feature>
    <oml:index>8</oml:index>
    <oml:name>attribute_9</oml:name>
    <oml:data_type>numeric</oml:data_type>
        <oml:is_target>false</oml:is_target>
    <oml:is_ignore>false</oml:is_ignore>
    <oml:is_row_identifier>false</oml:is_row_identifier>
    <oml:number_of_missing_values>0</oml:number_of_missing_values>
  </oml:feature>
    <oml:feature>
    <oml:index>9</oml:index>
    <oml:name>attribute_10</oml:name>
    <oml:data_type>numeric</oml:data_type>
        <oml:is_target>false</oml:is_target>
    <oml:is_ignore>false</oml:is_ignore>
    <oml:is_row_identifier>false</oml:is_row_identifier>
    <oml:number_of_missing_values>0</oml:number_of_missing_values>
  </oml:feature>
    <oml:feature>
    <oml:index>10</oml:index>
    <oml:name>attribute_11</oml:name>
    <oml:data_type>numeric</oml:data_type>
        <oml:is_target>false</oml:is_target>
    <oml:is_ignore>false</oml:is_ignore>
    <oml:is_row_identifier>false</oml:is_row_identifier>
    <oml:number_of_missing_values>0</oml:number_of_missing_values>
  </oml:feature>
    <oml:feature>
    <oml:index>11</oml:index>
    <oml:name>attribute_12</oml:name>
    <oml:data_type>numeric</oml:data_type>
        <oml:is_target>false</oml:is_target>
    <oml:is_ignore>false</oml:is_ignore>
    <oml:is_row_identifier>false</oml:is_row_identifier>
    <oml:number_of_missing_values>0</oml:number_of_missing_values>
  </oml:feature>
    <oml:feature>
    <oml:index>12</oml:index>
    <oml:name>attribute_13</oml:name>
    <oml:data_type>numeric</oml:data_type>
        <oml:is_target>false</oml:is_target>
    <oml:is_ignore>false</oml:is_ignore>
    <oml:is_row_identifier>false</oml:is_row_identifier>
    <oml:number_of_missing_values>0</oml:number_of_missing_values>
  </oml:feature>
    <oml:feature>
    <oml:index>13</oml:index>
    <oml:name>attribute_14</oml:name>
    <oml:data_type>numeric</oml:data_type>
        <oml:is_target>false</oml:is_target>
    <oml:is_ignore>false</oml:is_ignore>
    <oml:is_row_identifier>false</oml:is_row_identifier>
    <oml:number_of_missing_values>0</oml:number_of_missing_values>
  </oml:feature>
    <oml:feature>
    <oml:index>14</oml:index>
    <oml:name>attribute_15</oml:name>
    <oml:data_type>numeric</oml:data_type>
        <oml:is_target>false</oml:is_target>
    <oml:is_ignore>false</oml:is_ignore>
    <oml:is_row_identifier>false</oml:is_row_identifier>
    <oml:number_of_missing_values>0</oml:number_of_missing_values>
  </oml:feature>
    <oml:feature>
    <oml:index>15</oml:index>
    <oml:name>attribute_16</oml:name>
    <oml:data_type>numeric</oml:data_type>
        <oml:is_target>false</oml:is_target>
    <oml:is_ignore>false</oml:is_ignore>
    <oml:is_row_identifier>false</oml:is_row_identifier>
    <oml:number_of_missing_values>0</oml:number_of_missing_values>
  </oml:feature>
    <oml:feature>
    <oml:index>16</oml:index>
    <oml:name>attribute_17</oml:name>
    <oml:data_type>numeric</oml:data_type>
        <oml:is_target>false</oml:is_target>
    <oml:is_ignore>false</oml:is_ignore>
    <oml:is_row_identifier>false</oml:is_row_identifier>
    <oml:number_of_missing_values>0</oml:number_of_missing_values>
  </oml:feature>
    <oml:feature>
    <oml:index>17</oml:index>
    <oml:name>attribute_18</oml:name>
    <oml:data_type>numeric</oml:data_type>
        <oml:is_target>false</oml:is_target>
    <oml:is_ignore>false</oml:is_ignore>
    <oml:is_row_identifier>false</oml:is_row_identifier>
    <oml:number_of_missing_values>0</oml:number_of_missing_values>
  </oml:feature>
    <oml:feature>
    <oml:index>18</oml:index>
    <oml:name>attribute_19</oml:name>
    <oml:data_type>numeric</oml:data_type>
        <oml:is_target>false</oml:is_target>
    <oml:is_ignore>false</oml:is_ignore>
    <oml:is_row_identifier>false</oml:is_row_identifier>
    <oml:number_of_missing_values>0</oml:number_of_missing_values>
  </oml:feature>
    <oml:feature>
    <oml:index>19</oml:index>
    <oml:name>attribute_20</oml:name>
    <oml:data_type>numeric</oml:data_type>
        <oml:is_target>false</oml:is_target>
    <oml:is_ignore>false</oml:is_ignore>
    <oml:is_row_identifier>false</oml:is_row_identifier>
    <oml:number_of_missing_values>0</oml:number_of_missing_values>
  </oml:feature>
    <oml:feature>
    <oml:index>20</oml:index>
    <oml:name>attribute_21</oml:name>
    <oml:data_type>numeric</oml:data_type>
        <oml:is_target>false</oml:is_target>
    <oml:is_ignore>false</oml:is_ignore>
    <oml:is_row_identifier>false</oml:is_row_identifier>
    <oml:number_of_missing_values>0</oml:number_of_missing_values>
  </oml:feature>
    <oml:feature>
    <oml:index>21</oml:index>
    <oml:name>attribute_22</oml:name>
    <oml:data_type>numeric</oml:data_type>
        <oml:is_target>false</oml:is_target>
    <oml:is_ignore>false</oml:is_ignore>
    <oml:is_row_identifier>false</oml:is_row_identifier>
    <oml:number_of_missing_values>0</oml:number_of_missing_values>
  </oml:feature>
    <oml:feature>
    <oml:index>22</oml:index>
    <oml:name>attribute_23</oml:name>
    <oml:data_type>numeric</oml:data_type>
        <oml:is_target>false</oml:is_target>
    <oml:is_ignore>false</oml:is_ignore>
    <oml:is_row_identifier>false</oml:is_row_identifier>
    <oml:number_of_missing_values>0</oml:number_of_missing_values>
  </oml:feature>
    <oml:feature>
    <oml:index>23</oml:index>
    <oml:name>attribute_24</oml:name>
    <oml:data_type>numeric</oml:data_type>
        <oml:is_target>false</oml:is_target>
    <oml:is_ignore>false</oml:is_ignore>
    <oml:is_row_identifier>false</oml:is_row_identifier>
    <oml:number_of_missing_values>0</oml:number_of_missing_values>
  </oml:feature>
    <oml:feature>
    <oml:index>24</oml:index>
    <oml:name>attribute_25</oml:name>
    <oml:data_type>numeric</oml:data_type>
        <oml:is_target>false</oml:is_target>
    <oml:is_ignore>false</oml:is_ignore>
    <oml:is_row_identifier>false</oml:is_row_identifier>
    <oml:number_of_missing_values>0</oml:number_of_missing_values>
  </oml:feature>
    <oml:feature>
    <oml:index>25</oml:index>
    <oml:name>attribute_26</oml:name>
    <oml:data_type>numeric</oml:data_type>
        <oml:is_target>false</oml:is_target>
    <oml:is_ignore>false</oml:is_ignore>
    <oml:is_row_identifier>false</oml:is_row_identifier>
    <oml:number_of_missing_values>0</oml:number_of_missing_values>
  </oml:feature>
    <oml:feature>
    <oml:index>26</oml:index>
    <oml:name>attribute_27</oml:name>
    <oml:data_type>numeric</oml:data_type>
        <oml:is_target>false</oml:is_target>
    <oml:is_ignore>false</oml:is_ignore>
    <oml:is_row_identifier>false</oml:is_row_identifier>
    <oml:number_of_missing_values>0</oml:number_of_missing_values>
  </oml:feature>
    <oml:feature>
    <oml:index>27</oml:index>
    <oml:name>attribute_28</oml:name>
    <oml:data_type>numeric</oml:data_type>
        <oml:is_target>false</oml:is_target>
    <oml:is_ignore>false</oml:is_ignore>
    <oml:is_row_identifier>false</oml:is_row_identifier>
    <oml:number_of_missing_values>0</oml:number_of_missing_values>
  </oml:feature>
    <oml:feature>
    <oml:index>28</oml:index>
    <oml:name>attribute_29</oml:name>
    <oml:data_type>numeric</oml:data_type>
        <oml:is_target>false</oml:is_target>
    <oml:is_ignore>false</oml:is_ignore>
    <oml:is_row_identifier>false</oml:is_row_identifier>
    <oml:number_of_missing_values>0</oml:number_of_missing_values>
  </oml:feature>
    <oml:feature>
    <oml:index>29</oml:index>
    <oml:name>attribute_30</oml:name>
    <oml:data_type>numeric</oml:data_type>
        <oml:is_target>false</oml:is_target>
    <oml:is_ignore>false</oml:is_ignore>
    <oml:is_row_identifier>false</oml:is_row_identifier>
    <oml:number_of_missing_values>0</oml:number_of_missing_values>
  </oml:feature>
    <oml:feature>
    <oml:index>30</oml:index>
    <oml:name>attribute_31</oml:name>
    <oml:data_type>numeric</oml:data_type>
        <oml:is_target>false</oml:is_target>
    <oml:is_ignore>false</oml:is_ignore>
    <oml:is_row_identifier>false</oml:is_row_identifier>
    <oml:number_of_missing_values>0</oml:number_of_missing_values>
  </oml:feature>
    <oml:feature>
    <oml:index>31</oml:index>
    <oml:name>attribute_32</oml:name>
    <oml:data_type>numeric</oml:data_type>
        <oml:is_target>false</oml:is_target>
    <oml:is_ignore>false</oml:is_ignore>
    <oml:is_row_identifier>false</oml:is_row_identifier>
    <oml:number_of_missing_values>0</oml:number_of_missing_values>
  </oml:feature>
    <oml:feature>
    <oml:index>32</oml:index>
    <oml:name>attribute_33</oml:name>
    <oml:data_type>numeric</oml:data_type>
        <oml:is_target>false</oml:is_target>
    <oml:is_ignore>false</oml:is_ignore>
    <oml:is_row_identifier>false</oml:is_row_identifier>
    <oml:number_of_missing_values>0</oml:number_of_missing_values>
  </oml:feature>
    <oml:feature>
    <oml:index>33</oml:index>
    <oml:name>attribute_34</oml:name>
    <oml:data_type>numeric</oml:data_type>
        <oml:is_target>false</oml:is_target>
    <oml:is_ignore>false</oml:is_ignore>
    <oml:is_row_identifier>false</oml:is_row_identifier>
    <oml:number_of_missing_values>0</oml:number_of_missing_values>
  </oml:feature>
    <oml:feature>
    <oml:index>34</oml:index>
    <oml:name>attribute_35</oml:name>
    <oml:data_type>numeric</oml:data_type>
        <oml:is_target>false</oml:is_target>
    <oml:is_ignore>false</oml:is_ignore>
    <oml:is_row_identifier>false</oml:is_row_identifier>
    <oml:number_of_missing_values>0</oml:number_of_missing_values>
  </oml:feature>
    <oml:feature>
    <oml:index>35</oml:index>
    <oml:name>attribute_36</oml:name>
    <oml:data_type>numeric</oml:data_type>
        <oml:is_target>false</oml:is_target>
    <oml:is_ignore>false</oml:is_ignore>
    <oml:is_row_identifier>false</oml:is_row_identifier>
    <oml:number_of_missing_values>0</oml:number_of_missing_values>
  </oml:feature>
    <oml:feature>
    <oml:index>36</oml:index>
    <oml:name>attribute_37</oml:name>
    <oml:data_type>numeric</oml:data_type>
        <oml:is_target>false</oml:is_target>
    <oml:is_ignore>false</oml:is_ignore>
    <oml:is_row_identifier>false</oml:is_row_identifier>
    <oml:number_of_missing_values>0</oml:number_of_missing_values>
  </oml:feature>
    <oml:feature>
    <oml:index>37</oml:index>
    <oml:name>attribute_38</oml:name>
    <oml:data_type>numeric</oml:data_type>
        <oml:is_target>false</oml:is_target>
    <oml:is_ignore>false</oml:is_ignore>
    <oml:is_row_identifier>false</oml:is_row_identifier>
    <oml:number_of_missing_values>0</oml:number_of_missing_values>
  </oml:feature>
    <oml:feature>
    <oml:index>38</oml:index>
    <oml:name>attribute_39</oml:name>
    <oml:data_type>numeric</oml:data_type>
        <oml:is_target>false</oml:is_target>
    <oml:is_ignore>false</oml:is_ignore>
    <oml:is_row_identifier>false</oml:is_row_identifier>
    <oml:number_of_missing_values>0</oml:number_of_missing_values>
  </oml:feature>
    <oml:feature>
    <oml:index>39</oml:index>
    <oml:name>attribute_40</oml:name>
    <oml:data_type>numeric</oml:data_type>
        <oml:is_target>false</oml:is_target>
    <oml:is_ignore>false</oml:is_ignore>
    <oml:is_row_identifier>false</oml:is_row_identifier>
    <oml:number_of_missing_values>0</oml:number_of_missing_values>
  </oml:feature>
    <oml:feature>
    <oml:index>40</oml:index>
    <oml:name>attribute_41</oml:name>
    <oml:data_type>numeric</oml:data_type>
        <oml:is_target>false</oml:is_target>
    <oml:is_ignore>false</oml:is_ignore>
    <oml:is_row_identifier>false</oml:is_row_identifier>
    <oml:number_of_missing_values>0</oml:number_of_missing_values>
  </oml:feature>
    <oml:feature>
    <oml:index>41</oml:index>
    <oml:name>attribute_42</oml:name>
    <oml:data_type>numeric</oml:data_type>
        <oml:is_target>false</oml:is_target>
    <oml:is_ignore>false</oml:is_ignore>
    <oml:is_row_identifier>false</oml:is_row_identifier>
    <oml:number_of_missing_values>0</oml:number_of_missing_values>
  </oml:feature>
    <oml:feature>
    <oml:index>42</oml:index>
    <oml:name>attribute_43</oml:name>
    <oml:data_type>numeric</oml:data_type>
        <oml:is_target>false</oml:is_target>
    <oml:is_ignore>false</oml:is_ignore>
    <oml:is_row_identifier>false</oml:is_row_identifier>
    <oml:number_of_missing_values>0</oml:number_of_missing_values>
  </oml:feature>
    <oml:feature>
    <oml:index>43</oml:index>
    <oml:name>attribute_44</oml:name>
    <oml:data_type>numeric</oml:data_type>
        <oml:is_target>false</oml:is_target>
    <oml:is_ignore>false</oml:is_ignore>
    <oml:is_row_identifier>false</oml:is_row_identifier>
    <oml:number_of_missing_values>0</oml:number_of_missing_values>
  </oml:feature>
    <oml:feature>
    <oml:index>44</oml:index>
    <oml:name>attribute_45</oml:name>
    <oml:data_type>numeric</oml:data_type>
        <oml:is_target>false</oml:is_target>
    <oml:is_ignore>false</oml:is_ignore>
    <oml:is_row_identifier>false</oml:is_row_identifier>
    <oml:number_of_missing_values>0</oml:number_of_missing_values>
  </oml:feature>
    <oml:feature>
    <oml:index>45</oml:index>
    <oml:name>attribute_46</oml:name>
    <oml:data_type>numeric</oml:data_type>
        <oml:is_target>false</oml:is_target>
    <oml:is_ignore>false</oml:is_ignore>
    <oml:is_row_identifier>false</oml:is_row_identifier>
    <oml:number_of_missing_values>0</oml:number_of_missing_values>
  </oml:feature>
    <oml:feature>
    <oml:index>46</oml:index>
    <oml:name>attribute_47</oml:name>
    <oml:data_type>numeric</oml:data_type>
        <oml:is_target>false</oml:is_target>
    <oml:is_ignore>false</oml:is_ignore>
    <oml:is_row_identifier>false</oml:is_row_identifier>
    <oml:number_of_missing_values>0</oml:number_of_missing_values>
  </oml:feature>
    <oml:feature>
    <oml:index>47</oml:index>
    <oml:name>attribute_48</oml:name>
    <oml:data_type>numeric</oml:data_type>
        <oml:is_target>false</oml:is_target>
    <oml:is_ignore>false</oml:is_ignore>
    <oml:is_row_identifier>false</oml:is_row_identifier>
    <oml:number_of_missing_values>0</oml:number_of_missing_values>
  </oml:feature>
    <oml:feature>
    <oml:index>48</oml:index>
    <oml:name>attribute_49</oml:name>
    <oml:data_type>numeric</oml:data_type>
        <oml:is_target>false</oml:is_target>
    <oml:is_ignore>false</oml:is_ignore>
    <oml:is_row_identifier>false</oml:is_row_identifier>
    <oml:number_of_missing_values>0</oml:number_of_missing_values>
  </oml:feature>
    <oml:feature>
    <oml:index>49</oml:index>
    <oml:name>attribute_50</oml:name>
    <oml:data_type>numeric</oml:data_type>
        <oml:is_target>false</oml:is_target>
    <oml:is_ignore>false</oml:is_ignore>
    <oml:is_row_identifier>false</oml:is_row_identifier>
    <oml:number_of_missing_values>0</oml:number_of_missing_values>
  </oml:feature>
    <oml:feature>
    <oml:index>50</oml:index>
    <oml:name>attribute_51</oml:name>
    <oml:data_type>numeric</oml:data_type>
        <oml:is_target>false</oml:is_target>
    <oml:is_ignore>false</oml:is_ignore>
    <oml:is_row_identifier>false</oml:is_row_identifier>
    <oml:number_of_missing_values>0</oml:number_of_missing_values>
  </oml:feature>
    <oml:feature>
    <oml:index>51</oml:index>
    <oml:name>attribute_52</oml:name>
    <oml:data_type>numeric</oml:data_type>
        <oml:is_target>false</oml:is_target>
    <oml:is_ignore>false</oml:is_ignore>
    <oml:is_row_identifier>false</oml:is_row_identifier>
    <oml:number_of_missing_values>0</oml:number_of_missing_values>
  </oml:feature>
    <oml:feature>
    <oml:index>52</oml:index>
    <oml:name>attribute_53</oml:name>
    <oml:data_type>numeric</oml:data_type>
        <oml:is_target>false</oml:is_target>
    <oml:is_ignore>false</oml:is_ignore>
    <oml:is_row_identifier>false</oml:is_row_identifier>
    <oml:number_of_missing_values>0</oml:number_of_missing_values>
  </oml:feature>
    <oml:feature>
    <oml:index>53</oml:index>
    <oml:name>attribute_54</oml:name>
    <oml:data_type>numeric</oml:data_type>
        <oml:is_target>false</oml:is_target>
    <oml:is_ignore>false</oml:is_ignore>
    <oml:is_row_identifier>false</oml:is_row_identifier>
    <oml:number_of_missing_values>0</oml:number_of_missing_values>
  </oml:feature>
    <oml:feature>
    <oml:index>54</oml:index>
    <oml:name>attribute_55</oml:name>
    <oml:data_type>numeric</oml:data_type>
        <oml:is_target>false</oml:is_target>
    <oml:is_ignore>false</oml:is_ignore>
    <oml:is_row_identifier>false</oml:is_row_identifier>
    <oml:number_of_missing_values>0</oml:number_of_missing_values>
  </oml:feature>
    <oml:feature>
    <oml:index>55</oml:index>
    <oml:name>attribute_56</oml:name>
    <oml:data_type>numeric</oml:data_type>
        <oml:is_target>false</oml:is_target>
    <oml:is_ignore>false</oml:is_ignore>
    <oml:is_row_identifier>false</oml:is_row_identifier>
    <oml:number_of_missing_values>0</oml:number_of_missing_values>
  </oml:feature>
    <oml:feature>
    <oml:index>56</oml:index>
    <oml:name>attribute_57</oml:name>
    <oml:data_type>numeric</oml:data_type>
        <oml:is_target>false</oml:is_target>
    <oml:is_ignore>false</oml:is_ignore>
    <oml:is_row_identifier>false</oml:is_row_identifier>
    <oml:number_of_missing_values>0</oml:number_of_missing_values>
  </oml:feature>
    <oml:feature>
    <oml:index>57</oml:index>
    <oml:name>attribute_58</oml:name>
    <oml:data_type>numeric</oml:data_type>
        <oml:is_target>false</oml:is_target>
    <oml:is_ignore>false</oml:is_ignore>
    <oml:is_row_identifier>false</oml:is_row_identifier>
    <oml:number_of_missing_values>0</oml:number_of_missing_values>
  </oml:feature>
    <oml:feature>
    <oml:index>58</oml:index>
    <oml:name>attribute_59</oml:name>
    <oml:data_type>numeric</oml:data_type>
        <oml:is_target>false</oml:is_target>
    <oml:is_ignore>false</oml:is_ignore>
    <oml:is_row_identifier>false</oml:is_row_identifier>
    <oml:number_of_missing_values>0</oml:number_of_missing_values>
  </oml:feature>
    <oml:feature>
    <oml:index>59</oml:index>
    <oml:name>attribute_60</oml:name>
    <oml:data_type>numeric</oml:data_type>
        <oml:is_target>false</oml:is_target>
    <oml:is_ignore>false</oml:is_ignore>
    <oml:is_row_identifier>false</oml:is_row_identifier>
    <oml:number_of_missing_values>0</oml:number_of_missing_values>
  </oml:feature>
    <oml:feature>
    <oml:index>60</oml:index>
    <oml:name>Class</oml:name>
    <oml:data_type>nominal</oml:data_type>
          <oml:nominal_value>Mine</oml:nominal_value>
          <oml:nominal_value>Rock</oml:nominal_value>
        <oml:is_target>true</oml:is_target>
    <oml:is_ignore>false</oml:is_ignore>
    <oml:is_row_identifier>false</oml:is_row_identifier>
    <oml:number_of_missing_values>0</oml:number_of_missing_values>
  </oml:feature>
  </oml:data_features>
