<oml:data_qualities xmlns:oml="http://openml.org/openml">
        
  <oml:quality  >
    <oml:name>AutoCorrelation</oml:name>
      <oml:value>0.9951690821256038</oml:value>
    </oml:quality>
        
  <oml:quality  >
    <oml:name>CfsSubsetEval_DecisionStumpAUC</oml:name>
      <oml:value>0.6522243893377914</oml:value>
    </oml:quality>
        
  <oml:quality  >
    <oml:name>CfsSubsetEval_DecisionStumpErrRate</oml:name>
      <oml:value>0.3701923076923077</oml:value>
    </oml:quality>
        
  <oml:quality  >
    <oml:name>CfsSubsetEval_DecisionStumpKappa</oml:name>
      <oml:value>0.25769373377827204</oml:value>
    </oml:quality>
        
  <oml:quality  >
    <oml:name>CfsSubsetEval_NaiveBayesAUC</oml:name>
      <oml:value>0.6522243893377914</oml:value>
    </oml:quality>
        
  <oml:quality  >
    <oml:name>CfsSubsetEval_NaiveBayesErrRate</oml:name>
      <oml:value>0.3701923076923077</oml:value>
    </oml:quality>
        
  <oml:quality  >
    <oml:name>CfsSubsetEval_NaiveBayesKappa</oml:name>
      <oml:value>0.25769373377827204</oml:value>
    </oml:quality>
        
  <oml:quality  >
    <oml:name>CfsSubsetEval_kNN1NAUC</oml:name>
      <oml:value>0.6522243893377914</oml:value>
    </oml:quality>
        
  <oml:quality  >
    <oml:name>CfsSubsetEval_kNN1NErrRate</oml:name>
      <oml:value>0.3701923076923077</oml:value>
    </oml:quality>
        
  <oml:quality  >
    <oml:name>CfsSubsetEval_kNN1NKappa</oml:name>
      <oml:value>0.25769373377827204</oml:value>
    </oml:quality>
        
  <oml:quality  >
    <oml:name>ClassEntropy</oml:name>
      <oml:value>0.9967295890208367</oml:value>
    </oml:quality>
        
  <oml:quality  >
    <oml:name>DecisionStumpAUC</oml:name>
      <oml:value>0.6475805702609827</oml:value>
    </oml:quality>
        
  <oml:quality  >
    <oml:name>DecisionStumpErrRate</oml:name>
      <oml:value>0.33653846153846156</oml:value>
    </oml:quality>
        
  <oml:quality  >
    <oml:name>DecisionStumpKappa</oml:name>
      <oml:value>0.3131427493159732</oml:value>
    </oml:quality>
        
  <oml:quality  >
    <oml:name>Dimensionality</oml:name>
      <oml:value>0.2932692307692308</oml:value>
    </oml:quality>
        
  <oml:quality  >
    <oml:name>EquivalentNumberOfAtts</oml:name>
      <oml:value />
    </oml:quality>
        
  <oml:quality  >
    <oml:name>J48.00001.AUC</oml:name>
      <oml:value>0.7044673539518901</oml:value>
    </oml:quality>
        
  <oml:quality  >
    <oml:name>J48.00001.ErrRate</oml:name>
      <oml:value>0.3317307692307692</oml:value>
    </oml:quality>
        
  <oml:quality  >
    <oml:name>J48.00001.Kappa</oml:name>
      <oml:value>0.3348164627363736</oml:value>
    </oml:quality>
        
  <oml:quality  >
    <oml:name>J48.0001.AUC</oml:name>
      <oml:value>0.7044673539518901</oml:value>
    </oml:quality>
        
  <oml:quality  >
    <oml:name>J48.0001.ErrRate</oml:name>
      <oml:value>0.3317307692307692</oml:value>
    </oml:quality>
        
  <oml:quality  >
    <oml:name>J48.0001.Kappa</oml:name>
      <oml:value>0.3348164627363736</oml:value>
    </oml:quality>
        
  <oml:quality  >
    <oml:name>J48.001.AUC</oml:name>
      <oml:value>0.7044673539518901</oml:value>
    </oml:quality>
        
  <oml:quality  >
    <oml:name>J48.001.ErrRate</oml:name>
      <oml:value>0.3317307692307692</oml:value>
    </oml:quality>
        
  <oml:quality  >
    <oml:name>J48.001.Kappa</oml:name>
      <oml:value>0.3348164627363736</oml:value>
    </oml:quality>
        
  <oml:quality  >
    <oml:name>MajorityClassPercentage</oml:name>
      <oml:value>53.36538461538461</oml:value>
    </oml:quality>
        
  <oml:quality  >
    <oml:name>MajorityClassSize</oml:name>
      <oml:value>111.0</oml:value>
    </oml:quality>
        
  <oml:quality  >
    <oml:name>MaxAttributeEntropy</oml:name>
      <oml:value />
    </oml:quality>
        
  <oml:quality  >
    <oml:name>MaxKurtosisOfNumericAtts</oml:name>
      <oml:value>20.736120722569748</oml:value>
    </oml:quality>
        
  <oml:quality  >
    <oml:name>MaxMeansOfNumericAtts</oml:name>
      <oml:value>0.7021548076923078</oml:value>
    </oml:quality>
        
  <oml:quality  >
    <oml:name>MaxMutualInformation</oml:name>
      <oml:value />
    </oml:quality>
        
  <oml:quality  >
    <oml:name>MaxNominalAttDistinctValues</oml:name>
      <oml:value>2.0</oml:value>
    </oml:quality>
        
  <oml:quality  >
    <oml:name>MaxSkewnessOfNumericAtts</oml:name>
      <oml:value>3.401697437059141</oml:value>
    </oml:quality>
        
  <oml:quality  >
    <oml:name>MaxStdDevOfNumericAtts</oml:name>
      <oml:value>0.2641209697484474</oml:value>
    </oml:quality>
        
  <oml:quality  >
    <oml:name>MeanAttributeEntropy</oml:name>
      <oml:value />
    </oml:quality>
        
  <oml:quality  >
    <oml:name>MeanKurtosisOfNumericAtts</oml:name>
      <oml:value>2.2767766937181766</oml:value>
    </oml:quality>
        
  <oml:quality  >
    <oml:name>MeanMeansOfNumericAtts</oml:name>
      <oml:value>0.28132129006410256</oml:value>
    </oml:quality>
        
  <oml:quality  >
    <oml:name>MeanMutualInformation</oml:name>
      <oml:value />
    </oml:quality>
        
  <oml:quality  >
    <oml:name>MeanNoiseToSignalRatio</oml:name>
      <oml:value />
    </oml:quality>
        
  <oml:quality  >
    <oml:name>MeanNominalAttDistinctValues</oml:name>
      <oml:value>2.0</oml:value>
    </oml:quality>
        
  <oml:quality  >
    <oml:name>MeanSkewnessOfNumericAtts</oml:name>
      <oml:value>0.9672196487827535</oml:value>
    </oml:quality>
        
  <oml:quality  >
    <oml:name>MeanStdDevOfNumericAtts</oml:name>
      <oml:value>0.14223782700500703</oml:value>
    </oml:quality>
        
  <oml:quality  >
    <oml:name>MinAttributeEntropy</oml:name>
      <oml:value />
    </oml:quality>
        
  <oml:quality  >
    <oml:name>MinKurtosisOfNumericAtts</oml:name>
      <oml:value>-1.2101041422784284</oml:value>
    </oml:quality>
        
  <oml:quality  >
    <oml:name>MinMeansOfNumericAtts</oml:name>
      <oml:value>0.006507211538461538</oml:value>
    </oml:quality>
        
  <oml:quality  >
    <oml:name>MinMutualInformation</oml:name>
      <oml:value />
    </oml:quality>
        
  <oml:quality  >
    <oml:name>MinNominalAttDistinctValues</oml:name>
      <oml:value>2.0</oml:value>
    </oml:quality>
        
  <oml:quality  >
    <oml:name>MinSkewnessOfNumericAtts</oml:name>
      <oml:value>-0.7889086971703942</oml:value>
    </oml:quality>
        
  <oml:quality  >
    <oml:name>MinStdDevOfNumericAtts</oml:name>
      <oml:value>0.005031043332931773</oml:value>
    </oml:quality>
        
  <oml:quality  >
    <oml:name>MinorityClassPercentage</oml:name>
      <oml:value>46.63461538461539</oml:value>
    </oml:quality>
        
  <oml:quality  >
    <oml:name>MinorityClassSize</oml:name>
      <oml:value>97.0</oml:value>
    </oml:quality>
        
  <oml:quality  >
    <oml:name>NaiveBayesAUC</oml:name>
      <oml:value>0.794235502354059</oml:value>
    </oml:quality>
        
  <oml:quality  >
    <oml:name>NaiveBayesErrRate</oml:name>
      <oml:value>0.3269230769230769</oml:value>
    </oml:quality>
        
  <oml:quality  >
    <oml:name>NaiveBayesKappa</oml:name>
      <oml:value>0.35574382800400844</oml:value>
    </oml:quality>
        
  <oml:quality  >
    <oml:name>NumberOfBinaryFeatures</oml:name>
      <oml:value>1.0</oml:value>
    </oml:quality>
        
  <oml:quality  >
    <oml:name>NumberOfClasses</oml:name>
      <oml:value>2.0</oml:value>
    </oml:quality>
        
  <oml:quality  >
    <oml:name>NumberOfFeatures</oml:name>
      <oml:value>61.0</oml:value>
    </oml:quality>
        
  <oml:quality  >
    <oml:name>NumberOfInstances</oml:name>
      <oml:value>208.0</oml:value>
    </oml:quality>
        
  <oml:quality  >
    <oml:name>NumberOfInstancesWithMissingValues</oml:name>
      <oml:value>0.0</oml:value>
    </oml:quality>
        
  <oml:quality  >
    <oml:name>NumberOfMissingValues</oml:name>
      <oml:value>0.0</oml:value>
    </oml:quality>
        
  <oml:quality  >
    <oml:name>NumberOfNumericFeatures</oml:name>
      <oml:value>60.0</oml:value>
    </oml:quality>
        
  <oml:quality  >
    <oml:name>NumberOfSymbolicFeatures</oml:name>
      <oml:value>1.0</oml:value>
    </oml:quality>
        
  <oml:quality  >
    <oml:name>PercentageOfBinaryFeatures</oml:name>
      <oml:value>1.639344262295082</oml:value>
    </oml:quality>
        
  <oml:quality  >
    <oml:name>PercentageOfInstancesWithMissingValues</oml:name>
      <oml:value>0.0</oml:value>
    </oml:quality>
        
  <oml:quality  >
    <oml:name>PercentageOfMissingValues</oml:name>
      <oml:value>0.0</oml:value>
    </oml:quality>
        
  <oml:quality  >
    <oml:name>PercentageOfNumericFeatures</oml:name>
      <oml:value>98.36065573770492</oml:value>
    </oml:quality>
        
  <oml:quality  >
    <oml:name>PercentageOfSymbolicFeatures</oml:name>
      <oml:value>1.639344262295082</oml:value>
    </oml:quality>
        
  <oml:quality  >
    <oml:name>Quartile1AttributeEntropy</oml:name>
      <oml:value />
    </oml:quality>
        
  <oml:quality  >
    <oml:name>Quartile1KurtosisOfNumericAtts</oml:name>
      <oml:value>-0.5521213907707502</oml:value>
    </oml:quality>
        
  <oml:quality  >
    <oml:name>Quartile1MeansOfNumericAtts</oml:name>
      <oml:value>0.05241971153846155</oml:value>
    </oml:quality>
        
  <oml:quality  >
    <oml:name>Quartile1MutualInformation</oml:name>
      <oml:value />
    </oml:quality>
        
  <oml:quality  >
    <oml:name>Quartile1SkewnessOfNumericAtts</oml:name>
      <oml:value>0.44935906077403515</oml:value>
    </oml:quality>
        
  <oml:quality  >
    <oml:name>Quartile1StdDevOfNumericAtts</oml:name>
      <oml:value>0.04045307488207912</oml:value>
    </oml:quality>
        
  <oml:quality  >
    <oml:name>Quartile2AttributeEntropy</oml:name>
      <oml:value />
    </oml:quality>
        
  <oml:quality  >
    <oml:name>Quartile2KurtosisOfNumericAtts</oml:name>
      <oml:value>0.8485342782176606</oml:value>
    </oml:quality>
        
  <oml:quality  >
    <oml:name>Quartile2MeansOfNumericAtts</oml:name>
      <oml:value>0.26176322115384615</oml:value>
    </oml:quality>
        
  <oml:quality  >
    <oml:name>Quartile2MutualInformation</oml:name>
      <oml:value />
    </oml:quality>
        
  <oml:quality  >
    <oml:name>Quartile2SkewnessOfNumericAtts</oml:name>
      <oml:value>0.9400686379052963</oml:value>
    </oml:quality>
        
  <oml:quality  >
    <oml:name>Quartile2StdDevOfNumericAtts</oml:name>
      <oml:value>0.14629528141828102</oml:value>
    </oml:quality>
        
  <oml:quality  >
    <oml:name>Quartile3AttributeEntropy</oml:name>
      <oml:value />
    </oml:quality>
        
  <oml:quality  >
    <oml:name>Quartile3KurtosisOfNumericAtts</oml:name>
      <oml:value>3.6070237160388183</oml:value>
    </oml:quality>
        
  <oml:quality  >
    <oml:name>Quartile3MeansOfNumericAtts</oml:name>
      <oml:value>0.4335852163461538</oml:value>
    </oml:quality>
        
  <oml:quality  >
    <oml:name>Quartile3MutualInformation</oml:name>
      <oml:value />
    </oml:quality>
        
  <oml:quality  >
    <oml:name>Quartile3SkewnessOfNumericAtts</oml:name>
      <oml:value>1.693278214028962</oml:value>
    </oml:quality>
        
  <oml:quality  >
    <oml:name>Quartile3StdDevOfNumericAtts</oml:name>
      <oml:value>0.23721805609182484</oml:value>
    </oml:quality>
        
  <oml:quality  >
    <oml:name>REPTreeDepth1AUC</oml:name>
      <oml:value>0.7138014302962756</oml:value>
    </oml:quality>
        
  <oml:quality  >
    <oml:name>REPTreeDepth1ErrRate</oml:name>
      <oml:value>0.28846153846153844</oml:value>
    </oml:quality>
        
  <oml:quality  >
    <oml:name>REPTreeDepth1Kappa</oml:name>
      <oml:value>0.4104865375531413</oml:value>
    </oml:quality>
        
  <oml:quality  >
    <oml:name>REPTreeDepth2AUC</oml:name>
      <oml:value>0.7138014302962756</oml:value>
    </oml:quality>
        
  <oml:quality  >
    <oml:name>REPTreeDepth2ErrRate</oml:name>
      <oml:value>0.28846153846153844</oml:value>
    </oml:quality>
        
  <oml:quality  >
    <oml:name>REPTreeDepth2Kappa</oml:name>
      <oml:value>0.4104865375531413</oml:value>
    </oml:quality>
        
  <oml:quality  >
    <oml:name>REPTreeDepth3AUC</oml:name>
      <oml:value>0.7138014302962756</oml:value>
    </oml:quality>
        
  <oml:quality  >
    <oml:name>REPTreeDepth3ErrRate</oml:name>
      <oml:value>0.28846153846153844</oml:value>
    </oml:quality>
        
  <oml:quality  >
    <oml:name>REPTreeDepth3Kappa</oml:name>
      <oml:value>0.4104865375531413</oml:value>
    </oml:quality>
        
  <oml:quality  >
    <oml:name>RandomTreeDepth1AUC</oml:name>
      <oml:value>0.6960620414228662</oml:value>
    </oml:quality>
        
  <oml:quality  >
    <oml:name>RandomTreeDepth1ErrRate</oml:name>
      <oml:value>0.30288461538461536</oml:value>
    </oml:quality>
        
  <oml:quality  >
    <oml:name>RandomTreeDepth1Kappa</oml:name>
      <oml:value>0.391869315017635</oml:value>
    </oml:quality>
        
  <oml:quality  >
    <oml:name>RandomTreeDepth2AUC</oml:name>
      <oml:value>0.6960620414228662</oml:value>
    </oml:quality>
        
  <oml:quality  >
    <oml:name>RandomTreeDepth2ErrRate</oml:name>
      <oml:value>0.30288461538461536</oml:value>
    </oml:quality>
        
  <oml:quality  >
    <oml:name>RandomTreeDepth2Kappa</oml:name>
      <oml:value>0.391869315017635</oml:value>
    </oml:quality>
        
  <oml:quality  >
    <oml:name>RandomTreeDepth3AUC</oml:name>
      <oml:value>0.6960620414228662</oml:value>
    </oml:quality>
        
  <oml:quality  >
    <oml:name>RandomTreeDepth3ErrRate</oml:name>
      <oml:value>0.30288461538461536</oml:value>
    </oml:quality>
        
  <oml:quality  >
    <oml:name>RandomTreeDepth3Kappa</oml:name>
      <oml:value>0.391869315017635</oml:value>
    </oml:quality>
        
  <oml:quality  >
    <oml:name>StdvNominalAttDistinctValues</oml:name>
      <oml:value>0.0</oml:value>
    </oml:quality>
        
  <oml:quality  >
    <oml:name>kNN1NAUC</oml:name>
      <oml:value>0.829989783598031</oml:value>
    </oml:quality>
        
  <oml:quality  >
    <oml:name>kNN1NErrRate</oml:name>
      <oml:value>0.16826923076923078</oml:value>
    </oml:quality>
        
  <oml:quality  >
    <oml:name>kNN1NKappa</oml:name>
      <oml:value>0.6612693095105157</oml:value>
    </oml:quality>
  </oml:data_qualities>
