{
"meta":{"test_sets":[],"test_metrics":[],"learn_metrics":[{"best_value":"Min","name":"Logloss"}],"launch_mode":"Train","parameters":"","iteration_count":1000,"learn_sets":["learn"],"name":"experiment"},
"iterations":[
{"learn":[0.6866597294],"iteration":0,"passed_time":0.001533855486,"remaining_time":1.532321631},
{"learn":[0.6803192271],"iteration":1,"passed_time":0.00292640438,"remaining_time":1.460275786},
{"learn":[0.6725719106],"iteration":2,"passed_time":0.004318614194,"remaining_time":1.435219451},
{"learn":[0.6647307105],"iteration":3,"passed_time":0.005703550618,"remaining_time":1.420184104},
{"learn":[0.6583024636],"iteration":4,"passed_time":0.007039090527,"remaining_time":1.400779015},
{"learn":[0.6507825406],"iteration":5,"passed_time":0.008353777049,"remaining_time":1.383942398},
{"learn":[0.6433125217],"iteration":6,"passed_time":0.01251128896,"remaining_time":1.774815705},
{"learn":[0.6359446136],"iteration":7,"passed_time":0.01390098885,"remaining_time":1.723722618},
{"learn":[0.6287534285],"iteration":8,"passed_time":0.01523965229,"remaining_time":1.678055047},
{"learn":[0.6220593802],"iteration":9,"passed_time":0.01648756607,"remaining_time":1.632269041},
{"learn":[0.6161009824],"iteration":10,"passed_time":0.01779234702,"remaining_time":1.599693746},
{"learn":[0.6118625138],"iteration":11,"passed_time":0.01907719546,"remaining_time":1.570689093},
{"learn":[0.6054314807],"iteration":12,"passed_time":0.02036744917,"remaining_time":1.54635941},
{"learn":[0.5993505581],"iteration":13,"passed_time":0.0216475105,"remaining_time":1.524603239},
{"learn":[0.5943758102],"iteration":14,"passed_time":0.02292415467,"remaining_time":1.505352823},
{"learn":[0.5883309847],"iteration":15,"passed_time":0.02424836905,"remaining_time":1.491274697},
{"learn":[0.5821600913],"iteration":16,"passed_time":0.02562236312,"remaining_time":1.481575467},
{"learn":[0.5772685444],"iteration":17,"passed_time":0.02695931389,"remaining_time":1.470780346},
{"learn":[0.5713818118],"iteration":18,"passed_time":0.02826363803,"remaining_time":1.459296258},
{"learn":[0.5651030959],"iteration":19,"passed_time":0.0295116409,"remaining_time":1.446070404},
{"learn":[0.559930528],"iteration":20,"passed_time":0.03068377859,"remaining_time":1.430448535},
{"learn":[0.5538171093],"iteration":21,"passed_time":0.03200466354,"remaining_time":1.42275277},
{"learn":[0.5491504142],"iteration":22,"passed_time":0.03329523588,"remaining_time":1.414323715},
{"learn":[0.5429174099],"iteration":23,"passed_time":0.03460627298,"remaining_time":1.407321768},
{"learn":[0.5380752429],"iteration":24,"passed_time":0.03591936865,"remaining_time":1.400855377},
{"learn":[0.5329009047],"iteration":25,"passed_time":0.03722884898,"remaining_time":1.394649958},
{"learn":[0.527942007],"iteration":26,"passed_time":0.03853788342,"remaining_time":1.388791132},
{"learn":[0.5224445224],"iteration":27,"passed_time":0.03979353467,"remaining_time":1.381404132},
{"learn":[0.5180466079],"iteration":28,"passed_time":0.04111376282,"remaining_time":1.376602196},
{"learn":[0.5130350497],"iteration":29,"passed_time":0.04243817629,"remaining_time":1.3721677},
{"learn":[0.5082569744],"iteration":30,"passed_time":0.04378715438,"remaining_time":1.368701697},
{"learn":[0.5034891531],"iteration":31,"passed_time":0.04511384731,"remaining_time":1.364693881},
{"learn":[0.4993184814],"iteration":32,"passed_time":0.04638454941,"remaining_time":1.359207857},
{"learn":[0.4953318165],"iteration":33,"passed_time":0.04772834768,"remaining_time":1.356046584},
{"learn":[0.4912947743],"iteration":34,"passed_time":0.04900888444,"remaining_time":1.351244957},
{"learn":[0.4867463232],"iteration":35,"passed_time":0.05032787446,"remaining_time":1.347668638},
{"learn":[0.4822649801],"iteration":36,"passed_time":0.05164733446,"remaining_time":1.34422657},
{"learn":[0.4778444646],"iteration":37,"passed_time":0.05299745342,"remaining_time":1.341672373},
{"learn":[0.4733836218],"iteration":38,"passed_time":0.05434975731,"remaining_time":1.339233763},
{"learn":[0.4688531138],"iteration":39,"passed_time":0.05567998512,"remaining_time":1.336319643},
{"learn":[0.4647820523],"iteration":40,"passed_time":0.05697799994,"remaining_time":1.332729316},
{"learn":[0.4608620419],"iteration":41,"passed_time":0.05824358993,"remaining_time":1.328508551},
{"learn":[0.4570849673],"iteration":42,"passed_time":0.05951914369,"remaining_time":1.324646989},
{"learn":[0.4526622392],"iteration":43,"passed_time":0.06082901401,"remaining_time":1.321648577},
{"learn":[0.4487355948],"iteration":44,"passed_time":0.06216902149,"remaining_time":1.319364789},
{"learn":[0.4448116799],"iteration":45,"passed_time":0.06349263226,"remaining_time":1.316781982},
{"learn":[0.440848991],"iteration":46,"passed_time":0.06478815125,"remaining_time":1.313683152},
{"learn":[0.4367378419],"iteration":47,"passed_time":0.06610008741,"remaining_time":1.310985067},
{"learn":[0.4323365359],"iteration":48,"passed_time":0.06745523893,"remaining_time":1.30918229},
{"learn":[0.4285138559],"iteration":49,"passed_time":0.06874722758,"remaining_time":1.306197324},
{"learn":[0.4245815185],"iteration":50,"passed_time":0.06999968302,"remaining_time":1.302543121},
{"learn":[0.4213632018],"iteration":51,"passed_time":0.07131488771,"remaining_time":1.300125261},
{"learn":[0.4177678933],"iteration":52,"passed_time":0.07263085646,"remaining_time":1.297762662},
{"learn":[0.4149254247],"iteration":53,"passed_time":0.07388654179,"remaining_time":1.294382751},
{"learn":[0.4108621385],"iteration":54,"passed_time":0.07516783853,"remaining_time":1.291520135},
{"learn":[0.4077485943],"iteration":55,"passed_time":0.07646358842,"remaining_time":1.288957633},
{"learn":[0.4045488391],"iteration":56,"passed_time":0.07777476052,"remaining_time":1.286694722},
{"learn":[0.4015328471],"iteration":57,"passed_time":0.07903867057,"remaining_time":1.283697029},
{"learn":[0.3987422771],"iteration":58,"passed_time":0.08039757878,"remaining_time":1.282273248},
{"learn":[0.3951345527],"iteration":59,"passed_time":0.08170080069,"remaining_time":1.279979211},
{"learn":[0.3921537686],"iteration":60,"passed_time":0.08306615551,"remaining_time":1.278674099},
{"learn":[0.3889848337],"iteration":61,"passed_time":0.08443152395,"remaining_time":1.277367249},
{"learn":[0.3859826327],"iteration":62,"passed_time":0.085776369,"remaining_time":1.275753298},
{"learn":[0.3824721685],"iteration":63,"passed_time":0.08708454075,"remaining_time":1.273611408},
{"learn":[0.380502394],"iteration":64,"passed_time":0.08856788976,"remaining_time":1.27401503},
{"learn":[0.3776772547],"iteration":65,"passed_time":0.08982638454,"remaining_time":1.271179442},
{"learn":[0.374507266],"iteration":66,"passed_time":0.09117339406,"remaining_time":1.269623532},
{"learn":[0.3714034374],"iteration":67,"passed_time":0.09246099604,"remaining_time":1.267259534},
{"learn":[0.3684744609],"iteration":68,"passed_time":0.09379688094,"remaining_time":1.265578205},
{"learn":[0.3658553301],"iteration":69,"passed_time":0.09510709943,"remaining_time":1.26356575},
{"learn":[0.3630725172],"iteration":70,"passed_time":0.09642659579,"remaining_time":1.261694472},
{"learn":[0.3606514034],"iteration":71,"passed_time":0.09777292852,"remaining_time":1.260184412},
{"learn":[0.3578062745],"iteration":72,"passed_time":0.09905024221,"remaining_time":1.257802391},
{"learn":[0.3557005565],"iteration":73,"passed_time":0.1003887238,"remaining_time":1.256215652},
{"learn":[0.3532568397],"iteration":74,"passed_time":0.1017051194,"remaining_time":1.254363139},
{"learn":[0.3507277152],"iteration":75,"passed_time":0.1029834681,"remaining_time":1.252062164},
{"learn":[0.3483023195],"iteration":76,"passed_time":0.1041711439,"remaining_time":1.248700854},
{"learn":[0.3461636683],"iteration":77,"passed_time":0.1053958421,"remaining_time":1.245832902},
{"learn":[0.3433704442],"iteration":78,"passed_time":0.1066930283,"remaining_time":1.243851633},
{"learn":[0.3406601786],"iteration":79,"passed_time":0.1080065462,"remaining_time":1.242075281},
{"learn":[0.3380488475],"iteration":80,"passed_time":0.1093336123,"remaining_time":1.24046407},
{"learn":[0.3359976511],"iteration":81,"passed_time":0.1107241203,"remaining_time":1.23957003},
{"learn":[0.3339343226],"iteration":82,"passed_time":0.111997831,"remaining_time":1.237373627},
{"learn":[0.3316167707],"iteration":83,"passed_time":0.1133141638,"remaining_time":1.235663977},
{"learn":[0.3296917537],"iteration":84,"passed_time":0.1145524725,"remaining_time":1.233123674},
{"learn":[0.3273223265],"iteration":85,"passed_time":0.1158236264,"remaining_time":1.230962727},
{"learn":[0.3253370669],"iteration":86,"passed_time":0.1171812873,"remaining_time":1.229730061},
{"learn":[0.32371917],"iteration":87,"passed_time":0.1184266985,"remaining_time":1.227331239},
{"learn":[0.3211599735],"iteration":88,"passed_time":0.1197706808,"remaining_time":1.225967306},
{"learn":[0.3192880737],"iteration":89,"passed_time":0.1212696339,"remaining_time":1.226170742},
{"learn":[0.3171898071],"iteration":90,"passed_time":0.1225476362,"remaining_time":1.224129684},
{"learn":[0.3150579454],"iteration":91,"passed_time":0.1238545657,"remaining_time":1.222390713},
{"learn":[0.3126298792],"iteration":92,"passed_time":0.1251168753,"remaining_time":1.22022587},
{"learn":[0.3107307899],"iteration":93,"passed_time":0.1263614429,"remaining_time":1.217909226},
{"learn":[0.3090470667],"iteration":94,"passed_time":0.1276541551,"remaining_time":1.216073793},
{"learn":[0.3074104278],"iteration":95,"passed_time":0.1290193413,"remaining_time":1.214932131},
{"learn":[0.3053943377],"iteration":96,"passed_time":0.1303251663,"remaining_time":1.213233249},
{"learn":[0.3038948418],"iteration":97,"passed_time":0.1316058785,"remaining_time":1.211311249},
{"learn":[0.3024789767],"iteration":98,"passed_time":0.1329562688,"remaining_time":1.210036346},
{"learn":[0.3004477963],"iteration":99,"passed_time":0.1341630413,"remaining_time":1.207467371},
{"learn":[0.2985764608],"iteration":100,"passed_time":0.1354065588,"remaining_time":1.20525244},
{"learn":[0.297207087],"iteration":101,"passed_time":0.1366630182,"remaining_time":1.203170494},
{"learn":[0.2960745421],"iteration":102,"passed_time":0.137917555,"remaining_time":1.201087833},
{"learn":[0.2945223248],"iteration":103,"passed_time":0.1392780618,"remaining_time":1.199934071},
{"learn":[0.2926931479],"iteration":104,"passed_time":0.1405942005,"remaining_time":1.198398185},
{"learn":[0.2908400869],"iteration":105,"passed_time":0.1417632929,"remaining_time":1.195626262},
{"learn":[0.2888422552],"iteration":106,"passed_time":0.1429669627,"remaining_time":1.193172875},
{"learn":[0.286780033],"iteration":107,"passed_time":0.1441559853,"remaining_time":1.190621656},
{"learn":[0.2851539692],"iteration":108,"passed_time":0.1453091163,"remaining_time":1.187802043},
{"learn":[0.283627139],"iteration":109,"passed_time":0.1465403057,"remaining_time":1.185644291},
{"learn":[0.2818691653],"iteration":110,"passed_time":0.1478216233,"remaining_time":1.183904713},
{"learn":[0.2801469535],"iteration":111,"passed_time":0.1490805681,"remaining_time":1.181995933},
{"learn":[0.2783528644],"iteration":112,"passed_time":0.1503727885,"remaining_time":1.180359853},
{"learn":[0.276870132],"iteration":113,"passed_time":0.1517100157,"remaining_time":1.179079595},
{"learn":[0.2749628741],"iteration":114,"passed_time":0.1529807959,"remaining_time":1.177286995},
{"learn":[0.2736461312],"iteration":115,"passed_time":0.1542325428,"remaining_time":1.175358343},
{"learn":[0.2719690739],"iteration":116,"passed_time":0.1554698874,"remaining_time":1.173332569},
{"learn":[0.2708041953],"iteration":117,"passed_time":0.1566382006,"remaining_time":1.170804178},
{"learn":[0.2693646132],"iteration":118,"passed_time":0.1579744569,"remaining_time":1.169541988},
{"learn":[0.2678814863],"iteration":119,"passed_time":0.1593026166,"remaining_time":1.168219188},
{"learn":[0.2665886266],"iteration":120,"passed_time":0.1605423457,"remaining_time":1.166253899},
{"learn":[0.2650363691],"iteration":121,"passed_time":0.1617935793,"remaining_time":1.1643833},
{"learn":[0.2634130623],"iteration":122,"passed_time":0.1630628369,"remaining_time":1.162651284},
{"learn":[0.2614832737],"iteration":123,"passed_time":0.1643260988,"remaining_time":1.160884375},
{"learn":[0.2599706857],"iteration":124,"passed_time":0.1655970759,"remaining_time":1.159179531},
{"learn":[0.2588975358],"iteration":125,"passed_time":0.1669496189,"remaining_time":1.158047356},
{"learn":[0.2574659215],"iteration":126,"passed_time":0.1681921669,"remaining_time":1.156155604},
{"learn":[0.2561933423],"iteration":127,"passed_time":0.169470681,"remaining_time":1.154519015},
{"learn":[0.2548059716],"iteration":128,"passed_time":0.1708885113,"remaining_time":1.153828631},
{"learn":[0.2535707123],"iteration":129,"passed_time":0.1720856141,"remaining_time":1.151649879},
{"learn":[0.25164845],"iteration":130,"passed_time":0.1733358451,"remaining_time":1.149838545},
{"learn":[0.2504949594],"iteration":131,"passed_time":0.1745863842,"remaining_time":1.148037739},
{"learn":[0.2486903139],"iteration":132,"passed_time":0.1758819973,"remaining_time":1.146539035},
{"learn":[0.2473585679],"iteration":133,"passed_time":0.177222212,"remaining_time":1.145331609},
{"learn":[0.2459027746],"iteration":134,"passed_time":0.1786111102,"remaining_time":1.14443415},
{"learn":[0.2444901025],"iteration":135,"passed_time":0.1799340746,"remaining_time":1.143110591},
{"learn":[0.2431272976],"iteration":136,"passed_time":0.181205688,"remaining_time":1.141463568},
{"learn":[0.241869465],"iteration":137,"passed_time":0.18249185,"remaining_time":1.13991286},
{"learn":[0.2408832013],"iteration":138,"passed_time":0.1837816501,"remaining_time":1.138388495},
{"learn":[0.239211811],"iteration":139,"passed_time":0.1850695098,"remaining_time":1.13685556},
{"learn":[0.2375078476],"iteration":140,"passed_time":0.1863942983,"remaining_time":1.13555108},
{"learn":[0.2362661889],"iteration":141,"passed_time":0.1877875731,"remaining_time":1.134660125},
{"learn":[0.2353434674],"iteration":142,"passed_time":0.1891188399,"remaining_time":1.13339053},
{"learn":[0.2340160908],"iteration":143,"passed_time":0.1903381938,"remaining_time":1.131454819},
{"learn":[0.2330960328],"iteration":144,"passed_time":0.1914967865,"remaining_time":1.129170706},
{"learn":[0.2322294237],"iteration":145,"passed_time":0.1927322266,"remaining_time":1.127351517},
{"learn":[0.2308069426],"iteration":146,"passed_time":0.193916772,"remaining_time":1.125244943},
{"learn":[0.2295831519],"iteration":147,"passed_time":0.1951199378,"remaining_time":1.12325802},
{"learn":[0.2283051495],"iteration":148,"passed_time":0.1964353356,"remaining_time":1.121922622},
{"learn":[0.2270763553],"iteration":149,"passed_time":0.1978116696,"remaining_time":1.120932795},
{"learn":[0.2259457729],"iteration":150,"passed_time":0.1990498942,"remaining_time":1.119161326},
{"learn":[0.2248765685],"iteration":151,"passed_time":0.2002149958,"remaining_time":1.116988924},
{"learn":[0.2231179835],"iteration":152,"passed_time":0.2014296702,"remaining_time":1.115104122},
{"learn":[0.2222322837],"iteration":153,"passed_time":0.2026946102,"remaining_time":1.113504157},
{"learn":[0.2208520548],"iteration":154,"passed_time":0.2039694058,"remaining_time":1.111962245},
{"learn":[0.2199388458],"iteration":155,"passed_time":0.2052767044,"remaining_time":1.110599606},
{"learn":[0.2189864768],"iteration":156,"passed_time":0.2066109266,"remaining_time":1.109382237},
{"learn":[0.2181662438],"iteration":157,"passed_time":0.2078634262,"remaining_time":1.107727879},
{"learn":[0.2171685174],"iteration":158,"passed_time":0.2091804335,"remaining_time":1.106419777},
{"learn":[0.2157066599],"iteration":159,"passed_time":0.2104393219,"remaining_time":1.10480644},
{"learn":[0.2150726723],"iteration":160,"passed_time":0.2116616675,"remaining_time":1.103007075},
{"learn":[0.2144389471],"iteration":161,"passed_time":0.2128695176,"remaining_time":1.10113985},
{"learn":[0.2134743481],"iteration":162,"passed_time":0.2140385327,"remaining_time":1.0990813},
{"learn":[0.2127026143],"iteration":163,"passed_time":0.2153695664,"remaining_time":1.097859497},
{"learn":[0.211925285],"iteration":164,"passed_time":0.2166795526,"remaining_time":1.096529857},
{"learn":[0.2106868423],"iteration":165,"passed_time":0.2179471771,"remaining_time":1.094987625},
{"learn":[0.2097727599],"iteration":166,"passed_time":0.2191994334,"remaining_time":1.093372024},
{"learn":[0.2089427879],"iteration":167,"passed_time":0.2204955092,"remaining_time":1.09197776},
{"learn":[0.2083733795],"iteration":168,"passed_time":0.2217993602,"remaining_time":1.09062289},
{"learn":[0.2075867449],"iteration":169,"passed_time":0.2230704341,"remaining_time":1.08910859},
{"learn":[0.2069476917],"iteration":170,"passed_time":0.2244252361,"remaining_time":1.088003045},
{"learn":[0.2060353972],"iteration":171,"passed_time":0.2257177925,"remaining_time":1.086594954},
{"learn":[0.2049653603],"iteration":172,"passed_time":0.227018994,"remaining_time":1.085229526},
{"learn":[0.2039055635],"iteration":173,"passed_time":0.228314423,"remaining_time":1.083837433},
{"learn":[0.2031996548],"iteration":174,"passed_time":0.2296371438,"remaining_time":1.082575106},
{"learn":[0.2026026235],"iteration":175,"passed_time":0.2309112635,"remaining_time":1.081084552},
{"learn":[0.2016162562],"iteration":176,"passed_time":0.2323498145,"remaining_time":1.080361002},
{"learn":[0.2005323718],"iteration":177,"passed_time":0.2337931971,"remaining_time":1.07965173},
{"learn":[0.1997536145],"iteration":178,"passed_time":0.2351770181,"remaining_time":1.078661072},
{"learn":[0.1984680101],"iteration":179,"passed_time":0.2364526846,"remaining_time":1.077173341},
{"learn":[0.1974500746],"iteration":180,"passed_time":0.2377799829,"remaining_time":1.07592158},
{"learn":[0.1967454179],"iteration":181,"passed_time":0.2390841789,"remaining_time":1.074565156},
{"learn":[0.1958519066],"iteration":182,"passed_time":0.2403528906,"remaining_time":1.073050883},
{"learn":[0.1945870258],"iteration":183,"passed_time":0.2416725106,"remaining_time":1.071765047},
{"learn":[0.1935281652],"iteration":184,"passed_time":0.2430322606,"remaining_time":1.070655635},
{"learn":[0.1926360539],"iteration":185,"passed_time":0.2443387206,"remaining_time":1.069310315},
{"learn":[0.1916882647],"iteration":186,"passed_time":0.2455713185,"remaining_time":1.067644289},
{"learn":[0.1910386345],"iteration":187,"passed_time":0.2467576357,"remaining_time":1.06578298},
{"learn":[0.1903550677],"iteration":188,"passed_time":0.2480042682,"remaining_time":1.064187627},
{"learn":[0.1895502625],"iteration":189,"passed_time":0.2492124074,"remaining_time":1.062431842},
{"learn":[0.1886386588],"iteration":190,"passed_time":0.2504775515,"remaining_time":1.060923242},
{"learn":[0.1876857733],"iteration":191,"passed_time":0.25170849,"remaining_time":1.059273229},
{"learn":[0.1869463544],"iteration":192,"passed_time":0.2529907139,"remaining_time":1.057842001},
{"learn":[0.1861755168],"iteration":193,"passed_time":0.2543313855,"remaining_time":1.056655138},
{"learn":[0.185341059],"iteration":194,"passed_time":0.2556430726,"remaining_time":1.055347043},
{"learn":[0.1846482061],"iteration":195,"passed_time":0.2569637316,"remaining_time":1.054075715},
{"learn":[0.1839971467],"iteration":196,"passed_time":0.2582051088,"remaining_time":1.052480723},
{"learn":[0.1832407498],"iteration":197,"passed_time":0.2595265187,"remaining_time":1.051213475},
{"learn":[0.1824643327],"iteration":198,"passed_time":0.2607183867,"remaining_time":1.04942426},
{"learn":[0.1819905184],"iteration":199,"passed_time":0.2620330373,"remaining_time":1.048132149},
{"learn":[0.1808865409],"iteration":200,"passed_time":0.2633127973,"remaining_time":1.046701119},
{"learn":[0.1802321291],"iteration":201,"passed_time":0.2645412599,"remaining_time":1.045068938},
{"learn":[0.1792881677],"iteration":202,"passed_time":0.2658266683,"remaining_time":1.043664309},
{"learn":[0.1786676935],"iteration":203,"passed_time":0.2670984063,"remaining_time":1.042207507},
{"learn":[0.1780770665],"iteration":204,"passed_time":0.2683518589,"remaining_time":1.040681599},
{"learn":[0.1772380892],"iteration":205,"passed_time":0.2696029485,"remaining_time":1.039149229},
{"learn":[0.1765330779],"iteration":206,"passed_time":0.2708523977,"remaining_time":1.037613292},
{"learn":[0.1756791533],"iteration":207,"passed_time":0.2721323659,"remaining_time":1.036196316},
{"learn":[0.1749633467],"iteration":208,"passed_time":0.2734613378,"remaining_time":1.034966116},
{"learn":[0.1744667638],"iteration":209,"passed_time":0.2747871271,"remaining_time":1.033723002},
{"learn":[0.1738047621],"iteration":210,"passed_time":0.2760488909,"remaining_time":1.032239692},
{"learn":[0.1731979746],"iteration":211,"passed_time":0.2773233529,"remaining_time":1.03080567},
{"learn":[0.1723805637],"iteration":212,"passed_time":0.2784805179,"remaining_time":1.028939754},
{"learn":[0.1717477424],"iteration":213,"passed_time":0.2798160119,"remaining_time":1.027735446},
{"learn":[0.1709242492],"iteration":214,"passed_time":0.2810828269,"remaining_time":1.026279159},
{"learn":[0.1699896237],"iteration":215,"passed_time":0.28237596,"remaining_time":1.024920151},
{"learn":[0.1693985856],"iteration":216,"passed_time":0.2837504791,"remaining_time":1.023855415},
{"learn":[0.1686793141],"iteration":217,"passed_time":0.285008992,"remaining_time":1.022371705},
{"learn":[0.1679367975],"iteration":218,"passed_time":0.2861753245,"remaining_time":1.020561317},
{"learn":[0.1674632631],"iteration":219,"passed_time":0.2874501055,"remaining_time":1.019141283},
{"learn":[0.1669242668],"iteration":220,"passed_time":0.2887478303,"remaining_time":1.017803438},
{"learn":[0.1657831252],"iteration":221,"passed_time":0.2900116745,"remaining_time":1.01634722},
{"learn":[0.1652741632],"iteration":222,"passed_time":0.2913476235,"remaining_time":1.015143962},
{"learn":[0.1646159233],"iteration":223,"passed_time":0.2926985715,"remaining_time":1.01399148},
{"learn":[0.1635270481],"iteration":224,"passed_time":0.2939488184,"remaining_time":1.012490374},
{"learn":[0.1630212608],"iteration":225,"passed_time":0.2951192075,"remaining_time":1.010717994},
{"learn":[0.1624818781],"iteration":226,"passed_time":0.2963980239,"remaining_time":1.009320143},
{"learn":[0.1619699307],"iteration":227,"passed_time":0.2976041272,"remaining_time":1.007677133},
{"learn":[0.1614061577],"iteration":228,"passed_time":0.298810372,"remaining_time":1.006038414},
{"learn":[0.1609148946],"iteration":229,"passed_time":0.3000319207,"remaining_time":1.004454691},
{"learn":[0.1601986066],"iteration":230,"passed_time":0.3013881481,"remaining_time":1.00332245},
{"learn":[0.1595519173],"iteration":231,"passed_time":0.3026748133,"remaining_time":1.001958003},
{"learn":[0.1589780961],"iteration":232,"passed_time":0.3039464113,"remaining_time":1.000544624},
{"learn":[0.1582842512],"iteration":233,"passed_time":0.3052057483,"remaining_time":0.9990923214},
{"learn":[0.1577246329],"iteration":234,"passed_time":0.3064151684,"remaining_time":0.9974791652},
{"learn":[0.1572498801],"iteration":235,"passed_time":0.3076139052,"remaining_time":0.9958348456},
{"learn":[0.1567760073],"iteration":236,"passed_time":0.308801171,"remaining_time":0.9941573565},
{"learn":[0.1562695273],"iteration":237,"passed_time":0.310028725,"remaining_time":0.9926129768},
{"learn":[0.1559081766],"iteration":238,"passed_time":0.3113880232,"remaining_time":0.991490735},
{"learn":[0.1553205066],"iteration":239,"passed_time":0.3127125781,"remaining_time":0.9902564972},
{"learn":[0.1547135373],"iteration":240,"passed_time":0.3140284786,"remaining_time":0.9889942543},
{"learn":[0.1540573755],"iteration":241,"passed_time":0.3152815972,"remaining_time":0.9875349202},
{"learn":[0.1533857797],"iteration":242,"passed_time":0.3164525318,"remaining_time":0.9858212616},
{"learn":[0.1529620972],"iteration":243,"passed_time":0.3176522281,"remaining_time":0.9842011657},
{"learn":[0.1524401772],"iteration":244,"passed_time":0.3188648435,"remaining_time":0.9826243137},
{"learn":[0.1519554017],"iteration":245,"passed_time":0.3201618075,"remaining_time":0.9813089546},
{"learn":[0.1514785699],"iteration":246,"passed_time":0.3214004629,"remaining_time":0.9798159861},
{"learn":[0.1508000677],"iteration":247,"passed_time":0.3226131979,"remaining_time":0.978246471},
{"learn":[0.1503427122],"iteration":248,"passed_time":0.3238654856,"remaining_time":0.9767991152},
{"learn":[0.1496372861],"iteration":249,"passed_time":0.3251345418,"remaining_time":0.9754036255},
{"learn":[0.1489072252],"iteration":250,"passed_time":0.3262954231,"remaining_time":0.9736863422},
{"learn":[0.1482324062],"iteration":251,"passed_time":0.3274651432,"remaining_time":0.9719997106},
{"learn":[0.147885056],"iteration":252,"passed_time":0.3286115595,"remaining_time":0.9702483593},
{"learn":[0.1474938469],"iteration":253,"passed_time":0.3299279441,"remaining_time":0.9690009697},
{"learn":[0.1470096774],"iteration":254,"passed_time":0.3312927412,"remaining_time":0.9678944792},
{"learn":[0.146425239],"iteration":255,"passed_time":0.3324897599,"remaining_time":0.9662983646},
{"learn":[0.1459540035],"iteration":256,"passed_time":0.3334143364,"remaining_time":0.9639177118},
{"learn":[0.1456425778],"iteration":257,"passed_time":0.3347189137,"remaining_time":0.9626412169},
{"learn":[0.1452078064],"iteration":258,"passed_time":0.336006852,"remaining_time":0.961316901},
{"learn":[0.1445624558],"iteration":259,"passed_time":0.3373912321,"remaining_time":0.960267353},
{"learn":[0.1442520877],"iteration":260,"passed_time":0.3386924905,"remaining_time":0.9589798868},
{"learn":[0.143683654],"iteration":261,"passed_time":0.3399916093,"remaining_time":0.9576862889},
{"learn":[0.1431431294],"iteration":262,"passed_time":0.3412732101,"remaining_time":0.9563435585},
{"learn":[0.1423953219],"iteration":263,"passed_time":0.3425266496,"remaining_time":0.9549227808},
{"learn":[0.1420782311],"iteration":264,"passed_time":0.3437991817,"remaining_time":0.9535562209},
{"learn":[0.1416235529],"iteration":265,"passed_time":0.3450273925,"remaining_time":0.952068068},
{"learn":[0.1413004688],"iteration":266,"passed_time":0.3462417629,"remaining_time":0.9505438658},
{"learn":[0.1407206637],"iteration":267,"passed_time":0.347464522,"remaining_time":0.9490448885},
{"learn":[0.1402788113],"iteration":268,"passed_time":0.3487825203,"remaining_time":0.9478067744},
{"learn":[0.1395399698],"iteration":269,"passed_time":0.3501263653,"remaining_time":0.9466379507},
{"learn":[0.1392098373],"iteration":270,"passed_time":0.3513833184,"remaining_time":0.9452340925},
{"learn":[0.1386377437],"iteration":271,"passed_time":0.3526020581,"remaining_time":0.9437290379},
{"learn":[0.1383421854],"iteration":272,"passed_time":0.3538652214,"remaining_time":0.9423443807},
{"learn":[0.1380019616],"iteration":273,"passed_time":0.3551042968,"remaining_time":0.9408967865},
{"learn":[0.1375593878],"iteration":274,"passed_time":0.3563851477,"remaining_time":0.9395608438},
{"learn":[0.1372532422],"iteration":275,"passed_time":0.3576885337,"remaining_time":0.9382844144},
{"learn":[0.1367461017],"iteration":276,"passed_time":0.359020391,"remaining_time":0.9370821035},
{"learn":[0.1359827829],"iteration":277,"passed_time":0.3602427315,"remaining_time":0.9355944322},
{"learn":[0.1356022385],"iteration":278,"passed_time":0.3615081602,"remaining_time":0.9342200124},
{"learn":[0.1352493771],"iteration":279,"passed_time":0.3627790891,"remaining_time":0.9328605147},
{"learn":[0.134648689],"iteration":280,"passed_time":0.3640346344,"remaining_time":0.9314622852},
{"learn":[0.1341612802],"iteration":281,"passed_time":0.3653943603,"remaining_time":0.9303303216},
{"learn":[0.1338288676],"iteration":282,"passed_time":0.3667362232,"remaining_time":0.9291514913},
{"learn":[0.1333422851],"iteration":283,"passed_time":0.3680777883,"remaining_time":0.9279707622},
{"learn":[0.1327796269],"iteration":284,"passed_time":0.3693748823,"remaining_time":0.9266773363},
{"learn":[0.132403002],"iteration":285,"passed_time":0.3706621865,"remaining_time":0.9253594447},
{"learn":[0.1320907774],"iteration":286,"passed_time":0.3719367435,"remaining_time":0.924010098},
{"learn":[0.1316557092],"iteration":287,"passed_time":0.3731687119,"remaining_time":0.9225559823},
{"learn":[0.1311779873],"iteration":288,"passed_time":0.3744592329,"remaining_time":0.9212474553},
{"learn":[0.1308472703],"iteration":289,"passed_time":0.3763470319,"remaining_time":0.9214013539},
{"learn":[0.1305327812],"iteration":290,"passed_time":0.3785191354,"remaining_time":0.9222339071},
{"learn":[0.130179585],"iteration":291,"passed_time":0.3802989389,"remaining_time":0.9220946875},
{"learn":[0.1296509646],"iteration":292,"passed_time":0.3841685792,"remaining_time":0.9269869812},
{"learn":[0.1292159262],"iteration":293,"passed_time":0.3857748268,"remaining_time":0.926384448},
{"learn":[0.1289420047],"iteration":294,"passed_time":0.3875708543,"remaining_time":0.9262286518},
{"learn":[0.1285503419],"iteration":295,"passed_time":0.388981488,"remaining_time":0.9251451608},
{"learn":[0.1281144489],"iteration":296,"passed_time":0.3902777852,"remaining_time":0.9237888316},
{"learn":[0.1278126987],"iteration":297,"passed_time":0.391773337,"remaining_time":0.9229022905},
{"learn":[0.1270998857],"iteration":298,"passed_time":0.3936297797,"remaining_time":0.9228577779},
{"learn":[0.1267348104],"iteration":299,"passed_time":0.3949472562,"remaining_time":0.9215435977},
{"learn":[0.1261380959],"iteration":300,"passed_time":0.3963731917,"remaining_time":0.9204812657},
{"learn":[0.1258085037],"iteration":301,"passed_time":0.398240445,"remaining_time":0.9204365252},
{"learn":[0.1254156417],"iteration":302,"passed_time":0.4008161385,"remaining_time":0.9220094011},
{"learn":[0.1250453808],"iteration":303,"passed_time":0.4026230534,"remaining_time":0.9217948854},
{"learn":[0.1246576578],"iteration":304,"passed_time":0.4045080797,"remaining_time":0.9217479194},
{"learn":[0.1242522743],"iteration":305,"passed_time":0.4060525112,"remaining_time":0.9209164797},
{"learn":[0.124032249],"iteration":306,"passed_time":0.4079595137,"remaining_time":0.9208988371},
{"learn":[0.1237784749],"iteration":307,"passed_time":0.4092608279,"remaining_time":0.9195080939},
{"learn":[0.1234926463],"iteration":308,"passed_time":0.4107744909,"remaining_time":0.9185927936},
{"learn":[0.1232039491],"iteration":309,"passed_time":0.4125266967,"remaining_time":0.9182045831},
{"learn":[0.1226608426],"iteration":310,"passed_time":0.4139239259,"remaining_time":0.9170211735},
{"learn":[0.1223352133],"iteration":311,"passed_time":0.4154688656,"remaining_time":0.9161621139},
{"learn":[0.1218219985],"iteration":312,"passed_time":0.4178520033,"remaining_time":0.9171384226},
{"learn":[0.1214247593],"iteration":313,"passed_time":0.4194052936,"remaining_time":0.9162803548},
{"learn":[0.1211265584],"iteration":314,"passed_time":0.4218260578,"remaining_time":0.9173042844},
{"learn":[0.1207976854],"iteration":315,"passed_time":0.4232188262,"remaining_time":0.9160812567},
{"learn":[0.1204435002],"iteration":316,"passed_time":0.4245835142,"remaining_time":0.9147966568},
{"learn":[0.1202505575],"iteration":317,"passed_time":0.4264428996,"remaining_time":0.914572508},
{"learn":[0.1197582578],"iteration":318,"passed_time":0.4279205593,"remaining_time":0.9135232002},
{"learn":[0.1196193533],"iteration":319,"passed_time":0.4299225272,"remaining_time":0.9135853702},
{"learn":[0.1193660352],"iteration":320,"passed_time":0.4312333034,"remaining_time":0.9121726261},
{"learn":[0.1189365322],"iteration":321,"passed_time":0.4325692905,"remaining_time":0.9108135993},
{"learn":[0.1186574345],"iteration":322,"passed_time":0.4343208346,"remaining_time":0.9103257121},
{"learn":[0.1184255276],"iteration":323,"passed_time":0.4356487806,"remaining_time":0.9089462213},
{"learn":[0.1179639883],"iteration":324,"passed_time":0.4407733922,"remaining_time":0.9154524299},
{"learn":[0.1175480077],"iteration":325,"passed_time":0.4421336758,"remaining_time":0.9141045935},
{"learn":[0.1173146603],"iteration":326,"passed_time":0.4458042578,"remaining_time":0.9175115152},
{"learn":[0.1169911926],"iteration":327,"passed_time":0.4484376834,"remaining_time":0.9187503758},
{"learn":[0.1167290438],"iteration":328,"passed_time":0.4501577703,"remaining_time":0.9181029298},
{"learn":[0.1164553635],"iteration":329,"passed_time":0.4524619471,"remaining_time":0.9186348623},
{"learn":[0.116206313],"iteration":330,"passed_time":0.4544708965,"remaining_time":0.9185529601},
{"learn":[0.1159303542],"iteration":331,"passed_time":0.4564538382,"remaining_time":0.9184071203},
{"learn":[0.1156663665],"iteration":332,"passed_time":0.4578101756,"remaining_time":0.9169951565},
{"learn":[0.1154089235],"iteration":333,"passed_time":0.4597694813,"remaining_time":0.9167858519},
{"learn":[0.1150357981],"iteration":334,"passed_time":0.4633141784,"remaining_time":0.9197132198},
{"learn":[0.1148345426],"iteration":335,"passed_time":0.4650606304,"remaining_time":0.9190483886},
{"learn":[0.1142322451],"iteration":336,"passed_time":0.4666007743,"remaining_time":0.9179712562},
{"learn":[0.1136626641],"iteration":337,"passed_time":0.467923111,"remaining_time":0.9164647913},
{"learn":[0.1133233919],"iteration":338,"passed_time":0.469609984,"remaining_time":0.9156702049},
{"learn":[0.1127953824],"iteration":339,"passed_time":0.4709252137,"remaining_time":0.9141489443},
{"learn":[0.1125359758],"iteration":340,"passed_time":0.4727424483,"remaining_time":0.9135990423},
{"learn":[0.1121406715],"iteration":341,"passed_time":0.4741423624,"remaining_time":0.9122388142},
{"learn":[0.1118485104],"iteration":342,"passed_time":0.4756937959,"remaining_time":0.9111685828},
{"learn":[0.1117138208],"iteration":343,"passed_time":0.4772037399,"remaining_time":0.9100164343},
{"learn":[0.111226579],"iteration":344,"passed_time":0.4789919191,"remaining_time":0.9093904551},
{"learn":[0.1110759798],"iteration":345,"passed_time":0.4802910966,"remaining_time":0.9078334601},
{"learn":[0.1108908854],"iteration":346,"passed_time":0.4823204363,"remaining_time":0.9076520025},
{"learn":[0.1107060373],"iteration":347,"passed_time":0.484082579,"remaining_time":0.9069593148},
{"learn":[0.110284667],"iteration":348,"passed_time":0.486312216,"remaining_time":0.9071325291},
{"learn":[0.1098818147],"iteration":349,"passed_time":0.4880496956,"remaining_time":0.906378006},
{"learn":[0.1094825732],"iteration":350,"passed_time":0.490079143,"remaining_time":0.9061577316},
{"learn":[0.1092066559],"iteration":351,"passed_time":0.4918120558,"remaining_time":0.9053812846},
{"learn":[0.1088174153],"iteration":352,"passed_time":0.4931901893,"remaining_time":0.9039491571},
{"learn":[0.1083776907],"iteration":353,"passed_time":0.4950613725,"remaining_time":0.9034170808},
{"learn":[0.1081621826],"iteration":354,"passed_time":0.4964777342,"remaining_time":0.9020510945},
{"learn":[0.1080168057],"iteration":355,"passed_time":0.4980059535,"remaining_time":0.9008871743},
{"learn":[0.1077577189],"iteration":356,"passed_time":0.4998208695,"remaining_time":0.9002375885},
{"learn":[0.1075189808],"iteration":357,"passed_time":0.5033250935,"remaining_time":0.9026109218},
{"learn":[0.1070814947],"iteration":358,"passed_time":0.5055790987,"remaining_time":0.9027192264},
{"learn":[0.1069632521],"iteration":359,"passed_time":0.5111347907,"remaining_time":0.9086840724},
{"learn":[0.106637301],"iteration":360,"passed_time":0.5132059058,"remaining_time":0.9084171019},
{"learn":[0.1064039546],"iteration":361,"passed_time":0.5147880405,"remaining_time":0.9072783698},
{"learn":[0.1061474884],"iteration":362,"passed_time":0.516465618,"remaining_time":0.9063046795},
{"learn":[0.1059314975],"iteration":363,"passed_time":0.5185441606,"remaining_time":0.9060277091},
{"learn":[0.1057330819],"iteration":364,"passed_time":0.5200133905,"remaining_time":0.90468083},
{"learn":[0.1055059268],"iteration":365,"passed_time":0.5213872855,"remaining_time":0.9031681393},
{"learn":[0.105178211],"iteration":366,"passed_time":0.5232094444,"remaining_time":0.9024293687},
{"learn":[0.1048709168],"iteration":367,"passed_time":0.5254326934,"remaining_time":0.9023735387},
{"learn":[0.1046314951],"iteration":368,"passed_time":0.5268165353,"remaining_time":0.9008705523},
{"learn":[0.1043349074],"iteration":369,"passed_time":0.5286359198,"remaining_time":0.9001098094},
{"learn":[0.1041756242],"iteration":370,"passed_time":0.5300152074,"remaining_time":0.8985972114},
{"learn":[0.1039746013],"iteration":371,"passed_time":0.5316072336,"remaining_time":0.8974444696},
{"learn":[0.1038747634],"iteration":372,"passed_time":0.5332220432,"remaining_time":0.8963276704},
{"learn":[0.1033671235],"iteration":373,"passed_time":0.5350373992,"remaining_time":0.895543882},
{"learn":[0.1030322569],"iteration":374,"passed_time":0.5363945115,"remaining_time":0.8939908525},
{"learn":[0.1028218043],"iteration":375,"passed_time":0.5381850415,"remaining_time":0.893158154},
{"learn":[0.1024702019],"iteration":376,"passed_time":0.5394512733,"remaining_time":0.8914539609},
{"learn":[0.1020922603],"iteration":377,"passed_time":0.5407870082,"remaining_time":0.8898664527},
{"learn":[0.1018776764],"iteration":378,"passed_time":0.5428048424,"remaining_time":0.8893979079},
{"learn":[0.1016372079],"iteration":379,"passed_time":0.5444590565,"remaining_time":0.8883279343},
{"learn":[0.1013144828],"iteration":380,"passed_time":0.5462652137,"remaining_time":0.8875017514},
{"learn":[0.1010361943],"iteration":381,"passed_time":0.5481102642,"remaining_time":0.8867333593},
{"learn":[0.1007765598],"iteration":382,"passed_time":0.5499456254,"remaining_time":0.8859437359},
{"learn":[0.1003661044],"iteration":383,"passed_time":0.553273393,"remaining_time":0.8875427346},
{"learn":[0.1000992071],"iteration":384,"passed_time":0.5545884004,"remaining_time":0.8859009513},
{"learn":[0.09984695839],"iteration":385,"passed_time":0.556649829,"remaining_time":0.8854481736},
{"learn":[0.09959423194],"iteration":386,"passed_time":0.5585073604,"remaining_time":0.8846641135},
{"learn":[0.0994309642],"iteration":387,"passed_time":0.5601632486,"remaining_time":0.8835564643},
{"learn":[0.09919200448],"iteration":388,"passed_time":0.5618642212,"remaining_time":0.8825168101},
{"learn":[0.0990673029],"iteration":389,"passed_time":0.566855699,"remaining_time":0.8866204523},
{"learn":[0.09901998491],"iteration":390,"passed_time":0.5699789622,"remaining_time":0.8877677442},
{"learn":[0.09873504234],"iteration":391,"passed_time":0.5727052883,"remaining_time":0.88827759},
{"learn":[0.09855509985],"iteration":392,"passed_time":0.5751226435,"remaining_time":0.8882937522},
{"learn":[0.09835019],"iteration":393,"passed_time":0.576617619,"remaining_time":0.8868788759},
{"learn":[0.09813544692],"iteration":394,"passed_time":0.5785105482,"remaining_time":0.8860731182},
{"learn":[0.09798817287],"iteration":395,"passed_time":0.5803712963,"remaining_time":0.8852127853},
{"learn":[0.09768094646],"iteration":396,"passed_time":0.5819043905,"remaining_time":0.8838497417},
{"learn":[0.09744938431],"iteration":397,"passed_time":0.5838052826,"remaining_time":0.8830421612},
{"learn":[0.09726615655],"iteration":398,"passed_time":0.5855263936,"remaining_time":0.8819583022},
{"learn":[0.09713503312],"iteration":399,"passed_time":0.587377817,"remaining_time":0.8810667255},
{"learn":[0.09694096161],"iteration":400,"passed_time":0.5891581565,"remaining_time":0.8800641789},
{"learn":[0.09676215246],"iteration":401,"passed_time":0.5908476912,"remaining_time":0.878922685},
{"learn":[0.09657737168],"iteration":402,"passed_time":0.5926231636,"remaining_time":0.8779057783},
{"learn":[0.09634684445],"iteration":403,"passed_time":0.597505781,"remaining_time":0.8814689244},
{"learn":[0.09616384157],"iteration":404,"passed_time":0.6006778462,"remaining_time":0.8824773296},
{"learn":[0.09603709747],"iteration":405,"passed_time":0.6023814996,"remaining_time":0.8813167752},
{"learn":[0.09580380629],"iteration":406,"passed_time":0.6039629825,"remaining_time":0.8799755495},
{"learn":[0.09566811285],"iteration":407,"passed_time":0.6096166294,"remaining_time":0.884541776},
{"learn":[0.09538893834],"iteration":408,"passed_time":0.6116086289,"remaining_time":0.8837669919},
{"learn":[0.09513765754],"iteration":409,"passed_time":0.613368595,"remaining_time":0.8826523684},
{"learn":[0.09506769842],"iteration":410,"passed_time":0.6174105767,"remaining_time":0.8848049384},
{"learn":[0.09490996657],"iteration":411,"passed_time":0.6210513992,"remaining_time":0.8863549096},
{"learn":[0.09462812679],"iteration":412,"passed_time":0.6226370102,"remaining_time":0.8849586562},
{"learn":[0.09444776189],"iteration":413,"passed_time":0.6267935413,"remaining_time":0.8872005198},
{"learn":[0.09428623788],"iteration":414,"passed_time":0.6309703698,"remaining_time":0.8894401598},
{"learn":[0.09404328721],"iteration":415,"passed_time":0.632825614,"remaining_time":0.8883898042},
{"learn":[0.09376565441],"iteration":416,"passed_time":0.6346661546,"remaining_time":0.8873150314},
{"learn":[0.09345976038],"iteration":417,"passed_time":0.6393530854,"remaining_time":0.8901997505},
{"learn":[0.09329210784],"iteration":418,"passed_time":0.6429020847,"remaining_time":0.8914704325},
{"learn":[0.09307224439],"iteration":419,"passed_time":0.6446444672,"remaining_time":0.8902233119},
{"learn":[0.09282301104],"iteration":420,"passed_time":0.6464275684,"remaining_time":0.8890298387},
{"learn":[0.09264065291],"iteration":421,"passed_time":0.6514481561,"remaining_time":0.8922678537},
{"learn":[0.09256043951],"iteration":422,"passed_time":0.6547428281,"remaining_time":0.8931125575},
{"learn":[0.09230413992],"iteration":423,"passed_time":0.6565542497,"remaining_time":0.8919227543},
{"learn":[0.09215701346],"iteration":424,"passed_time":0.6584756789,"remaining_time":0.8908788597},
{"learn":[0.09202591067],"iteration":425,"passed_time":0.6650385596,"remaining_time":0.8960848197},
{"learn":[0.09173698114],"iteration":426,"passed_time":0.6678736439,"remaining_time":0.8962332504},
{"learn":[0.09156672934],"iteration":427,"passed_time":0.6723360941,"remaining_time":0.8985426304},
{"learn":[0.09137553404],"iteration":428,"passed_time":0.6740430247,"remaining_time":0.897152837},
{"learn":[0.09124757841],"iteration":429,"passed_time":0.6793667958,"remaining_time":0.9005559852},
{"learn":[0.09109342721],"iteration":430,"passed_time":0.6827302968,"remaining_time":0.9013307167},
{"learn":[0.09092449497],"iteration":431,"passed_time":0.6844997766,"remaining_time":0.899990447},
{"learn":[0.09074460999],"iteration":432,"passed_time":0.6895306954,"remaining_time":0.9029189476},
{"learn":[0.09050989159],"iteration":433,"passed_time":0.6933880061,"remaining_time":0.9042802107},
{"learn":[0.09033197231],"iteration":434,"passed_time":0.6974048027,"remaining_time":0.9058246288},
{"learn":[0.09010322366],"iteration":435,"passed_time":0.7001210269,"remaining_time":0.9056611449},
{"learn":[0.08994091304],"iteration":436,"passed_time":0.7038676904,"remaining_time":0.9068135234},
{"learn":[0.0897852993],"iteration":437,"passed_time":0.7068244579,"remaining_time":0.9069300122},
{"learn":[0.08964695564],"iteration":438,"passed_time":0.7091977009,"remaining_time":0.9062868115},
{"learn":[0.08949936572],"iteration":439,"passed_time":0.7123575938,"remaining_time":0.9066369376},
{"learn":[0.08940066477],"iteration":440,"passed_time":0.7141438485,"remaining_time":0.9052299576},
{"learn":[0.08924056826],"iteration":441,"passed_time":0.7180712786,"remaining_time":0.9065243744},
{"learn":[0.08910501795],"iteration":442,"passed_time":0.7222823678,"remaining_time":0.908151871},
{"learn":[0.08889609407],"iteration":443,"passed_time":0.7240106999,"remaining_time":0.9066440296},
{"learn":[0.08879841787],"iteration":444,"passed_time":0.7258407899,"remaining_time":0.9052621088},
{"learn":[0.08868992899],"iteration":445,"passed_time":0.7314244042,"remaining_time":0.9085406276},
{"learn":[0.08850824002],"iteration":446,"passed_time":0.7335411609,"remaining_time":0.9074905189},
{"learn":[0.08843026002],"iteration":447,"passed_time":0.735252764,"remaining_time":0.9059364414},
{"learn":[0.08829553774],"iteration":448,"passed_time":0.7395092062,"remaining_time":0.9075046161},
{"learn":[0.08807945539],"iteration":449,"passed_time":0.7452853071,"remaining_time":0.9109042642},
{"learn":[0.08796022626],"iteration":450,"passed_time":0.7471238891,"remaining_time":0.9094701},
{"learn":[0.08779972425],"iteration":451,"passed_time":0.7489616202,"remaining_time":0.9080331148},
{"learn":[0.08756581946],"iteration":452,"passed_time":0.7535606568,"remaining_time":0.9099286518},
{"learn":[0.08739390357],"iteration":453,"passed_time":0.7572356091,"remaining_time":0.9106842347},
{"learn":[0.08716824458],"iteration":454,"passed_time":0.7590325407,"remaining_time":0.9091708454},
{"learn":[0.08695197776],"iteration":455,"passed_time":0.7606370915,"remaining_time":0.9074267057},
{"learn":[0.08682489606],"iteration":456,"passed_time":0.7651055406,"remaining_time":0.9090860144},
{"learn":[0.08659890605],"iteration":457,"passed_time":0.7683918765,"remaining_time":0.9093196443},
{"learn":[0.08638334755],"iteration":458,"passed_time":0.7701451391,"remaining_time":0.907730981},
{"learn":[0.08620139118],"iteration":459,"passed_time":0.7719190742,"remaining_time":0.9061658698},
{"learn":[0.08598833646],"iteration":460,"passed_time":0.7761479474,"remaining_time":0.9074701597},
{"learn":[0.08575190001],"iteration":461,"passed_time":0.7797653062,"remaining_time":0.9080383868},
{"learn":[0.08557360814],"iteration":462,"passed_time":0.7815995556,"remaining_time":0.9065204349},
{"learn":[0.08536969198],"iteration":463,"passed_time":0.7833819945,"remaining_time":0.9049412695},
{"learn":[0.08510751407],"iteration":464,"passed_time":0.7889050149,"remaining_time":0.9076649096},
{"learn":[0.08476951302],"iteration":465,"passed_time":0.7913830244,"remaining_time":0.906863809},
{"learn":[0.08458153295],"iteration":466,"passed_time":0.793162867,"remaining_time":0.9052586898},
{"learn":[0.08445931645],"iteration":467,"passed_time":0.7970586814,"remaining_time":0.9060581592},
{"learn":[0.08431766418],"iteration":468,"passed_time":0.8014221122,"remaining_time":0.9073670397},
{"learn":[0.08414583237],"iteration":469,"passed_time":0.8032124595,"remaining_time":0.9057502203},
{"learn":[0.08396237803],"iteration":470,"passed_time":0.8049515095,"remaining_time":0.9040750499},
{"learn":[0.08385668687],"iteration":471,"passed_time":0.8088223088,"remaining_time":0.9047842776},
{"learn":[0.08376006862],"iteration":472,"passed_time":0.8132170554,"remaining_time":0.9060579032},
{"learn":[0.08351347012],"iteration":473,"passed_time":0.8150066209,"remaining_time":0.9044166299},
{"learn":[0.08342758236],"iteration":474,"passed_time":0.8167456567,"remaining_time":0.9027188837},
{"learn":[0.08321402525],"iteration":475,"passed_time":0.8210074556,"remaining_time":0.9037981233},
{"learn":[0.0829612718],"iteration":476,"passed_time":0.8245322379,"remaining_time":0.9040468772},
{"learn":[0.08273425722],"iteration":477,"passed_time":0.8262192823,"remaining_time":0.9022729401},
{"learn":[0.08248709452],"iteration":478,"passed_time":0.8280547199,"remaining_time":0.9006607705},
{"learn":[0.08228694286],"iteration":479,"passed_time":0.8329730038,"remaining_time":0.9023874208},
{"learn":[0.0822052821],"iteration":480,"passed_time":0.8359524787,"remaining_time":0.9019944625},
{"learn":[0.0820992445],"iteration":481,"passed_time":0.8377618522,"remaining_time":0.9003332768},
{"learn":[0.08202004089],"iteration":482,"passed_time":0.8411378405,"remaining_time":0.9003483717},
{"learn":[0.08191351715],"iteration":483,"passed_time":0.8457152059,"remaining_time":0.9016302608},
{"learn":[0.08177865927],"iteration":484,"passed_time":0.8474950176,"remaining_time":0.8999173899},
{"learn":[0.08155216999],"iteration":485,"passed_time":0.8493555489,"remaining_time":0.8982896135},
{"learn":[0.08141348863],"iteration":486,"passed_time":0.8539837667,"remaining_time":0.8995763292},
{"learn":[0.08126902786],"iteration":487,"passed_time":0.8572415318,"remaining_time":0.8994009513},
{"learn":[0.08111669002],"iteration":488,"passed_time":0.8598167212,"remaining_time":0.898499682},
{"learn":[0.08094192006],"iteration":489,"passed_time":0.8617343823,"remaining_time":0.8969072143},
{"learn":[0.08078707841],"iteration":490,"passed_time":0.8659774441,"remaining_time":0.8977240714},
{"learn":[0.08056171265],"iteration":491,"passed_time":0.8696650191,"remaining_time":0.8979468084},
{"learn":[0.08048245672],"iteration":492,"passed_time":0.8736647,"remaining_time":0.8984746509},
{"learn":[0.08034142216],"iteration":493,"passed_time":0.8750158598,"remaining_time":0.8962713058},
{"learn":[0.08023152321],"iteration":494,"passed_time":0.8763972368,"remaining_time":0.8941022315},
{"learn":[0.0800788559],"iteration":495,"passed_time":0.8777515907,"remaining_time":0.8919088744},
{"learn":[0.07994590847],"iteration":496,"passed_time":0.8792318693,"remaining_time":0.8898463386},
{"learn":[0.07968283167],"iteration":497,"passed_time":0.8812346126,"remaining_time":0.8883128023},
{"learn":[0.07953916613],"iteration":498,"passed_time":0.8829923178,"remaining_time":0.8865313652},
{"learn":[0.07925730919],"iteration":499,"passed_time":0.8847182841,"remaining_time":0.8847182841},
{"learn":[0.07907695949],"iteration":500,"passed_time":0.8860950749,"remaining_time":0.8825577692},
{"learn":[0.07900728485],"iteration":501,"passed_time":0.8876084651,"remaining_time":0.8805358877},
{"learn":[0.0788514183],"iteration":502,"passed_time":0.8892199253,"remaining_time":0.8786129282},
{"learn":[0.07870048225],"iteration":503,"passed_time":0.8905140666,"remaining_time":0.8763789227},
{"learn":[0.07863410784],"iteration":504,"passed_time":0.8920543237,"remaining_time":0.8743898816},
{"learn":[0.07847852711],"iteration":505,"passed_time":0.8936863672,"remaining_time":0.8724922241},
{"learn":[0.07838609614],"iteration":506,"passed_time":0.8954277125,"remaining_time":0.870701898},
{"learn":[0.07823005738],"iteration":507,"passed_time":0.8967378978,"remaining_time":0.8684941845},
{"learn":[0.07813229086],"iteration":508,"passed_time":0.8984457202,"remaining_time":0.8666735729},
{"learn":[0.07794302856],"iteration":509,"passed_time":0.8998163148,"remaining_time":0.8645294005},
{"learn":[0.07774084961],"iteration":510,"passed_time":0.9015757236,"remaining_time":0.8627603304},
{"learn":[0.07759240241],"iteration":511,"passed_time":0.9028709848,"remaining_time":0.8605489074},
{"learn":[0.07732426314],"iteration":512,"passed_time":0.9046682037,"remaining_time":0.8588175735},
{"learn":[0.07720441327],"iteration":513,"passed_time":0.9059580674,"remaining_time":0.8566062661},
{"learn":[0.07707418253],"iteration":514,"passed_time":0.907675389,"remaining_time":0.8548010945},
{"learn":[0.07689542154],"iteration":515,"passed_time":0.9090449237,"remaining_time":0.8526700447},
{"learn":[0.07666074303],"iteration":516,"passed_time":0.910386427,"remaining_time":0.8505157529},
{"learn":[0.07661883807],"iteration":517,"passed_time":0.9122149094,"remaining_time":0.8488177342},
{"learn":[0.07641769596],"iteration":518,"passed_time":0.9134964884,"remaining_time":0.8466123524},
{"learn":[0.07626093714],"iteration":519,"passed_time":0.9151461218,"remaining_time":0.8447502662},
{"learn":[0.0761610735],"iteration":520,"passed_time":0.9165161087,"remaining_time":0.8426318926},
{"learn":[0.07605077622],"iteration":521,"passed_time":0.917698991,"remaining_time":0.8403450531},
{"learn":[0.0758590023],"iteration":522,"passed_time":0.9194003777,"remaining_time":0.8385353349},
{"learn":[0.07567729711],"iteration":523,"passed_time":0.920685882,"remaining_time":0.836348244},
{"learn":[0.07547959388],"iteration":524,"passed_time":0.9219182449,"remaining_time":0.8341165073},
{"learn":[0.07534004111],"iteration":525,"passed_time":0.9235312159,"remaining_time":0.832231552},
{"learn":[0.07519362558],"iteration":526,"passed_time":0.9247206376,"remaining_time":0.8299674793},
{"learn":[0.07510035533],"iteration":527,"passed_time":0.9263369339,"remaining_time":0.8280890773},
{"learn":[0.07499828779],"iteration":528,"passed_time":0.9278448249,"remaining_time":0.8261151465},
{"learn":[0.0749560014],"iteration":529,"passed_time":0.9293354013,"remaining_time":0.8241276201},
{"learn":[0.07471410521],"iteration":530,"passed_time":0.9311420444,"remaining_time":0.8224211278},
{"learn":[0.07458529042],"iteration":531,"passed_time":0.9325069529,"remaining_time":0.8203256653},
{"learn":[0.07444559975],"iteration":532,"passed_time":0.93423557,"remaining_time":0.8185516157},
{"learn":[0.07428138959],"iteration":533,"passed_time":0.9359277038,"remaining_time":0.8167458988},
{"learn":[0.07417567965],"iteration":534,"passed_time":0.9376437567,"remaining_time":0.8149613961},
{"learn":[0.07405279249],"iteration":535,"passed_time":0.9394141192,"remaining_time":0.8132241629},
{"learn":[0.07393845132],"iteration":536,"passed_time":0.9445974333,"remaining_time":0.8144294444},
{"learn":[0.07381941068],"iteration":537,"passed_time":0.9476815956,"remaining_time":0.813808359},
{"learn":[0.07361173593],"iteration":538,"passed_time":0.9495354648,"remaining_time":0.8121258799},
{"learn":[0.07345148321],"iteration":539,"passed_time":0.9513263966,"remaining_time":0.8103891527},
{"learn":[0.07336020664],"iteration":540,"passed_time":0.9569578901,"remaining_time":0.8119106683},
{"learn":[0.07323936772],"iteration":541,"passed_time":0.959259821,"remaining_time":0.8105922473},
{"learn":[0.07305895468],"iteration":542,"passed_time":0.9609265429,"remaining_time":0.8087355988},
{"learn":[0.07294861042],"iteration":543,"passed_time":0.9646357127,"remaining_time":0.8085917004},
{"learn":[0.07282641173],"iteration":544,"passed_time":0.9691400975,"remaining_time":0.8090986135},
{"learn":[0.07271166926],"iteration":545,"passed_time":0.9709327715,"remaining_time":0.8073323777},
{"learn":[0.07262999517],"iteration":546,"passed_time":0.9726454064,"remaining_time":0.8054997607},
{"learn":[0.07242964448],"iteration":547,"passed_time":0.9802324489,"remaining_time":0.8085128958},
{"learn":[0.07236833942],"iteration":548,"passed_time":0.9840010875,"remaining_time":0.8083506202},
{"learn":[0.07219351925],"iteration":549,"passed_time":0.9876764907,"remaining_time":0.8080989469},
{"learn":[0.07211900572],"iteration":550,"passed_time":0.9905327943,"remaining_time":0.8071673768},
{"learn":[0.07188163021],"iteration":551,"passed_time":0.9930057758,"remaining_time":0.8059177311},
{"learn":[0.07164389822],"iteration":552,"passed_time":0.9948303792,"remaining_time":0.8041395651},
{"learn":[0.07146506048],"iteration":553,"passed_time":0.9984511665,"remaining_time":0.8038072568},
{"learn":[0.0713620124],"iteration":554,"passed_time":1.003106939,"remaining_time":0.804292951},
{"learn":[0.0711943644],"iteration":555,"passed_time":1.004884764,"remaining_time":0.8024619337},
{"learn":[0.07100521161],"iteration":556,"passed_time":1.006629597,"remaining_time":0.8006048678},
{"learn":[0.0708968469],"iteration":557,"passed_time":1.011804146,"remaining_time":0.8014649329},
{"learn":[0.07078787782],"iteration":558,"passed_time":1.014543579,"remaining_time":0.8003823227},
{"learn":[0.07072439435],"iteration":559,"passed_time":1.016302343,"remaining_time":0.7985232698},
{"learn":[0.07066569335],"iteration":560,"passed_time":1.020200011,"remaining_time":0.7983383333},
{"learn":[0.07044140898],"iteration":561,"passed_time":1.024513352,"remaining_time":0.798464143},
{"learn":[0.07031948518],"iteration":562,"passed_time":1.026243712,"remaining_time":0.7965692758},
{"learn":[0.07024134],"iteration":563,"passed_time":1.028065992,"remaining_time":0.7947460503},
{"learn":[0.07014814335],"iteration":564,"passed_time":1.033262654,"remaining_time":0.7955208047},
{"learn":[0.07000341512],"iteration":565,"passed_time":1.035983922,"remaining_time":0.7943763642},
{"learn":[0.06992197944],"iteration":566,"passed_time":1.037755897,"remaining_time":0.7925014171},
{"learn":[0.06983707492],"iteration":567,"passed_time":1.041479622,"remaining_time":0.7921112618},
{"learn":[0.06967571195],"iteration":568,"passed_time":1.045917626,"remaining_time":0.7922504336},
{"learn":[0.06942121932],"iteration":569,"passed_time":1.047764053,"remaining_time":0.7904184961},
{"learn":[0.06935143485],"iteration":570,"passed_time":1.049596017,"remaining_time":0.7885756418},
{"learn":[0.06919148818],"iteration":571,"passed_time":1.054623956,"remaining_time":0.7891242191},
{"learn":[0.06906604624],"iteration":572,"passed_time":1.057579756,"remaining_time":0.7881091725},
{"learn":[0.0690107793],"iteration":573,"passed_time":1.05938852,"remaining_time":0.7862360793},
{"learn":[0.06890442974],"iteration":574,"passed_time":1.063135503,"remaining_time":0.7857958066},
{"learn":[0.06880725453],"iteration":575,"passed_time":1.067564474,"remaining_time":0.7858460708},
{"learn":[0.06875260581],"iteration":576,"passed_time":1.06930545,"remaining_time":0.7839102344},
{"learn":[0.06870757446],"iteration":577,"passed_time":1.071049319,"remaining_time":0.7819771845},
{"learn":[0.06851991296],"iteration":578,"passed_time":1.075844096,"remaining_time":0.7822631512},
{"learn":[0.06828723842],"iteration":579,"passed_time":1.078800235,"remaining_time":0.7812001699},
{"learn":[0.06820809297],"iteration":580,"passed_time":1.080529314,"remaining_time":0.7792457528},
{"learn":[0.06813620182],"iteration":581,"passed_time":1.082660381,"remaining_time":0.7775808236},
{"learn":[0.06792463346],"iteration":582,"passed_time":1.088275204,"remaining_time":0.7784061063},
{"learn":[0.06778048064],"iteration":583,"passed_time":1.090026035,"remaining_time":0.7764569014},
{"learn":[0.06768265101],"iteration":584,"passed_time":1.091752802,"remaining_time":0.7744913039},
{"learn":[0.06762191099],"iteration":585,"passed_time":1.095582602,"remaining_time":0.7740122817},
{"learn":[0.0675484323],"iteration":586,"passed_time":1.100159786,"remaining_time":0.774047686},
{"learn":[0.06746281623],"iteration":587,"passed_time":1.101806119,"remaining_time":0.7720138111},
{"learn":[0.06740516493],"iteration":588,"passed_time":1.106222983,"remaining_time":0.7719145093},
{"learn":[0.06730653036],"iteration":589,"passed_time":1.108937724,"remaining_time":0.7706177407},
{"learn":[0.06718549278],"iteration":590,"passed_time":1.111128405,"remaining_time":0.7689534989},
{"learn":[0.06704599429],"iteration":591,"passed_time":1.112841064,"remaining_time":0.7669580309},
{"learn":[0.0669273957],"iteration":592,"passed_time":1.115994462,"remaining_time":0.7659523542},
{"learn":[0.0668829967],"iteration":593,"passed_time":1.120738286,"remaining_time":0.7660265052},
{"learn":[0.066714766],"iteration":594,"passed_time":1.12400197,"remaining_time":0.7650769714},
{"learn":[0.06664482298],"iteration":595,"passed_time":1.126561335,"remaining_time":0.7636422471},
{"learn":[0.06654851356],"iteration":596,"passed_time":1.128284586,"remaining_time":0.7616393435},
{"learn":[0.06644764075],"iteration":597,"passed_time":1.132478105,"remaining_time":0.7612979904},
{"learn":[0.06633358869],"iteration":598,"passed_time":1.135974894,"remaining_time":0.7604773499},
{"learn":[0.06626357707],"iteration":599,"passed_time":1.137691615,"remaining_time":0.7584610769},
{"learn":[0.06620850648],"iteration":600,"passed_time":1.139436913,"remaining_time":0.7564647727},
{"learn":[0.0661546401],"iteration":601,"passed_time":1.144262172,"remaining_time":0.7565055557},
{"learn":[0.06609461735],"iteration":602,"passed_time":1.147448675,"remaining_time":0.7554512833},
{"learn":[0.06593220735],"iteration":603,"passed_time":1.149267174,"remaining_time":0.753493048},
{"learn":[0.06585381961],"iteration":604,"passed_time":1.152877751,"remaining_time":0.7527053087},
{"learn":[0.06578003425],"iteration":605,"passed_time":1.157461292,"remaining_time":0.75254084},
{"learn":[0.06570745464],"iteration":606,"passed_time":1.159236006,"remaining_time":0.7505432462},
{"learn":[0.06559518257],"iteration":607,"passed_time":1.161082898,"remaining_time":0.7485929211},
{"learn":[0.06547573973],"iteration":608,"passed_time":1.166368529,"remaining_time":0.7488507302},
{"learn":[0.06533814206],"iteration":609,"passed_time":1.169121847,"remaining_time":0.7474713451},
{"learn":[0.06524336872],"iteration":610,"passed_time":1.170998496,"remaining_time":0.7455293206},
{"learn":[0.06517088644],"iteration":611,"passed_time":1.17477308,"remaining_time":0.7447907761},
{"learn":[0.06510788016],"iteration":612,"passed_time":1.179063129,"remaining_time":0.74436775},
{"learn":[0.06491820367],"iteration":613,"passed_time":1.180663251,"remaining_time":0.7422410666},
{"learn":[0.06480284178],"iteration":614,"passed_time":1.182291447,"remaining_time":0.74013367},
{"learn":[0.06467279656],"iteration":615,"passed_time":1.187189662,"remaining_time":0.7400662831},
{"learn":[0.06455981758],"iteration":616,"passed_time":1.190018837,"remaining_time":0.7386988893},
{"learn":[0.064363553],"iteration":617,"passed_time":1.191705394,"remaining_time":0.736620486},
{"learn":[0.06426597926],"iteration":618,"passed_time":1.193470099,"remaining_time":0.7345914503},
{"learn":[0.06413283753],"iteration":619,"passed_time":1.198827414,"remaining_time":0.7347651893},
{"learn":[0.06405609236],"iteration":620,"passed_time":1.201219941,"remaining_time":0.7331116868},
{"learn":[0.06394668437],"iteration":621,"passed_time":1.203000092,"remaining_time":0.7310836571},
{"learn":[0.06380463349],"iteration":622,"passed_time":1.206816319,"remaining_time":0.7302885271},
{"learn":[0.06374396249],"iteration":623,"passed_time":1.211206537,"remaining_time":0.7298295803},
{"learn":[0.06366885693],"iteration":624,"passed_time":1.213009356,"remaining_time":0.7278056137},
{"learn":[0.06354959784],"iteration":625,"passed_time":1.21467114,"remaining_time":0.725698093},
{"learn":[0.06346691224],"iteration":626,"passed_time":1.219123505,"remaining_time":0.7252521012},
{"learn":[0.063347019],"iteration":627,"passed_time":1.222598732,"remaining_time":0.7242145355},
{"learn":[0.06323758464],"iteration":628,"passed_time":1.224484266,"remaining_time":0.7222315782},
{"learn":[0.063174089],"iteration":629,"passed_time":1.226233687,"remaining_time":0.720168991},
{"learn":[0.06312162551],"iteration":630,"passed_time":1.2302634,"remaining_time":0.7194408792},
{"learn":[0.06301402291],"iteration":631,"passed_time":1.233836066,"remaining_time":0.7184361902},
{"learn":[0.06283373475],"iteration":632,"passed_time":1.235593694,"remaining_time":0.7163710675},
{"learn":[0.06264215934],"iteration":633,"passed_time":1.237282447,"remaining_time":0.714267154},
{"learn":[0.06251190436],"iteration":634,"passed_time":1.242088298,"remaining_time":0.7139562655},
{"learn":[0.0624603095],"iteration":635,"passed_time":1.245204425,"remaining_time":0.7126641678},
{"learn":[0.06235918622],"iteration":636,"passed_time":1.246992322,"remaining_time":0.7106094391},
{"learn":[0.06231159115],"iteration":637,"passed_time":1.250611627,"remaining_time":0.7095946847},
{"learn":[0.06222208693],"iteration":638,"passed_time":1.255415813,"remaining_time":0.7092411714},
{"learn":[0.0621104535],"iteration":639,"passed_time":1.257016696,"remaining_time":0.7070718917},
{"learn":[0.06202466629],"iteration":640,"passed_time":1.258752835,"remaining_time":0.7049801371},
{"learn":[0.06191159247],"iteration":641,"passed_time":1.263569881,"remaining_time":0.704607504},
{"learn":[0.06173225365],"iteration":642,"passed_time":1.26662046,"remaining_time":0.7032402866},
{"learn":[0.06166697403],"iteration":643,"passed_time":1.268411845,"remaining_time":0.7011717654},
{"learn":[0.06160173889],"iteration":644,"passed_time":1.271534296,"remaining_time":0.6998367054},
{"learn":[0.06151372889],"iteration":645,"passed_time":1.279057602,"remaining_time":0.7009077263},
{"learn":[0.06139742758],"iteration":646,"passed_time":1.280851635,"remaining_time":0.698826317},
{"learn":[0.06131477099],"iteration":647,"passed_time":1.282622284,"remaining_time":0.6967330923},
{"learn":[0.06115151765],"iteration":648,"passed_time":1.286561584,"remaining_time":0.6958137382},
{"learn":[0.06103621174],"iteration":649,"passed_time":1.294111192,"remaining_time":0.6968291032},
{"learn":[0.06091834313],"iteration":650,"passed_time":1.295878492,"remaining_time":0.6947182699},
{"learn":[0.06079144008],"iteration":651,"passed_time":1.302179555,"remaining_time":0.6950283515},
{"learn":[0.06072656966],"iteration":652,"passed_time":1.304283628,"remaining_time":0.6930879311},
{"learn":[0.06062300396],"iteration":653,"passed_time":1.306102387,"remaining_time":0.690996064},
{"learn":[0.06047869348],"iteration":654,"passed_time":1.309746179,"remaining_time":0.6898663081},
{"learn":[0.06038208375],"iteration":655,"passed_time":1.314516579,"remaining_time":0.6893196695},
{"learn":[0.060280377],"iteration":656,"passed_time":1.316212217,"remaining_time":0.6871549323},
{"learn":[0.06015864826],"iteration":657,"passed_time":1.317910773,"remaining_time":0.6849931374},
{"learn":[0.06008219926],"iteration":658,"passed_time":1.325420637,"remaining_time":0.6858398138},
{"learn":[0.05994726758],"iteration":659,"passed_time":1.327021334,"remaining_time":0.6836170507},
{"learn":[0.05986359865],"iteration":660,"passed_time":1.328664905,"remaining_time":0.6814181583},
{"learn":[0.0597797468],"iteration":661,"passed_time":1.332605635,"remaining_time":0.6803938135},
{"learn":[0.05966224897],"iteration":662,"passed_time":1.336860358,"remaining_time":0.6795202724},
{"learn":[0.05951262404],"iteration":663,"passed_time":1.338617422,"remaining_time":0.6773726715},
{"learn":[0.05943930754],"iteration":664,"passed_time":1.340350868,"remaining_time":0.6752143471},
{"learn":[0.05931756197],"iteration":665,"passed_time":1.345832739,"remaining_time":0.6749371392},
{"learn":[0.05915889037],"iteration":666,"passed_time":1.348146164,"remaining_time":0.6730624777},
{"learn":[0.05901345881],"iteration":667,"passed_time":1.349920819,"remaining_time":0.6709187305},
{"learn":[0.05893526351],"iteration":668,"passed_time":1.353662203,"remaining_time":0.6697491619},
{"learn":[0.0588259975],"iteration":669,"passed_time":1.358087176,"remaining_time":0.6689086092},
{"learn":[0.05875380729],"iteration":670,"passed_time":1.359931688,"remaining_time":0.6667921394},
{"learn":[0.05865471131],"iteration":671,"passed_time":1.361808184,"remaining_time":0.6646920897},
{"learn":[0.05855006755],"iteration":672,"passed_time":1.367388623,"remaining_time":0.6643923917},
{"learn":[0.05847702113],"iteration":673,"passed_time":1.369824689,"remaining_time":0.662556155},
{"learn":[0.05840229002],"iteration":674,"passed_time":1.371638345,"remaining_time":0.6604184622},
{"learn":[0.05826822061],"iteration":675,"passed_time":1.375599124,"remaining_time":0.6593108226},
{"learn":[0.05819407923],"iteration":676,"passed_time":1.380081206,"remaining_time":0.6584434707},
{"learn":[0.05813150931],"iteration":677,"passed_time":1.385587038,"remaining_time":0.658051661},
{"learn":[0.05807580207],"iteration":678,"passed_time":1.387314095,"remaining_time":0.6558583571},
{"learn":[0.05793961479],"iteration":679,"passed_time":1.389129127,"remaining_time":0.6537078244},
{"learn":[0.0578618863],"iteration":680,"passed_time":1.394286728,"remaining_time":0.6531240327},
{"learn":[0.0577841365],"iteration":681,"passed_time":1.397327403,"remaining_time":0.6515397569},
{"learn":[0.05767789036],"iteration":682,"passed_time":1.400901855,"remaining_time":0.6501989577},
{"learn":[0.05758811972],"iteration":683,"passed_time":1.403377786,"remaining_time":0.6483441234},
{"learn":[0.05749827591],"iteration":684,"passed_time":1.405679102,"remaining_time":0.6464071784},
{"learn":[0.05738165246],"iteration":685,"passed_time":1.408343525,"remaining_time":0.6446353744},
{"learn":[0.05729681091],"iteration":686,"passed_time":1.410048861,"remaining_time":0.642424008},
{"learn":[0.05723657553],"iteration":687,"passed_time":1.411785256,"remaining_time":0.6402281975},
{"learn":[0.05715735396],"iteration":688,"passed_time":1.415532703,"remaining_time":0.6389414666},
{"learn":[0.05699222233],"iteration":689,"passed_time":1.419941202,"remaining_time":0.6379445978},
{"learn":[0.05694523784],"iteration":690,"passed_time":1.421578129,"remaining_time":0.6356984687},
{"learn":[0.05683898812],"iteration":691,"passed_time":1.423355239,"remaining_time":0.6335164939},
{"learn":[0.05678406282],"iteration":692,"passed_time":1.427391002,"remaining_time":0.6323362735},
{"learn":[0.05667010856],"iteration":693,"passed_time":1.431969767,"remaining_time":0.6313872461},
{"learn":[0.05657468546],"iteration":694,"passed_time":1.433792392,"remaining_time":0.629218244},
{"learn":[0.05647970898],"iteration":695,"passed_time":1.43553011,"remaining_time":0.6270131516},
{"learn":[0.05642559559],"iteration":696,"passed_time":1.440024228,"remaining_time":0.6260076628},
{"learn":[0.05626004291],"iteration":697,"passed_time":1.443569965,"remaining_time":0.6245818474},
{"learn":[0.05618184232],"iteration":698,"passed_time":1.445343304,"remaining_time":0.6223867448},
{"learn":[0.0560996627],"iteration":699,"passed_time":1.447163519,"remaining_time":0.6202129366},
{"learn":[0.05600259563],"iteration":700,"passed_time":1.451910193,"remaining_time":0.6192883703},
{"learn":[0.05596718261],"iteration":701,"passed_time":1.455298692,"remaining_time":0.617776368},
{"learn":[0.05583165781],"iteration":702,"passed_time":1.459244045,"remaining_time":0.6164942834},
{"learn":[0.05578592866],"iteration":703,"passed_time":1.462096061,"remaining_time":0.6147449349},
{"learn":[0.05567684901],"iteration":704,"passed_time":1.463855233,"remaining_time":0.6125351682},
{"learn":[0.05560225718],"iteration":705,"passed_time":1.467534383,"remaining_time":0.6111262163},
{"learn":[0.05556308234],"iteration":706,"passed_time":1.472258497,"remaining_time":0.6101439033},
{"learn":[0.05545486668],"iteration":707,"passed_time":1.475772752,"remaining_time":0.608652039},
{"learn":[0.05537828619],"iteration":708,"passed_time":1.477694156,"remaining_time":0.6065007043},
{"learn":[0.05530148321],"iteration":709,"passed_time":1.479495006,"remaining_time":0.6043007772},
{"learn":[0.05522253422],"iteration":710,"passed_time":1.485307668,"remaining_time":0.6037326526},
{"learn":[0.05513038524],"iteration":711,"passed_time":1.487902348,"remaining_time":0.6018481407},
{"learn":[0.05511150043],"iteration":712,"passed_time":1.489813905,"remaining_time":0.5996866629},
{"learn":[0.05503410347],"iteration":713,"passed_time":1.494183883,"remaining_time":0.5985106309},
{"learn":[0.0549667358],"iteration":714,"passed_time":1.497920613,"remaining_time":0.5970732515},
{"learn":[0.05487710167],"iteration":715,"passed_time":1.499691128,"remaining_time":0.5948495536},
{"learn":[0.0548148708],"iteration":716,"passed_time":1.50230607,"remaining_time":0.5929604155},
{"learn":[0.05470745142],"iteration":717,"passed_time":1.507962812,"remaining_time":0.5922639458},
{"learn":[0.05463186178],"iteration":718,"passed_time":1.509709858,"remaining_time":0.5900256886},
{"learn":[0.05455040981],"iteration":719,"passed_time":1.511464342,"remaining_time":0.5877916887},
{"learn":[0.0544358171],"iteration":720,"passed_time":1.516099635,"remaining_time":0.586673784},
{"learn":[0.05435627553],"iteration":721,"passed_time":1.519886651,"remaining_time":0.5852195139},
{"learn":[0.05427965676],"iteration":722,"passed_time":1.521658293,"remaining_time":0.5829866488},
{"learn":[0.05421043014],"iteration":723,"passed_time":1.523467329,"remaining_time":0.5807693131},
{"learn":[0.0541065371],"iteration":724,"passed_time":1.528729974,"remaining_time":0.5798630934},
{"learn":[0.05398692171],"iteration":725,"passed_time":1.531609363,"remaining_time":0.578045407},
{"learn":[0.05390812328],"iteration":726,"passed_time":1.533412753,"remaining_time":0.5758207448},
{"learn":[0.05382870125],"iteration":727,"passed_time":1.537522109,"remaining_time":0.5744588098},
{"learn":[0.05377116418],"iteration":728,"passed_time":1.541626205,"remaining_time":0.5730873819},
{"learn":[0.05367191898],"iteration":729,"passed_time":1.543334468,"remaining_time":0.5708223376},
{"learn":[0.05356333143],"iteration":730,"passed_time":1.545160492,"remaining_time":0.5686021508},
{"learn":[0.05340304868],"iteration":731,"passed_time":1.549037385,"remaining_time":0.5671339061},
{"learn":[0.05332864579],"iteration":732,"passed_time":1.553704161,"remaining_time":0.5659468091},
{"learn":[0.05319865354],"iteration":733,"passed_time":1.555582312,"remaining_time":0.5637396391},
{"learn":[0.05312044625],"iteration":734,"passed_time":1.557442727,"remaining_time":0.5615269697},
{"learn":[0.05302535777],"iteration":735,"passed_time":1.562605352,"remaining_time":0.5604997459},
{"learn":[0.0529707079],"iteration":736,"passed_time":1.565603314,"remaining_time":0.5586888351},
{"learn":[0.05291406775],"iteration":737,"passed_time":1.567381362,"remaining_time":0.5564416218},
{"learn":[0.05277958012],"iteration":738,"passed_time":1.571475723,"remaining_time":0.5550137534},
{"learn":[0.05272234135],"iteration":739,"passed_time":1.576569183,"remaining_time":0.5539297129},
{"learn":[0.0525891378],"iteration":740,"passed_time":1.578328379,"remaining_time":0.5516694334},
{"learn":[0.05253540714],"iteration":741,"passed_time":1.580119822,"remaining_time":0.549421717},
{"learn":[0.05243974627],"iteration":742,"passed_time":1.585863663,"remaining_time":0.5485423437},
{"learn":[0.05231752566],"iteration":743,"passed_time":1.588170389,"remaining_time":0.5464672308},
{"learn":[0.05223889183],"iteration":744,"passed_time":1.590006712,"remaining_time":0.5442304855},
{"learn":[0.0521774015],"iteration":745,"passed_time":1.594279935,"remaining_time":0.5428245357},
{"learn":[0.05207487219],"iteration":746,"passed_time":1.597883849,"remaining_time":0.5411842219},
{"learn":[0.05201008514],"iteration":747,"passed_time":1.599616642,"remaining_time":0.5389082805},
{"learn":[0.05187664489],"iteration":748,"passed_time":1.601398554,"remaining_time":0.5366502498},
{"learn":[0.0518510021],"iteration":749,"passed_time":1.607062956,"remaining_time":0.5356876521},
{"learn":[0.0518202505],"iteration":750,"passed_time":1.609992922,"remaining_time":0.533805909},
{"learn":[0.05171673324],"iteration":751,"passed_time":1.61172968,"remaining_time":0.5315278732},
{"learn":[0.05160261318],"iteration":752,"passed_time":1.615425677,"remaining_time":0.5298939473},
{"learn":[0.05151577223],"iteration":753,"passed_time":1.619938326,"remaining_time":0.5285209923},
{"learn":[0.05149555944],"iteration":754,"passed_time":1.621678186,"remaining_time":0.5262399411},
{"learn":[0.05138967269],"iteration":755,"passed_time":1.623407445,"remaining_time":0.5239569002},
{"learn":[0.05129106337],"iteration":756,"passed_time":1.627896415,"remaining_time":0.5225612007},
{"learn":[0.05122887689],"iteration":757,"passed_time":1.631368671,"remaining_time":0.5208327418},
{"learn":[0.05118503847],"iteration":758,"passed_time":1.63320778,"remaining_time":0.5185811265},
{"learn":[0.05109499418],"iteration":759,"passed_time":1.635747583,"remaining_time":0.5165518684},
{"learn":[0.05098496329],"iteration":760,"passed_time":1.641218584,"remaining_time":0.5154418417},
{"learn":[0.05090247367],"iteration":761,"passed_time":1.644756525,"remaining_time":0.513716605},
{"learn":[0.05083385773],"iteration":762,"passed_time":1.649206136,"remaining_time":0.5122697959},
{"learn":[0.05076744456],"iteration":763,"passed_time":1.651064391,"remaining_time":0.510014655},
{"learn":[0.05068078891],"iteration":764,"passed_time":1.656151688,"remaining_time":0.5087524794},
{"learn":[0.05058033817],"iteration":765,"passed_time":1.659779099,"remaining_time":0.5070343461},
{"learn":[0.05049640133],"iteration":766,"passed_time":1.662226412,"remaining_time":0.5049527431},
{"learn":[0.05040224629],"iteration":767,"passed_time":1.666227394,"remaining_time":0.5033395252},
{"learn":[0.05032937796],"iteration":768,"passed_time":1.667855062,"remaining_time":0.5010071772},
{"learn":[0.05022231927],"iteration":769,"passed_time":1.671246569,"remaining_time":0.4992035207},
{"learn":[0.05017959717],"iteration":770,"passed_time":1.674124036,"remaining_time":0.4972430665},
{"learn":[0.05009087697],"iteration":771,"passed_time":1.675903046,"remaining_time":0.4949558219},
{"learn":[0.05000067952],"iteration":772,"passed_time":1.677493801,"remaining_time":0.4926146091},
{"learn":[0.04991332315],"iteration":773,"passed_time":1.681266647,"remaining_time":0.4909124834},
{"learn":[0.04982769352],"iteration":774,"passed_time":1.685373215,"remaining_time":0.4893019012},
{"learn":[0.04975045002],"iteration":775,"passed_time":1.687133936,"remaining_time":0.4870077342},
{"learn":[0.04967613409],"iteration":776,"passed_time":1.692700014,"remaining_time":0.4858070825},
{"learn":[0.04960844938],"iteration":777,"passed_time":1.697557511,"remaining_time":0.4843930172},
{"learn":[0.04955707801],"iteration":778,"passed_time":1.699211172,"remaining_time":0.4820611927},
{"learn":[0.04947815152],"iteration":779,"passed_time":1.701022941,"remaining_time":0.4797757012},
{"learn":[0.04940848056],"iteration":780,"passed_time":1.704869237,"remaining_time":0.4780619244},
{"learn":[0.04929524714],"iteration":781,"passed_time":1.709236236,"remaining_time":0.4764878509},
{"learn":[0.04922393318],"iteration":782,"passed_time":1.711023585,"remaining_time":0.4741917216},
{"learn":[0.04911459034],"iteration":783,"passed_time":1.712829028,"remaining_time":0.4719018749},
{"learn":[0.04903498996],"iteration":784,"passed_time":1.718547715,"remaining_time":0.4706850429},
{"learn":[0.04894771344],"iteration":785,"passed_time":1.721391009,"remaining_time":0.4686738879},
{"learn":[0.04890335857],"iteration":786,"passed_time":1.72480749,"remaining_time":0.4668157503},
{"learn":[0.04881215189],"iteration":787,"passed_time":1.728038943,"remaining_time":0.4649038781},
{"learn":[0.04875637699],"iteration":788,"passed_time":1.729770496,"remaining_time":0.462587547},
{"learn":[0.04867106124],"iteration":789,"passed_time":1.732343725,"remaining_time":0.4604964332},
{"learn":[0.04863249067],"iteration":790,"passed_time":1.737976179,"remaining_time":0.4592124166},
{"learn":[0.04857793931],"iteration":791,"passed_time":1.739960052,"remaining_time":0.4569592056},
{"learn":[0.04850015139],"iteration":792,"passed_time":1.742905327,"remaining_time":0.4549576327},
{"learn":[0.04844408423],"iteration":793,"passed_time":1.748689344,"remaining_time":0.4536901825},
{"learn":[0.04836707168],"iteration":794,"passed_time":1.750561009,"remaining_time":0.4514025244},
{"learn":[0.04834007174],"iteration":795,"passed_time":1.752377083,"remaining_time":0.4491016645},
{"learn":[0.04826987444],"iteration":796,"passed_time":1.757063951,"remaining_time":0.4475332271},
{"learn":[0.04817969607],"iteration":797,"passed_time":1.760615307,"remaining_time":0.4456695388},
{"learn":[0.04812217226],"iteration":798,"passed_time":1.76235844,"remaining_time":0.4433467414},
{"learn":[0.04806305009],"iteration":799,"passed_time":1.764083192,"remaining_time":0.441020798},
{"learn":[0.04799537323],"iteration":800,"passed_time":1.768233654,"remaining_time":0.4392989976},
{"learn":[0.0479353348],"iteration":801,"passed_time":1.771831983,"remaining_time":0.4374348287},
{"learn":[0.04788609324],"iteration":802,"passed_time":1.773481436,"remaining_time":0.4350882227},
{"learn":[0.04784634446],"iteration":803,"passed_time":1.775070102,"remaining_time":0.4327285322},
{"learn":[0.04778774249],"iteration":804,"passed_time":1.779566308,"remaining_time":0.4310750685},
{"learn":[0.04772387616],"iteration":805,"passed_time":1.782727117,"remaining_time":0.4290931275},
{"learn":[0.04768216264],"iteration":806,"passed_time":1.784488328,"remaining_time":0.4267735407},
{"learn":[0.04765913195],"iteration":807,"passed_time":1.786197752,"remaining_time":0.4244430301},
{"learn":[0.04755712459],"iteration":808,"passed_time":1.791815552,"remaining_time":0.423036799},
{"learn":[0.04750960116],"iteration":809,"passed_time":1.793849568,"remaining_time":0.4207795282},
{"learn":[0.04745345515],"iteration":810,"passed_time":1.795539137,"remaining_time":0.4184425363},
{"learn":[0.04734380596],"iteration":811,"passed_time":1.798627719,"remaining_time":0.4164310483},
{"learn":[0.04726347967],"iteration":812,"passed_time":1.803510264,"remaining_time":0.414829544},
{"learn":[0.04716558623],"iteration":813,"passed_time":1.805204442,"remaining_time":0.4124914328},
{"learn":[0.04709489471],"iteration":814,"passed_time":1.806935302,"remaining_time":0.4101632281},
{"learn":[0.04704969183],"iteration":815,"passed_time":1.810976226,"remaining_time":0.4083573842},
{"learn":[0.04694836783],"iteration":816,"passed_time":1.814484062,"remaining_time":0.4064266627},
{"learn":[0.04686840528],"iteration":817,"passed_time":1.818571173,"remaining_time":0.40462097},
{"learn":[0.04678092694],"iteration":818,"passed_time":1.821183245,"remaining_time":0.4024837207},
{"learn":[0.04671727072],"iteration":819,"passed_time":1.823013671,"remaining_time":0.4001737326},
{"learn":[0.04663842248],"iteration":820,"passed_time":1.827565392,"remaining_time":0.3984582281},
{"learn":[0.04658584949],"iteration":821,"passed_time":1.831549336,"remaining_time":0.3966128733},
{"learn":[0.04651758409],"iteration":822,"passed_time":1.833284811,"remaining_time":0.3942787504},
{"learn":[0.04646247521],"iteration":823,"passed_time":1.83737115,"remaining_time":0.3924482068},
{"learn":[0.04641016112],"iteration":824,"passed_time":1.841247449,"remaining_time":0.3905676406},
{"learn":[0.04633936217],"iteration":825,"passed_time":1.842876409,"remaining_time":0.3882088319},
{"learn":[0.04631455376],"iteration":826,"passed_time":1.847986151,"remaining_time":0.3865799324},
{"learn":[0.04627291838],"iteration":827,"passed_time":1.850837017,"remaining_time":0.38447339},
{"learn":[0.04621980475],"iteration":828,"passed_time":1.852557399,"remaining_time":0.382131864},
{"learn":[0.04617563789],"iteration":829,"passed_time":1.854228464,"remaining_time":0.3797817337},
{"learn":[0.04611073958],"iteration":830,"passed_time":1.858626616,"remaining_time":0.3779878438},
{"learn":[0.04605735765],"iteration":831,"passed_time":1.862073867,"remaining_time":0.3759956847},
{"learn":[0.04597878309],"iteration":832,"passed_time":1.86376328,"remaining_time":0.3736476203},
{"learn":[0.0459007473],"iteration":833,"passed_time":1.868877776,"remaining_time":0.3719828667},
{"learn":[0.04584539223],"iteration":834,"passed_time":1.872666523,"remaining_time":0.3700478758},
{"learn":[0.04575310595],"iteration":835,"passed_time":1.87451518,"remaining_time":0.3677278582},
{"learn":[0.0456614982],"iteration":836,"passed_time":1.876241776,"remaining_time":0.3653851965},
{"learn":[0.04559045707],"iteration":837,"passed_time":1.88043533,"remaining_time":0.3635209111},
{"learn":[0.04550065392],"iteration":838,"passed_time":1.88379254,"remaining_time":0.3614905827},
{"learn":[0.04542422391],"iteration":839,"passed_time":1.885496751,"remaining_time":0.3591422382},
{"learn":[0.04534635599],"iteration":840,"passed_time":1.887317114,"remaining_time":0.3568173854},
{"learn":[0.04532413019],"iteration":841,"passed_time":1.892819872,"remaining_time":0.3551847266},
{"learn":[0.0452565798],"iteration":842,"passed_time":1.89630699,"remaining_time":0.353167494},
{"learn":[0.04522262319],"iteration":843,"passed_time":1.897529282,"remaining_time":0.3507281611},
{"learn":[0.04516924957],"iteration":844,"passed_time":1.899302111,"remaining_time":0.348392695},
{"learn":[0.04511176954],"iteration":845,"passed_time":1.904372691,"remaining_time":0.3466588586},
{"learn":[0.04509355458],"iteration":846,"passed_time":1.907444821,"remaining_time":0.3445561482},
{"learn":[0.04500830557],"iteration":847,"passed_time":1.909190013,"remaining_time":0.3422133041},
{"learn":[0.04495186135],"iteration":848,"passed_time":1.913101702,"remaining_time":0.3402571931},
{"learn":[0.04489967487],"iteration":849,"passed_time":1.917202142,"remaining_time":0.3383297898},
{"learn":[0.04478157057],"iteration":850,"passed_time":1.91882174,"remaining_time":0.3359629133},
{"learn":[0.04465623715],"iteration":851,"passed_time":1.920477979,"remaining_time":0.333604156},
{"learn":[0.04456730014],"iteration":852,"passed_time":1.924520697,"remaining_time":0.3316583147},
{"learn":[0.04444762309],"iteration":853,"passed_time":1.928187893,"remaining_time":0.3296433634},
{"learn":[0.04436475062],"iteration":854,"passed_time":1.929874184,"remaining_time":0.3272886043},
{"learn":[0.04432535027],"iteration":855,"passed_time":1.931548315,"remaining_time":0.3249333615},
{"learn":[0.04425969293],"iteration":856,"passed_time":1.936415629,"remaining_time":0.3231125262},
{"learn":[0.04420625343],"iteration":857,"passed_time":1.939432693,"remaining_time":0.3209783711},
{"learn":[0.04413040177],"iteration":858,"passed_time":1.94099684,"remaining_time":0.3186036722},
{"learn":[0.04409336914],"iteration":859,"passed_time":1.942570118,"remaining_time":0.3162323448},
{"learn":[0.04405711141],"iteration":860,"passed_time":1.948333003,"remaining_time":0.3145392421},
{"learn":[0.04398359816],"iteration":861,"passed_time":1.950058438,"remaining_time":0.3121903299},
{"learn":[0.04388428062],"iteration":862,"passed_time":1.951760052,"remaining_time":0.3098390813},
{"learn":[0.04385409838],"iteration":863,"passed_time":1.953932092,"remaining_time":0.3075633849},
{"learn":[0.04378086826],"iteration":864,"passed_time":1.96040601,"remaining_time":0.3059593194},
{"learn":[0.04373098985],"iteration":865,"passed_time":1.962398818,"remaining_time":0.3036506254},
{"learn":[0.04366787908],"iteration":866,"passed_time":1.96418982,"remaining_time":0.3013117025},
{"learn":[0.04364593404],"iteration":867,"passed_time":1.969188666,"remaining_time":0.2994618709},
{"learn":[0.043591752],"iteration":868,"passed_time":1.973587275,"remaining_time":0.2975143073},
{"learn":[0.04354761085],"iteration":869,"passed_time":1.975441024,"remaining_time":0.2951808427},
{"learn":[0.04345835467],"iteration":870,"passed_time":1.977203286,"remaining_time":0.2928349299},
{"learn":[0.04334162889],"iteration":871,"passed_time":1.981690292,"remaining_time":0.2908903182},
{"learn":[0.04328203831],"iteration":872,"passed_time":1.985401409,"remaining_time":0.2888270091},
{"learn":[0.04315132543],"iteration":873,"passed_time":1.987164998,"remaining_time":0.2864791644},
{"learn":[0.0430908578],"iteration":874,"passed_time":1.990830129,"remaining_time":0.2844043042},
{"learn":[0.04302898518],"iteration":875,"passed_time":1.995210262,"remaining_time":0.2824270234},
{"learn":[0.0429730949],"iteration":876,"passed_time":1.996938397,"remaining_time":0.2800723179},
{"learn":[0.04291939505],"iteration":877,"passed_time":1.998729755,"remaining_time":0.2777278247},
{"learn":[0.0428605018],"iteration":878,"passed_time":2.004850496,"remaining_time":0.2759805575},
{"learn":[0.04276359981],"iteration":879,"passed_time":2.009221949,"remaining_time":0.2739848112},
{"learn":[0.04268639679],"iteration":880,"passed_time":2.011046521,"remaining_time":0.271639655},
{"learn":[0.04261965227],"iteration":881,"passed_time":2.015085377,"remaining_time":0.2695919212},
{"learn":[0.04257497089],"iteration":882,"passed_time":2.018103435,"remaining_time":0.267404419},
{"learn":[0.04253220909],"iteration":883,"passed_time":2.022179295,"remaining_time":0.2653538441},
{"learn":[0.04246118169],"iteration":884,"passed_time":2.025095042,"remaining_time":0.2631479433},
{"learn":[0.04239868996],"iteration":885,"passed_time":2.028483002,"remaining_time":0.2610011989},
{"learn":[0.04235717281],"iteration":886,"passed_time":2.032540236,"remaining_time":0.2589369184},
{"learn":[0.04234166712],"iteration":887,"passed_time":2.034441236,"remaining_time":0.256596192},
{"learn":[0.04229119424],"iteration":888,"passed_time":2.038607169,"remaining_time":0.2545392529},
{"learn":[0.0422739655],"iteration":889,"passed_time":2.040745864,"remaining_time":0.2522270169},
{"learn":[0.04217023384],"iteration":890,"passed_time":2.042430377,"remaining_time":0.2498596084},
{"learn":[0.04210430611],"iteration":891,"passed_time":2.045208289,"remaining_time":0.2476261157},
{"learn":[0.04205264006],"iteration":892,"passed_time":2.05041062,"remaining_time":0.2456818995},
{"learn":[0.04200925206],"iteration":893,"passed_time":2.052052057,"remaining_time":0.2433081857},
{"learn":[0.04196363652],"iteration":894,"passed_time":2.053702975,"remaining_time":0.2409372205},
{"learn":[0.04194696332],"iteration":895,"passed_time":2.057318734,"remaining_time":0.2387959244},
{"learn":[0.04185357114],"iteration":896,"passed_time":2.062990032,"remaining_time":0.2368873726},
{"learn":[0.04178207355],"iteration":897,"passed_time":2.064932653,"remaining_time":0.2345469161},
{"learn":[0.04172826814],"iteration":898,"passed_time":2.066209681,"remaining_time":0.232132567},
{"learn":[0.0416777137],"iteration":899,"passed_time":2.067478237,"remaining_time":0.2297198041},
{"learn":[0.04161362145],"iteration":900,"passed_time":2.069117183,"remaining_time":0.2273502788},
{"learn":[0.04154011442],"iteration":901,"passed_time":2.071792338,"remaining_time":0.2250949547},
{"learn":[0.04148826308],"iteration":902,"passed_time":2.07389911,"remaining_time":0.2227776453},
{"learn":[0.04143954541],"iteration":903,"passed_time":2.075707335,"remaining_time":0.2204290975},
{"learn":[0.04140059533],"iteration":904,"passed_time":2.07748759,"remaining_time":0.2180788077},
{"learn":[0.04132632569],"iteration":905,"passed_time":2.079950867,"remaining_time":0.2158006418},
{"learn":[0.04126283587],"iteration":906,"passed_time":2.085306338,"remaining_time":0.2138186212},
{"learn":[0.0412166187],"iteration":907,"passed_time":2.087107474,"remaining_time":0.2114690392},
{"learn":[0.04115474949],"iteration":908,"passed_time":2.088887229,"remaining_time":0.2091185234},
{"learn":[0.04110763238],"iteration":909,"passed_time":2.092725079,"remaining_time":0.20697281},
{"learn":[0.04101036621],"iteration":910,"passed_time":2.097845475,"remaining_time":0.2049486798},
{"learn":[0.04097150777],"iteration":911,"passed_time":2.099586261,"remaining_time":0.2025916568},
{"learn":[0.04089010457],"iteration":912,"passed_time":2.101493868,"remaining_time":0.2002518801},
{"learn":[0.04084874907],"iteration":913,"passed_time":2.105575752,"remaining_time":0.1981176309},
{"learn":[0.04079429998],"iteration":914,"passed_time":2.10970446,"remaining_time":0.1959834744},
{"learn":[0.04076103215],"iteration":915,"passed_time":2.111539832,"remaining_time":0.1936346571},
{"learn":[0.04070411449],"iteration":916,"passed_time":2.113205035,"remaining_time":0.1912715572},
{"learn":[0.04063937924],"iteration":917,"passed_time":2.116920905,"remaining_time":0.1890931528},
{"learn":[0.04061793801],"iteration":918,"passed_time":2.121180189,"remaining_time":0.1869592985},
{"learn":[0.04056041423],"iteration":919,"passed_time":2.122960121,"remaining_time":0.1846052279},
{"learn":[0.0405197354],"iteration":920,"passed_time":2.124673716,"remaining_time":0.182246714},
{"learn":[0.04046277259],"iteration":921,"passed_time":2.129497748,"remaining_time":0.1801527379},
{"learn":[0.04041309457],"iteration":922,"passed_time":2.132626132,"remaining_time":0.1779113892},
{"learn":[0.04032065628],"iteration":923,"passed_time":2.135293028,"remaining_time":0.1756301625},
{"learn":[0.04024007222],"iteration":924,"passed_time":2.136983683,"remaining_time":0.1732689473},
{"learn":[0.0401814957],"iteration":925,"passed_time":2.13861921,"remaining_time":0.1709047749},
{"learn":[0.04008693977],"iteration":926,"passed_time":2.144435375,"remaining_time":0.1688713941},
{"learn":[0.04005500673],"iteration":927,"passed_time":2.146368541,"remaining_time":0.1665285937},
{"learn":[0.03999801186],"iteration":928,"passed_time":2.148104616,"remaining_time":0.1641716122},
{"learn":[0.03996002847],"iteration":929,"passed_time":2.151837157,"remaining_time":0.1619662376},
{"learn":[0.03990344836],"iteration":930,"passed_time":2.156470898,"remaining_time":0.1598243738},
{"learn":[0.03988265974],"iteration":931,"passed_time":2.160096315,"remaining_time":0.1576035938},
{"learn":[0.03986239387],"iteration":932,"passed_time":2.161881281,"remaining_time":0.1552476375},
{"learn":[0.03979271647],"iteration":933,"passed_time":2.163631027,"remaining_time":0.1528904152},
{"learn":[0.0397475133],"iteration":934,"passed_time":2.168373918,"remaining_time":0.1507425719},
{"learn":[0.0396752768],"iteration":935,"passed_time":2.171486354,"remaining_time":0.1484776994},
{"learn":[0.03960585544],"iteration":936,"passed_time":2.17318794,"remaining_time":0.1461161582},
{"learn":[0.03951998428],"iteration":937,"passed_time":2.174881445,"remaining_time":0.14375549},
{"learn":[0.03943975803],"iteration":938,"passed_time":2.180560808,"remaining_time":0.141655175},
{"learn":[0.03939275841],"iteration":939,"passed_time":2.182954026,"remaining_time":0.139337491},
{"learn":[0.03933392644],"iteration":940,"passed_time":2.18463076,"remaining_time":0.1369747235},
{"learn":[0.03927955849],"iteration":941,"passed_time":2.188704041,"remaining_time":0.1347609706},
{"learn":[0.03920306711],"iteration":942,"passed_time":2.192236499,"remaining_time":0.1325105837},
{"learn":[0.03916940486],"iteration":943,"passed_time":2.193882504,"remaining_time":0.1301455723},
{"learn":[0.03913054972],"iteration":944,"passed_time":2.19556666,"remaining_time":0.1277843029},
{"learn":[0.03907795608],"iteration":945,"passed_time":2.199598718,"remaining_time":0.1255584892},
{"learn":[0.03904475776],"iteration":946,"passed_time":2.20489065,"remaining_time":0.1233993711},
{"learn":[0.03901204005],"iteration":947,"passed_time":2.206539601,"remaining_time":0.1210338178},
{"learn":[0.03899287463],"iteration":948,"passed_time":2.208220557,"remaining_time":0.1186714946},
{"learn":[0.03887348853],"iteration":949,"passed_time":2.212614737,"remaining_time":0.1164534072},
{"learn":[0.03883229585],"iteration":950,"passed_time":2.216104621,"remaining_time":0.1141841498},
{"learn":[0.03878215976],"iteration":951,"passed_time":2.217811728,"remaining_time":0.1118224401},
{"learn":[0.03872254016],"iteration":952,"passed_time":2.219581863,"remaining_time":0.1094652126},
{"learn":[0.03865971832],"iteration":953,"passed_time":2.225305824,"remaining_time":0.1072998615},
{"learn":[0.03860579405],"iteration":954,"passed_time":2.227507512,"remaining_time":0.104961087},
{"learn":[0.03853069908],"iteration":955,"passed_time":2.229340954,"remaining_time":0.1026056506},
{"learn":[0.03844792822],"iteration":956,"passed_time":2.233214064,"remaining_time":0.1003429517},
{"learn":[0.03840715722],"iteration":957,"passed_time":2.237422535,"remaining_time":0.09809159338},
{"learn":[0.03838812077],"iteration":958,"passed_time":2.239235808,"remaining_time":0.09573375196},
{"learn":[0.03836587656],"iteration":959,"passed_time":2.24095503,"remaining_time":0.09337312625},
{"learn":[0.0383125854],"iteration":960,"passed_time":2.246344399,"remaining_time":0.09116277996},
{"learn":[0.03829409663],"iteration":961,"passed_time":2.248696505,"remaining_time":0.08882584947},
{"learn":[0.03820368156],"iteration":962,"passed_time":2.250410339,"remaining_time":0.08646436401},
{"learn":[0.03810397936],"iteration":963,"passed_time":2.252680376,"remaining_time":0.08412499329},
{"learn":[0.03805547711],"iteration":964,"passed_time":2.257997019,"remaining_time":0.08189626495},
{"learn":[0.03801317232],"iteration":965,"passed_time":2.259988423,"remaining_time":0.07954410598},
{"learn":[0.03796327325],"iteration":966,"passed_time":2.263616325,"remaining_time":0.07724854056},
{"learn":[0.03791395239],"iteration":967,"passed_time":2.266809327,"remaining_time":0.07493584551},
{"learn":[0.03787306073],"iteration":968,"passed_time":2.268572372,"remaining_time":0.07257558671},
{"learn":[0.0378181486],"iteration":969,"passed_time":2.270301505,"remaining_time":0.07021551045},
{"learn":[0.03775798536],"iteration":970,"passed_time":2.275559703,"remaining_time":0.06796213324},
{"learn":[0.03768946216],"iteration":971,"passed_time":2.278385836,"remaining_time":0.06563251379},
{"learn":[0.0376438104],"iteration":972,"passed_time":2.280185342,"remaining_time":0.06327338564},
{"learn":[0.03758585622],"iteration":973,"passed_time":2.284189821,"remaining_time":0.06097426628},
{"learn":[0.03752149428],"iteration":974,"passed_time":2.287936705,"remaining_time":0.05866504371},
{"learn":[0.03747172759],"iteration":975,"passed_time":2.289681433,"remaining_time":0.05630364179},
{"learn":[0.03740819601],"iteration":976,"passed_time":2.291378184,"remaining_time":0.0539423728},
{"learn":[0.03736480473],"iteration":977,"passed_time":2.295718508,"remaining_time":0.05164192963},
{"learn":[0.0373424376],"iteration":978,"passed_time":2.299180067,"remaining_time":0.04931846925},
{"learn":[0.03729796719],"iteration":979,"passed_time":2.300778237,"remaining_time":0.0469546579},
{"learn":[0.03724378034],"iteration":980,"passed_time":2.302461518,"remaining_time":0.0445940559},
{"learn":[0.0371920182],"iteration":981,"passed_time":2.307272062,"remaining_time":0.04229215592},
{"learn":[0.03712763595],"iteration":982,"passed_time":2.310381723,"remaining_time":0.03995573682},
{"learn":[0.03707098837],"iteration":983,"passed_time":2.312126384,"remaining_time":0.03759555095},
{"learn":[0.03700476742],"iteration":984,"passed_time":2.315710451,"remaining_time":0.03526462616},
{"learn":[0.03693082718],"iteration":985,"passed_time":2.320273031,"remaining_time":0.03294505317},
{"learn":[0.0368435409],"iteration":986,"passed_time":2.322054715,"remaining_time":0.03058430729},
{"learn":[0.03678879054],"iteration":987,"passed_time":2.323810785,"remaining_time":0.02822442249},
{"learn":[0.03674583932],"iteration":988,"passed_time":2.328264822,"remaining_time":0.02589576648},
{"learn":[0.03669774455],"iteration":989,"passed_time":2.331757402,"remaining_time":0.02355310507},
{"learn":[0.03662648588],"iteration":990,"passed_time":2.333425768,"remaining_time":0.02119155591},
{"learn":[0.03657963207],"iteration":991,"passed_time":2.335677097,"remaining_time":0.01883610562},
{"learn":[0.0365360469],"iteration":992,"passed_time":2.341550986,"remaining_time":0.01650640172},
{"learn":[0.0364930195],"iteration":993,"passed_time":2.343472079,"remaining_time":0.01414570672},
{"learn":[0.03645338439],"iteration":994,"passed_time":2.345221038,"remaining_time":0.01178503034},
{"learn":[0.03640621041],"iteration":995,"passed_time":2.34976821,"remaining_time":0.009436820122},
{"learn":[0.03634700183],"iteration":996,"passed_time":2.353065119,"remaining_time":0.007080436666},
{"learn":[0.0362765454],"iteration":997,"passed_time":2.354785929,"remaining_time":0.004719009877},
{"learn":[0.03621583494],"iteration":998,"passed_time":2.356971341,"remaining_time":0.002359330671},
{"learn":[0.03618136271],"iteration":999,"passed_time":2.362576252,"remaining_time":0}
]}