<oml:data_set_description xmlns:oml="http://openml.org/openml">
  <oml:id>31</oml:id>
  <oml:name>credit-g</oml:name>
  <oml:version>1</oml:version>
  <oml:description>**Author**: Dr. Hans Hofmann  
**Source**: [UCI](https://archive.ics.uci.edu/ml/datasets/statlog+(german+credit+data)) - 1994    
**Please cite**: [UCI](https://archive.ics.uci.edu/ml/citation_policy.html)

**German Credit dataset**  
This dataset classifies people described by a set of attributes as good or bad credit risks.

This dataset comes with a cost matrix: 
``` 
Good  Bad (predicted)  
Good   0    1   (actual)  
Bad    5    0  
```

It is worse to class a customer as good when they are bad (5), than it is to class a customer as bad when they are good (1).  

### Attribute description  

1. Status of existing checking account, in Deutsche Mark.  
2. Duration in months  
3. Credit history (credits taken, paid back duly, delays, critical accounts)  
4. Purpose of the credit (car, television,...)  
5. Credit amount  
6. Status of savings account/bonds, in Deutsche Mark.  
7. Present employment, in number of years.  
8. Installment rate in percentage of disposable income  
9. Personal status (married, single,...) and sex  
10. Other debtors / guarantors  
11. Present residence since X years  
12. Property (e.g. real estate)  
13. Age in years  
14. Other installment plans (banks, stores)  
15. Housing (rent, own,...)  
16. Number of existing credits at this bank  
17. Job  
18. Number of people being liable to provide maintenance for  
19. Telephone (yes,no)  
20. Foreign worker (yes,no)</oml:description>
  <oml:description_version>8</oml:description_version>
  <oml:format>ARFF</oml:format>
  <oml:creator>Dr. Hans Hofmann</oml:creator>     <oml:collection_date>1994-11-17</oml:collection_date>  <oml:upload_date>2014-04-06T23:21:47</oml:upload_date>
  <oml:language>English</oml:language>  <oml:licence>Public</oml:licence>  <oml:url>https://api.openml.org/data/v1/download/31/credit-g.arff</oml:url>
  <oml:parquet_url>http://openml1.win.tue.nl/dataset31/dataset_31.pq</oml:parquet_url>  <oml:file_id>31</oml:file_id>  <oml:default_target_attribute>class</oml:default_target_attribute>      <oml:version_label>1</oml:version_label>  <oml:citation>https://archive.ics.uci.edu/ml/citation_policy.html</oml:citation>  <oml:tag>credit_scoring</oml:tag><oml:tag>finance_problem</oml:tag><oml:tag>mythbusting_1</oml:tag><oml:tag>OpenML-CC18</oml:tag><oml:tag>OpenML100</oml:tag><oml:tag>study_1</oml:tag><oml:tag>study_123</oml:tag><oml:tag>study_14</oml:tag><oml:tag>study_144</oml:tag><oml:tag>study_15</oml:tag><oml:tag>study_20</oml:tag><oml:tag>study_218</oml:tag><oml:tag>study_241</oml:tag><oml:tag>study_34</oml:tag><oml:tag>study_37</oml:tag><oml:tag>study_41</oml:tag><oml:tag>study_50</oml:tag><oml:tag>study_52</oml:tag><oml:tag>study_7</oml:tag><oml:tag>study_70</oml:tag><oml:tag>study_98</oml:tag><oml:tag>study_99</oml:tag><oml:tag>uci</oml:tag>  <oml:visibility>public</oml:visibility>  <oml:original_data_url>https://archive.ics.uci.edu/ml/datasets/statlog+(german+credit+data)</oml:original_data_url>  <oml:paper_url>https://dl.acm.org/doi/abs/10.1145/967900.968104</oml:paper_url>  <oml:minio_url>http://openml1.win.tue.nl/dataset31/dataset_31.pq</oml:minio_url>  <oml:status>active</oml:status>
  <oml:processing_date>2020-11-20 19:44:53</oml:processing_date>      <oml:md5_checksum>9a475053fed0c26ee95cd4525e50074c</oml:md5_checksum>
</oml:data_set_description>
