,att_original_names,shap_m1,shap_m2,shap_m3,shap_m4,eli5_m1,eli5_m2,eli5_m3,eli5_m4,dalex_m1,dalex_m2,dalex_m3,dalex_m4,ci_m1,ci_m2,ci_m3,ci_m4,skater_m1,skater_m2,skater_m3,skater_m4,lofo_m1,lofo_m2,lofo_m3,lofo_m4,info_gain_m1,info_gain_m2,info_gain_m3,info_gain_m4,exirt_m1,exirt_m2,exirt_m3,exirt_m4
0,id,start,start,start,start,… 1 more …,… 1 more …,… 1 more …,… 1 more …,start,start,start,start,id,id,end,start,start,start,start,start,start,start,start,start,start,start,start,start,start,start,start,start
1,start,size,size,size,size,start,start,start,start,size,end,end,size,start,start,id,id,end,end,end,size,id,id,id,end,end,end,end,end,id,id,id,id
2,end,id,end,end,end,end,end,end,end,id,id,size,id,size,end,start,size,id,size,size,id,event,event,end,event,id,id,id,id,end,end,size,end
3,event,end,id,id,id,id,id,size,id,end,size,id,end,end,size,size,end,size,id,id,end,end,size,event,id,size,size,size,size,size,size,end,size
4,size,event,event,event,event,size,size,id,size,event,event,event,event,event,event,event,event,event,event,event,event,size,end,size,size,event,event,event,event,event,event,event,event
