<oml:data_set_description xmlns:oml="http://openml.org/openml">
  <oml:id>1464</oml:id>
  <oml:name>blood-transfusion-service-center</oml:name>
  <oml:version>1</oml:version>
  <oml:description>**Author**: Prof. I-Cheng Yeh  
**Source**: [UCI](https://archive.ics.uci.edu/ml/datasets/Blood+Transfusion+Service+Center)  
**Please cite**: Yeh, I-Cheng, Yang, King-Jang, and Ting, Tao-Ming, &quot;Knowledge discovery on RFM model using Bernoulli sequence&quot;, Expert Systems with Applications, 2008.   

**Blood Transfusion Service Center Data Set**  
Data taken from the Blood Transfusion Service Center in Hsin-Chu City in Taiwan -- this is a classification problem.

To demonstrate the RFMTC marketing model (a modified version of RFM), this study adopted the donor database of Blood Transfusion Service Center in Hsin-Chu City in Taiwan. The center passes their blood transfusion service bus to one university in Hsin-Chu City to gather blood donated about every three months. To build an FRMTC model, we selected 748 donors at random from the donor database. 

### Attribute Information  
* V1: Recency - months since last donation
* V2: Frequency - total number of donation
* V3: Monetary - total blood donated in c.c.
* V4: Time - months since first donation), and a binary variable representing whether he/she donated blood in March 2007 (1 stand for donating blood; 0 stands for not donating blood).

The target attribute is a binary variable representing whether he/she donated blood in March 2007 (2 stands for donating blood; 1 stands for not donating blood).</oml:description>
  <oml:description_version>4</oml:description_version>
  <oml:format>ARFF</oml:format>
  <oml:creator> </oml:creator>      <oml:upload_date>2015-05-21T22:49:48</oml:upload_date>
    <oml:licence>Public</oml:licence>  <oml:url>https://api.openml.org/data/v1/download/1586225/blood-transfusion-service-center.arff</oml:url>
  <oml:parquet_url>http://openml1.win.tue.nl/dataset1464/dataset_1464.pq</oml:parquet_url>  <oml:file_id>1586225</oml:file_id>  <oml:default_target_attribute>Class</oml:default_target_attribute>          <oml:tag>OpenML-CC18</oml:tag><oml:tag>OpenML100</oml:tag><oml:tag>study_123</oml:tag><oml:tag>study_135</oml:tag><oml:tag>study_14</oml:tag><oml:tag>study_218</oml:tag><oml:tag>study_34</oml:tag><oml:tag>study_50</oml:tag><oml:tag>study_52</oml:tag><oml:tag>study_7</oml:tag><oml:tag>study_98</oml:tag><oml:tag>study_99</oml:tag><oml:tag>uci</oml:tag>  <oml:visibility>public</oml:visibility>  <oml:original_data_url>https://archive.ics.uci.edu/ml/datasets/Blood+Transfusion+Service+Center</oml:original_data_url>    <oml:minio_url>http://openml1.win.tue.nl/dataset1464/dataset_1464.pq</oml:minio_url>  <oml:status>active</oml:status>
  <oml:processing_date>2020-11-20 21:51:00</oml:processing_date>      <oml:md5_checksum>c3242468edab8c2e7a907674122dc851</oml:md5_checksum>
</oml:data_set_description>
