,Final Score
CALL_PAIRS,495.6933479603417
PERCENT_COMMENTS,497.1229892848259
NUMBER_OF_LINES,497.26565123981925
HALSTEAD_CONTENT,497.4087035705402
BRANCH_COUNT,497.69441785625446
MODIFIED_CONDITION_COUNT,497.69441785625446
CYCLOMATIC_DENSITY,497.83688462338404
ESSENTIAL_DENSITY,498.42139727381067
LOC_TOTAL,498.5510727437379
EDGE_COUNT,498.55126793160167
LOC_EXECUTABLE,498.55146311946544
ESSENTIAL_COMPLEXITY,498.6942226683907
NUM_UNIQUE_OPERATORS,498.6942226683907
NUM_UNIQUE_OPERANDS,498.6942226683907
LOC_COMMENTS,498.6942226683907
HALSTEAD_EFFORT,498.6942226683907
LOC_CODE_AND_COMMENT,498.83698221731595
DESIGN_COMPLEXITY,499.12250131516646
NUM_OPERATORS,499.12250131516646
NODE_COUNT,499.12250131516646
DECISION_COUNT,499.12250131516646
LOC_BLANK,499.12250131516646
GLOBAL_DATA_COMPLEXITY,499.12250131516646
HALSTEAD_LEVEL,499.26395389959686
HALSTEAD_DIFFICULTY,499.2652608640917
HALSTEAD_LENGTH,499.40802041301697
HALSTEAD_PROG_TIME,499.40802041301697
HALSTEAD_VOLUME,499.40802041301697
MAINTENANCE_SEVERITY,499.40802041301697
CONDITION_COUNT,499.40802041301697
MULTIPLE_CONDITION_COUNT,499.40802041301697
GLOBAL_DATA_DENSITY,499.40802041301697
NORMALIZED_CYLOMATIC_COMPLEXITY,499.40802041301697
NUM_OPERANDS,499.40802041301697
PARAMETER_COUNT,499.40802041301697
CYCLOMATIC_COMPLEXITY,499.40802041301697
DESIGN_DENSITY,499.40802041301697
HALSTEAD_ERROR_EST,499.40802041301697
