,Final Score
CYCLOMATIC_DENSITY,128.05987653717455
HALSTEAD_DIFFICULTY,130.05533092972632
DESIGN_DENSITY,131.73642072740435
BRANCH_COUNT,132.4808164925188
HALSTEAD_CONTENT,133.34565142537969
LOC_CODE_AND_COMMENT,133.3631870811559
HALSTEAD_EFFORT,133.41637992872745
NUM_UNIQUE_OPERATORS,134.52644496927644
MAINTENANCE_SEVERITY,135.22195178021272
CALL_PAIRS,136.78996465221604
HALSTEAD_PROG_TIME,136.89428391137852
ESSENTIAL_COMPLEXITY,137.04025920932725
LOC_COMMENTS,137.34711061558323
NUMBER_OF_LINES,137.34711061558323
NUM_OPERATORS,137.4692047085231
LOC_BLANK,137.60790533888508
CYCLOMATIC_COMPLEXITY,137.60790533888508
PARAMETER_COUNT,137.9220314127278
CONDITION_COUNT,137.9220314127278
NUM_UNIQUE_OPERANDS,137.9220314127278
DECISION_COUNT,137.9220314127278
NUM_OPERANDS,137.9220314127278
NORMALIZED_CYLOMATIC_COMPLEXITY,137.9220314127278
NODE_COUNT,137.9220314127278
MULTIPLE_CONDITION_COUNT,137.9220314127278
MODIFIED_CONDITION_COUNT,137.9220314127278
LOC_EXECUTABLE,137.9220314127278
DECISION_DENSITY,137.9220314127278
DESIGN_COMPLEXITY,137.9220314127278
HALSTEAD_LEVEL,137.9220314127278
HALSTEAD_LENGTH,137.9220314127278
HALSTEAD_ERROR_EST,137.9220314127278
EDGE_COUNT,137.9220314127278
ESSENTIAL_DENSITY,137.9220314127278
PERCENT_COMMENTS,137.9220314127278
GLOBAL_DATA_DENSITY,137.9220314127278
GLOBAL_DATA_COMPLEXITY,137.9220314127278
HALSTEAD_VOLUME,137.9220314127278
LOC_TOTAL,137.9220314127278
