<oml:data_set_description xmlns:oml="http://openml.org/openml">
  <oml:id>450</oml:id>
  <oml:name>analcatdata_lawsuit</oml:name>
  <oml:version>1</oml:version>
  <oml:description>**Author**:   
**Source**: Unknown - Date unknown  
**Please cite**:   

analcatdata    A collection of data sets used in the book &quot;Analyzing Categorical Data,&quot;
by Jeffrey S. Simonoff, Springer-Verlag, New York, 2003. The submission
consists of a zip file containing two versions of each of 84 data sets,
plus this README file. Each data set is given in comma-delimited ASCII
(.csv) form, and Microsoft Excel (.xls) form.

NOTICE: These data sets may be used freely for scientific, educational and/or
noncommercial purposes, provided suitable acknowledgment is given (by citing
the above-named reference).

Further details concerning the book, including information on statistical software
(including sample S-PLUS/R and SAS code), are available at the web site

http://www.stern.nyu.edu/~jsimonof/AnalCatData


Information about the dataset
CLASSTYPE: nominal
CLASSINDEX: last


Note: Quotes, Single-Quotes and Backslashes were removed, Blanks replaced
with Underscores</oml:description>
  <oml:description_version>1</oml:description_version>
  <oml:format>ARFF</oml:format>
  <oml:creator>Jeffrey S. Simonoff</oml:creator>     <oml:collection_date>2003</oml:collection_date>  <oml:upload_date>2014-09-28T23:50:49</oml:upload_date>
  <oml:language>English</oml:language>  <oml:licence>Public</oml:licence>  <oml:url>https://api.openml.org/data/v1/download/52562/analcatdata_lawsuit.arff</oml:url>
  <oml:parquet_url>http://openml1.win.tue.nl/dataset450/dataset_450.pq</oml:parquet_url>  <oml:file_id>52562</oml:file_id>  <oml:default_target_attribute>Laid.off</oml:default_target_attribute>        <oml:citation>Jeffrey S. Simonoff, Springer-Verlag, New York, 2003</oml:citation>  <oml:tag>mythbusting_1</oml:tag><oml:tag>study_1</oml:tag><oml:tag>study_127</oml:tag><oml:tag>study_15</oml:tag><oml:tag>study_20</oml:tag><oml:tag>study_41</oml:tag><oml:tag>study_50</oml:tag><oml:tag>study_52</oml:tag><oml:tag>study_7</oml:tag><oml:tag>study_88</oml:tag>  <oml:visibility>public</oml:visibility>  <oml:original_data_url>http://www.stern.nyu.edu/~jsimonof/AnalCatData</oml:original_data_url>    <oml:minio_url>http://openml1.win.tue.nl/dataset450/dataset_450.pq</oml:minio_url>  <oml:status>active</oml:status>
  <oml:processing_date>2020-11-20 20:08:28</oml:processing_date>      <oml:md5_checksum>ddd5b585b1f8f8a180b186921e693922</oml:md5_checksum>
</oml:data_set_description>
