,att_original_names,shap_m1,shap_m2,shap_m3,shap_m4,eli5_m1,eli5_m2,eli5_m3,eli5_m4,dalex_m1,dalex_m2,dalex_m3,dalex_m4,ci_m1,ci_m2,ci_m3,ci_m4,skater_m1,skater_m2,skater_m3,skater_m4,lofo_m1,lofo_m2,lofo_m3,lofo_m4,info_gain_m1,info_gain_m2,info_gain_m3,info_gain_m4,exirt_m1,exirt_m2,exirt_m3,exirt_m4
0,attribute_1,attribute_12,attribute_12,attribute_13,attribute_11,… 1 more …,… 1 more …,… 1 more …,… 1 more …,attribute_12,attribute_12,attribute_11,attribute_11,attribute_12,attribute_11,attribute_12,attribute_12,attribute_12,attribute_12,attribute_13,attribute_11,attribute_48,attribute_55,attribute_23,attribute_48,attribute_9,attribute_9,attribute_9,attribute_9,attribute_31,attribute_30,attribute_13,attribute_12
1,attribute_2,attribute_11,attribute_11,attribute_12,attribute_12,attribute_23,attribute_11,attribute_11,attribute_4,attribute_36,attribute_36,attribute_12,attribute_4,attribute_11,attribute_12,attribute_11,attribute_1,attribute_11,attribute_11,attribute_12,attribute_4,attribute_29,attribute_48,attribute_21,attribute_44,attribute_8,attribute_8,attribute_8,attribute_8,attribute_58,attribute_32,attribute_12,attribute_11
2,attribute_3,attribute_31,attribute_51,attribute_51,attribute_51,attribute_37,attribute_37,attribute_31,attribute_11,attribute_11,attribute_11,attribute_36,attribute_36,attribute_52,attribute_31,attribute_10,attribute_20,attribute_4,attribute_13,attribute_11,attribute_12,attribute_49,attribute_9,attribute_3,attribute_37,attribute_7,attribute_7,attribute_7,attribute_7,attribute_17,attribute_33,attribute_11,attribute_36
3,attribute_4,attribute_51,attribute_31,attribute_11,attribute_36,attribute_17,attribute_12,attribute_49,attribute_23,attribute_23,attribute_37,attribute_9,attribute_23,attribute_45,attribute_4,attribute_56,attribute_54,attribute_36,attribute_4,attribute_51,attribute_36,attribute_35,attribute_7,attribute_11,attribute_19,attribute_5,attribute_5,attribute_5,attribute_5,attribute_43,attribute_34,attribute_31,attribute_52
4,attribute_5,attribute_36,attribute_13,attribute_5,attribute_4,attribute_27,attribute_31,attribute_51,attribute_20,attribute_37,attribute_49,attribute_10,attribute_45,attribute_4,attribute_51,attribute_28,attribute_52,attribute_13,attribute_37,attribute_48,attribute_20,attribute_9,attribute_59,attribute_9,attribute_11,attribute_49,attribute_49,attribute_49,attribute_49,attribute_45,attribute_35,attribute_51,attribute_13
5,attribute_6,attribute_13,attribute_37,attribute_48,attribute_5,attribute_21,attribute_36,attribute_9,attribute_45,attribute_27,attribute_48,attribute_48,attribute_12,attribute_13,attribute_37,attribute_13,attribute_4,attribute_23,attribute_51,attribute_49,attribute_45,attribute_60,attribute_56,attribute_2,attribute_54,attribute_46,attribute_46,attribute_46,attribute_46,attribute_42,attribute_38,attribute_34,attribute_51
6,attribute_7,attribute_4,attribute_36,attribute_10,attribute_45,attribute_18,attribute_4,attribute_48,attribute_37,attribute_21,attribute_4,attribute_49,attribute_20,attribute_37,attribute_36,attribute_9,attribute_36,attribute_31,attribute_36,attribute_44,attribute_13,attribute_21,attribute_52,attribute_59,attribute_53,attribute_45,attribute_45,attribute_45,attribute_45,attribute_23,attribute_40,attribute_33,attribute_5
7,attribute_8,attribute_37,attribute_4,attribute_43,attribute_23,attribute_11,attribute_49,attribute_21,attribute_36,attribute_45,attribute_27,attribute_51,attribute_37,attribute_36,attribute_17,attribute_51,attribute_11,attribute_37,attribute_31,attribute_43,attribute_51,attribute_11,attribute_50,attribute_46,attribute_52,attribute_44,attribute_44,attribute_44,attribute_44,attribute_27,attribute_41,attribute_8,attribute_43
8,attribute_9,attribute_43,attribute_5,attribute_31,attribute_13,attribute_43,attribute_10,attribute_10,attribute_6,attribute_17,attribute_9,attribute_28,attribute_51,attribute_51,attribute_13,attribute_44,attribute_45,attribute_17,attribute_49,attribute_36,attribute_5,attribute_36,attribute_4,attribute_38,attribute_50,attribute_43,attribute_43,attribute_43,attribute_43,attribute_13,attribute_42,attribute_57,attribute_39
9,attribute_10,attribute_5,attribute_43,attribute_9,attribute_43,attribute_45,attribute_5,attribute_19,attribute_43,attribute_10,attribute_45,attribute_16,attribute_6,attribute_21,attribute_49,attribute_1,attribute_5,attribute_5,attribute_23,attribute_5,attribute_43,attribute_30,attribute_38,attribute_14,attribute_49,attribute_42,attribute_42,attribute_42,attribute_42,attribute_21,attribute_44,attribute_25,attribute_45
10,attribute_11,attribute_45,attribute_49,attribute_49,attribute_20,attribute_36,attribute_48,attribute_2,attribute_16,attribute_4,attribute_20,attribute_31,attribute_27,attribute_32,attribute_16,attribute_59,attribute_29,attribute_45,attribute_43,attribute_9,attribute_23,attribute_27,attribute_33,attribute_48,attribute_46,attribute_40,attribute_40,attribute_40,attribute_40,attribute_5,attribute_46,attribute_16,attribute_23
11,attribute_12,attribute_23,attribute_45,attribute_36,attribute_31,attribute_12,attribute_43,attribute_52,attribute_42,attribute_43,attribute_16,attribute_2,attribute_39,attribute_31,attribute_54,attribute_5,attribute_26,attribute_52,attribute_48,attribute_52,attribute_17,attribute_20,attribute_27,attribute_43,attribute_43,attribute_39,attribute_39,attribute_39,attribute_39,attribute_12,attribute_47,attribute_49,attribute_4
12,attribute_13,attribute_27,attribute_23,attribute_52,attribute_17,attribute_57,attribute_27,attribute_43,attribute_17,attribute_48,attribute_10,attribute_43,attribute_17,attribute_54,attribute_5,attribute_49,attribute_44,attribute_43,attribute_45,attribute_31,attribute_52,attribute_15,attribute_24,attribute_37,attribute_41,attribute_38,attribute_38,attribute_38,attribute_38,attribute_39,attribute_50,attribute_6,attribute_20
13,attribute_14,attribute_17,attribute_48,attribute_4,attribute_37,attribute_55,attribute_23,attribute_24,attribute_9,attribute_49,attribute_55,attribute_21,attribute_57,attribute_39,attribute_1,attribute_4,attribute_48,attribute_51,attribute_5,attribute_10,attribute_37,attribute_8,attribute_22,attribute_58,attribute_33,attribute_37,attribute_37,attribute_37,attribute_37,attribute_4,attribute_53,attribute_48,attribute_54
14,attribute_15,attribute_39,attribute_27,attribute_28,attribute_1,attribute_48,attribute_22,attribute_44,attribute_8,attribute_18,attribute_28,attribute_46,attribute_43,attribute_16,attribute_59,attribute_37,attribute_51,attribute_27,attribute_59,attribute_1,attribute_48,attribute_7,attribute_15,attribute_39,attribute_30,attribute_36,attribute_36,attribute_36,attribute_36,attribute_51,attribute_54,attribute_55,attribute_6
15,attribute_16,attribute_58,attribute_58,attribute_1,attribute_52,attribute_35,attribute_45,attribute_14,attribute_7,attribute_51,attribute_15,attribute_37,attribute_42,attribute_18,attribute_21,attribute_20,attribute_41,attribute_48,attribute_27,attribute_56,attribute_54,attribute_6,attribute_13,attribute_7,attribute_3,attribute_35,attribute_35,attribute_35,attribute_35,attribute_11,attribute_55,attribute_41,attribute_26
16,attribute_17,attribute_48,attribute_9,attribute_44,attribute_39,attribute_31,attribute_51,attribute_28,attribute_60,attribute_39,attribute_21,attribute_1,attribute_5,attribute_5,attribute_52,attribute_7,attribute_13,attribute_58,attribute_16,attribute_2,attribute_1,attribute_59,attribute_10,attribute_34,attribute_27,attribute_34,attribute_34,attribute_34,attribute_34,attribute_52,attribute_29,attribute_46,attribute_3
17,attribute_18,attribute_49,attribute_46,attribute_21,attribute_27,attribute_49,attribute_3,attribute_12,attribute_59,attribute_16,attribute_57,attribute_39,attribute_16,attribute_28,attribute_9,attribute_58,attribute_10,attribute_49,attribute_52,attribute_4,attribute_31,attribute_58,attribute_11,attribute_17,attribute_18,attribute_33,attribute_33,attribute_33,attribute_33,attribute_37,attribute_28,attribute_15,attribute_17
18,attribute_19,attribute_21,attribute_52,attribute_58,attribute_16,attribute_4,attribute_26,attribute_45,attribute_57,attribute_33,attribute_23,attribute_52,attribute_49,attribute_48,attribute_20,attribute_54,attribute_18,attribute_3,attribute_17,attribute_28,attribute_27,attribute_57,attribute_8,attribute_1,attribute_17,attribute_32,attribute_32,attribute_32,attribute_32,attribute_36,attribute_60,attribute_42,attribute_37
19,attribute_20,attribute_52,attribute_10,attribute_59,attribute_54,attribute_3,attribute_25,attribute_40,attribute_56,attribute_55,attribute_58,attribute_59,attribute_48,attribute_27,attribute_10,attribute_53,attribute_39,attribute_42,attribute_9,attribute_19,attribute_18,attribute_56,attribute_60,attribute_40,attribute_7,attribute_31,attribute_31,attribute_31,attribute_31,attribute_16,attribute_7,attribute_23,attribute_31
20,attribute_21,attribute_3,attribute_21,attribute_45,attribute_48,attribute_16,attribute_21,attribute_37,attribute_53,attribute_32,attribute_32,attribute_47,attribute_41,attribute_35,attribute_6,attribute_48,attribute_2,attribute_21,attribute_58,attribute_37,attribute_49,attribute_55,attribute_58,attribute_53,attribute_59,attribute_30,attribute_30,attribute_30,attribute_30,attribute_38,attribute_2,attribute_3,attribute_55
21,attribute_22,attribute_42,attribute_1,attribute_37,attribute_3,attribute_9,attribute_16,attribute_23,attribute_50,attribute_28,attribute_42,attribute_4,attribute_26,attribute_17,attribute_18,attribute_45,attribute_57,attribute_39,attribute_56,attribute_58,attribute_42,attribute_53,attribute_57,attribute_52,attribute_51,attribute_3,attribute_3,attribute_3,attribute_3,attribute_59,attribute_18,attribute_44,attribute_41
22,attribute_23,attribute_18,attribute_17,attribute_47,attribute_6,attribute_42,attribute_9,attribute_17,attribute_49,attribute_9,attribute_29,attribute_24,attribute_2,attribute_46,attribute_2,attribute_35,attribute_40,attribute_16,attribute_20,attribute_15,attribute_39,attribute_52,attribute_54,attribute_47,attribute_21,attribute_29,attribute_29,attribute_29,attribute_29,attribute_32,attribute_14,attribute_38,attribute_24
23,attribute_24,attribute_24,attribute_59,attribute_19,attribute_29,attribute_24,attribute_20,attribute_4,attribute_47,attribute_22,attribute_6,attribute_22,attribute_9,attribute_43,attribute_45,attribute_31,attribute_31,attribute_33,attribute_10,attribute_21,attribute_6,attribute_51,attribute_53,attribute_36,attribute_16,attribute_28,attribute_28,attribute_28,attribute_28,attribute_33,attribute_15,attribute_37,attribute_27
24,attribute_25,attribute_33,attribute_54,attribute_46,attribute_42,attribute_10,attribute_57,attribute_54,attribute_46,attribute_58,attribute_46,attribute_30,attribute_19,attribute_59,attribute_48,attribute_3,attribute_37,attribute_18,attribute_1,attribute_45,attribute_29,attribute_50,attribute_49,attribute_33,attribute_15,attribute_2,attribute_2,attribute_2,attribute_2,attribute_14,attribute_11,attribute_5,attribute_16
25,attribute_26,attribute_10,attribute_24,attribute_27,attribute_24,attribute_52,attribute_54,attribute_22,attribute_44,attribute_7,attribute_22,attribute_23,attribute_15,attribute_29,attribute_27,attribute_21,attribute_24,attribute_54,attribute_46,attribute_54,attribute_40,attribute_5,attribute_47,attribute_27,attribute_14,attribute_19,attribute_19,attribute_19,attribute_19,attribute_29,attribute_12,attribute_24,attribute_58
26,attribute_27,attribute_16,attribute_44,attribute_54,attribute_26,attribute_51,attribute_46,attribute_60,attribute_41,attribute_57,attribute_51,attribute_34,attribute_40,attribute_3,attribute_46,attribute_2,attribute_21,attribute_32,attribute_54,attribute_47,attribute_24,attribute_46,attribute_46,attribute_15,attribute_12,attribute_18,attribute_18,attribute_18,attribute_18,attribute_28,attribute_57,attribute_27,attribute_42
27,attribute_28,attribute_32,attribute_16,attribute_2,attribute_40,attribute_8,attribute_39,attribute_50,attribute_40,attribute_40,attribute_47,attribute_7,attribute_22,attribute_40,attribute_56,attribute_55,attribute_9,attribute_38,attribute_42,attribute_59,attribute_55,attribute_45,attribute_45,attribute_8,attribute_8,attribute_17,attribute_17,attribute_17,attribute_17,attribute_56,attribute_25,attribute_21,attribute_40
28,attribute_29,attribute_55,attribute_39,attribute_17,attribute_44,attribute_7,attribute_19,attribute_32,attribute_38,attribute_15,attribute_18,attribute_54,attribute_55,attribute_1,attribute_23,attribute_52,attribute_46,attribute_26,attribute_21,attribute_6,attribute_16,attribute_44,attribute_44,attribute_6,attribute_60,attribute_16,attribute_16,attribute_16,attribute_16,attribute_48,attribute_26,attribute_28,attribute_1
29,attribute_30,attribute_54,attribute_28,attribute_16,attribute_58,attribute_60,attribute_17,attribute_20,attribute_35,attribute_26,attribute_53,attribute_35,attribute_1,attribute_26,attribute_28,attribute_41,attribute_19,attribute_22,attribute_22,attribute_46,attribute_41,attribute_43,attribute_43,attribute_54,attribute_58,attribute_15,attribute_15,attribute_15,attribute_15,attribute_24,attribute_27,attribute_53,attribute_48
30,attribute_31,attribute_22,attribute_6,attribute_56,attribute_55,attribute_6,attribute_7,attribute_5,attribute_34,attribute_19,attribute_14,attribute_26,attribute_59,attribute_56,attribute_19,attribute_39,attribute_17,attribute_28,attribute_2,attribute_34,attribute_2,attribute_42,attribute_42,attribute_51,attribute_5,attribute_14,attribute_14,attribute_14,attribute_14,attribute_10,attribute_59,attribute_36,attribute_18
31,attribute_32,attribute_29,attribute_56,attribute_3,attribute_49,attribute_54,attribute_60,attribute_47,attribute_33,attribute_59,attribute_40,attribute_17,attribute_44,attribute_49,attribute_35,attribute_38,attribute_55,attribute_24,attribute_44,attribute_27,attribute_44,attribute_41,attribute_41,attribute_50,attribute_40,attribute_13,attribute_13,attribute_13,attribute_13,attribute_49,attribute_51,attribute_7,attribute_47
32,attribute_33,attribute_28,attribute_42,attribute_20,attribute_57,attribute_53,attribute_55,attribute_38,attribute_32,attribute_46,attribute_19,attribute_45,attribute_30,attribute_15,attribute_14,attribute_36,attribute_43,attribute_10,attribute_28,attribute_42,attribute_56,attribute_40,attribute_40,attribute_45,attribute_4,attribute_12,attribute_12,attribute_12,attribute_12,attribute_9,attribute_48,attribute_17,attribute_44
33,attribute_34,attribute_35,attribute_20,attribute_39,attribute_18,attribute_50,attribute_53,attribute_16,attribute_30,attribute_29,attribute_54,attribute_27,attribute_18,attribute_44,attribute_44,attribute_34,attribute_56,attribute_59,attribute_24,attribute_18,attribute_58,attribute_4,attribute_39,attribute_35,attribute_38,attribute_11,attribute_11,attribute_11,attribute_11,attribute_40,attribute_45,attribute_18,attribute_57
34,attribute_35,attribute_40,attribute_35,attribute_22,attribute_9,attribute_47,attribute_50,attribute_1,attribute_29,attribute_54,attribute_50,attribute_20,attribute_28,attribute_42,attribute_58,attribute_22,attribute_58,attribute_7,attribute_55,attribute_25,attribute_46,attribute_39,attribute_37,attribute_30,attribute_34,attribute_10,attribute_10,attribute_10,attribute_10,attribute_55,attribute_56,attribute_20,attribute_49
35,attribute_36,attribute_38,attribute_22,attribute_6,attribute_41,attribute_46,attribute_47,attribute_59,attribute_28,attribute_60,attribute_60,attribute_15,attribute_10,attribute_38,attribute_3,attribute_18,attribute_30,attribute_57,attribute_6,attribute_16,attribute_57,attribute_37,attribute_36,attribute_24,attribute_32,attribute_51,attribute_51,attribute_51,attribute_51,attribute_35,attribute_36,attribute_50,attribute_50
36,attribute_37,attribute_59,attribute_47,attribute_34,attribute_2,attribute_44,attribute_44,attribute_58,attribute_25,attribute_1,attribute_26,attribute_44,attribute_38,attribute_25,attribute_33,attribute_14,attribute_23,attribute_46,attribute_35,attribute_17,attribute_3,attribute_34,attribute_35,attribute_22,attribute_29,attribute_48,attribute_48,attribute_48,attribute_48,attribute_18,attribute_39,attribute_9,attribute_56
37,attribute_38,attribute_26,attribute_2,attribute_23,attribute_10,attribute_41,attribute_42,attribute_42,attribute_22,attribute_8,attribute_33,attribute_55,attribute_8,attribute_19,attribute_15,attribute_8,attribute_15,attribute_56,attribute_60,attribute_55,attribute_59,attribute_33,attribute_34,attribute_10,attribute_28,attribute_41,attribute_41,attribute_41,attribute_41,attribute_57,attribute_19,attribute_40,attribute_46
38,attribute_39,attribute_46,attribute_18,attribute_32,attribute_56,attribute_34,attribute_41,attribute_27,attribute_21,attribute_6,attribute_2,attribute_29,attribute_7,attribute_7,attribute_39,attribute_60,attribute_16,attribute_14,attribute_25,attribute_30,attribute_15,attribute_32,attribute_32,attribute_42,attribute_25,attribute_4,attribute_4,attribute_4,attribute_4,attribute_3,attribute_22,attribute_43,attribute_53
39,attribute_40,attribute_7,attribute_19,attribute_24,attribute_15,attribute_33,attribute_40,attribute_26,attribute_2,attribute_53,attribute_7,attribute_33,attribute_60,attribute_9,attribute_32,attribute_6,attribute_8,attribute_55,attribute_47,attribute_14,attribute_33,attribute_31,attribute_31,attribute_57,attribute_24,attribute_26,attribute_26,attribute_26,attribute_26,attribute_50,attribute_17,attribute_2,attribute_30
40,attribute_41,attribute_57,attribute_32,attribute_14,attribute_28,attribute_30,attribute_38,attribute_18,attribute_19,attribute_47,attribute_3,attribute_40,attribute_53,attribute_23,attribute_22,attribute_50,attribute_7,attribute_35,attribute_26,attribute_32,attribute_19,attribute_3,attribute_30,attribute_44,attribute_23,attribute_25,attribute_25,attribute_25,attribute_25,attribute_46,attribute_6,attribute_39,attribute_35
41,attribute_42,attribute_9,attribute_55,attribute_15,attribute_33,attribute_26,attribute_35,attribute_13,attribute_18,attribute_41,attribute_43,attribute_19,attribute_47,attribute_24,attribute_57,attribute_47,attribute_60,attribute_1,attribute_15,attribute_3,attribute_10,attribute_28,attribute_3,attribute_26,attribute_2,attribute_20,attribute_20,attribute_20,attribute_20,attribute_53,attribute_37,attribute_26,attribute_2
42,attribute_43,attribute_56,attribute_3,attribute_42,attribute_50,attribute_25,attribute_34,attribute_7,attribute_15,attribute_34,attribute_35,attribute_18,attribute_35,attribute_8,attribute_34,attribute_46,attribute_6,attribute_29,attribute_29,attribute_23,attribute_32,attribute_26,attribute_29,attribute_56,attribute_57,attribute_1,attribute_1,attribute_1,attribute_1,attribute_47,attribute_4,attribute_22,attribute_7
43,attribute_44,attribute_14,attribute_14,attribute_25,attribute_59,attribute_22,attribute_33,attribute_56,attribute_14,attribute_30,attribute_56,attribute_6,attribute_34,attribute_60,attribute_42,attribute_43,attribute_59,attribute_40,attribute_18,attribute_26,attribute_21,attribute_25,attribute_28,attribute_55,attribute_56,attribute_24,attribute_24,attribute_24,attribute_24,attribute_54,attribute_8,attribute_19,attribute_8
44,attribute_45,attribute_1,attribute_15,attribute_7,attribute_22,attribute_20,attribute_32,attribute_53,attribute_10,attribute_25,attribute_41,attribute_42,attribute_32,attribute_6,attribute_8,attribute_42,attribute_53,attribute_44,attribute_14,attribute_60,attribute_22,attribute_24,attribute_25,attribute_49,attribute_55,attribute_23,attribute_23,attribute_23,attribute_23,attribute_1,attribute_1,attribute_45,attribute_9
45,attribute_46,attribute_15,attribute_53,attribute_18,attribute_19,attribute_2,attribute_30,attribute_39,attribute_1,attribute_20,attribute_25,attribute_60,attribute_25,attribute_58,attribute_7,attribute_40,attribute_50,attribute_9,attribute_33,attribute_22,attribute_38,attribute_23,attribute_23,attribute_4,attribute_47,attribute_22,attribute_22,attribute_22,attribute_22,attribute_30,attribute_16,attribute_4,attribute_10
46,attribute_47,attribute_44,attribute_29,attribute_40,attribute_46,attribute_19,attribute_29,attribute_35,attribute_52,attribute_2,attribute_17,attribute_41,attribute_14,attribute_57,attribute_55,attribute_33,attribute_49,attribute_60,attribute_3,attribute_20,attribute_50,attribute_22,attribute_21,attribute_28,attribute_45,attribute_21,attribute_21,attribute_21,attribute_21,attribute_41,attribute_9,attribute_56,attribute_14
47,attribute_48,attribute_19,attribute_8,attribute_55,attribute_21,attribute_15,attribute_28,attribute_30,attribute_13,attribute_24,attribute_8,attribute_14,attribute_33,attribute_55,attribute_43,attribute_29,attribute_47,attribute_19,attribute_57,attribute_29,attribute_7,attribute_2,attribute_20,attribute_12,attribute_42,attribute_6,attribute_6,attribute_6,attribute_6,attribute_34,attribute_3,attribute_10,attribute_15
48,attribute_49,attribute_50,attribute_25,attribute_33,attribute_32,attribute_1,attribute_2,attribute_29,attribute_12,attribute_52,attribute_44,attribute_57,attribute_52,attribute_53,attribute_38,attribute_27,attribute_42,attribute_15,attribute_53,attribute_24,attribute_9,attribute_19,attribute_2,attribute_32,attribute_36,attribute_52,attribute_52,attribute_52,attribute_52,attribute_26,attribute_24,attribute_52,attribute_19
49,attribute_50,attribute_60,attribute_50,attribute_35,attribute_38,attribute_58,attribute_18,attribute_15,attribute_55,attribute_35,attribute_38,attribute_32,attribute_50,attribute_50,attribute_30,attribute_26,attribute_38,attribute_25,attribute_32,attribute_7,attribute_30,attribute_18,attribute_19,attribute_18,attribute_35,attribute_50,attribute_50,attribute_50,attribute_50,attribute_25,attribute_43,attribute_1,attribute_21
50,attribute_51,attribute_25,attribute_26,attribute_50,attribute_7,attribute_38,attribute_15,attribute_36,attribute_31,attribute_42,attribute_34,attribute_38,attribute_3,attribute_47,attribute_29,attribute_25,attribute_35,attribute_50,attribute_38,attribute_53,attribute_26,attribute_17,attribute_17,attribute_5,attribute_31,attribute_47,attribute_47,attribute_47,attribute_47,attribute_22,attribute_10,attribute_14,attribute_22
51,attribute_52,attribute_8,attribute_60,attribute_26,attribute_30,attribute_5,attribute_14,attribute_8,attribute_39,attribute_44,attribute_30,attribute_50,attribute_46,attribute_41,attribute_60,attribute_23,attribute_34,attribute_8,attribute_19,attribute_39,attribute_28,attribute_16,attribute_16,attribute_31,attribute_26,attribute_27,attribute_27,attribute_27,attribute_27,attribute_20,attribute_5,attribute_60,attribute_25
52,attribute_53,attribute_6,attribute_38,attribute_29,attribute_14,attribute_40,attribute_1,attribute_6,attribute_5,attribute_38,attribute_1,attribute_53,attribute_24,attribute_34,attribute_50,attribute_19,attribute_33,attribute_6,attribute_8,attribute_33,attribute_60,attribute_14,attribute_14,attribute_16,attribute_22,attribute_54,attribute_54,attribute_54,attribute_54,attribute_19,attribute_20,attribute_59,attribute_28
53,attribute_54,attribute_53,attribute_33,attribute_30,attribute_53,attribute_29,attribute_52,attribute_57,attribute_27,attribute_14,attribute_24,attribute_8,attribute_56,attribute_33,attribute_25,attribute_17,attribute_32,attribute_53,attribute_50,attribute_40,attribute_8,attribute_13,attribute_1,attribute_41,attribute_20,attribute_57,attribute_57,attribute_57,attribute_57,attribute_15,attribute_49,attribute_35,attribute_29
54,attribute_55,attribute_47,attribute_57,attribute_60,attribute_47,attribute_28,attribute_24,attribute_55,attribute_26,attribute_56,attribute_52,attribute_5,attribute_21,attribute_30,attribute_47,attribute_16,attribute_3,attribute_47,attribute_40,attribute_38,attribute_53,attribute_10,attribute_6,attribute_29,attribute_13,attribute_60,attribute_60,attribute_60,attribute_60,attribute_8,attribute_21,attribute_47,attribute_59
55,attribute_56,attribute_41,attribute_7,attribute_53,attribute_25,attribute_56,attribute_56,attribute_41,attribute_24,attribute_50,attribute_39,attribute_56,attribute_58,attribute_22,attribute_53,attribute_57,attribute_28,attribute_41,attribute_34,attribute_8,attribute_47,attribute_1,attribute_51,attribute_20,attribute_10,attribute_55,attribute_55,attribute_55,attribute_55,attribute_7,attribute_23,attribute_29,attribute_32
56,attribute_57,attribute_34,attribute_34,attribute_38,attribute_60,attribute_59,attribute_58,attribute_34,attribute_58,attribute_5,attribute_59,attribute_25,attribute_13,attribute_20,attribute_24,attribute_32,attribute_27,attribute_34,attribute_39,attribute_50,attribute_35,attribute_54,attribute_5,attribute_19,attribute_1,attribute_58,attribute_58,attribute_58,attribute_58,attribute_6,attribute_58,attribute_30,attribute_33
57,attribute_58,attribute_30,attribute_30,attribute_8,attribute_35,attribute_14,attribute_13,attribute_33,attribute_51,attribute_3,attribute_5,attribute_3,attribute_54,attribute_2,attribute_40,attribute_30,attribute_25,attribute_30,attribute_30,attribute_35,attribute_34,attribute_38,attribute_26,attribute_13,attribute_39,attribute_53,attribute_53,attribute_53,attribute_53,attribute_2,attribute_31,attribute_54,attribute_34
58,attribute_59,attribute_20,attribute_41,attribute_41,attribute_8,attribute_39,attribute_6,attribute_25,attribute_48,attribute_31,attribute_31,attribute_58,attribute_29,attribute_14,attribute_26,attribute_24,attribute_22,attribute_20,attribute_41,attribute_41,attribute_25,attribute_12,attribute_18,attribute_25,attribute_9,attribute_59,attribute_59,attribute_59,attribute_59,attribute_44,attribute_13,attribute_32,attribute_38
59,attribute_60,attribute_2,attribute_40,attribute_57,attribute_34,attribute_32,attribute_59,attribute_46,attribute_3,attribute_13,attribute_13,attribute_13,attribute_31,attribute_10,attribute_41,attribute_15,attribute_14,attribute_2,attribute_7,attribute_57,attribute_14,attribute_47,attribute_12,attribute_60,attribute_6,attribute_56,attribute_56,attribute_56,attribute_56,attribute_60,attribute_52,attribute_58,attribute_60
