<oml:data_set_description xmlns:oml="http://openml.org/openml">
  <oml:id>3</oml:id>
  <oml:name>kr-vs-kp</oml:name>
  <oml:version>1</oml:version>
  <oml:description>Author: Alen Shapiro
Source: [UCI](https://archive.ics.uci.edu/ml/datasets/Chess+(King-Rook+vs.+King-Pawn))
Please cite: [UCI citation policy](https://archive.ics.uci.edu/ml/citation_policy.html)

1. Title: Chess End-Game -- King+Rook versus King+Pawn on a7
(usually abbreviated KRKPA7). The pawn on a7 means it is one square
away from queening. It is the King+Rook's side (white) to move.

2. Sources:
(a) Database originally generated and described by Alen Shapiro.
(b) Donor/Coder: Rob Holte (holte@uottawa.bitnet). The database
was supplied to Holte by Peter Clark of the Turing Institute
in Glasgow (pete@turing.ac.uk).
(c) Date: 1 August 1989

3. Past Usage:
- Alen D. Shapiro (1983,1987), &quot;Structured Induction in Expert Systems&quot;,
Addison-Wesley. This book is based on Shapiro's Ph.D. thesis (1983)
at the University of Edinburgh entitled &quot;The Role of Structured
Induction in Expert Systems&quot;.
- Stephen Muggleton (1987), &quot;Structuring Knowledge by Asking Questions&quot;,
pp.218-229 in &quot;Progress in Machine Learning&quot;, edited by I. Bratko
and Nada Lavrac, Sigma Press, Wilmslow, England SK9 5BB.
- Robert C. Holte, Liane Acker, and Bruce W. Porter (1989),
&quot;Concept Learning and the Problem of Small Disjuncts&quot;,
Proceedings of IJCAI. Also available as technical report AI89-106,
Computer Sciences Department, University of Texas at Austin,
Austin, Texas 78712.

4. Relevant Information:
The dataset format is described below. Note: the format of this
database was modified on 2/26/90 to conform with the format of all
the other databases in the UCI repository of machine learning databases.

5. Number of Instances: 3196 total

6. Number of Attributes: 36

7. Attribute Summaries:
Classes (2): -- White-can-win (&quot;won&quot;) and White-cannot-win (&quot;nowin&quot;).
I believe that White is deemed to be unable to win if the Black pawn
can safely advance.
Attributes: see Shapiro's book.

8. Missing Attributes: -- none

9. Class Distribution:
In 1669 of the positions (52%), White can win.
In 1527 of the positions (48%), White cannot win.

The format for instances in this database is a sequence of 37 attribute values.
Each instance is a board-descriptions for this chess endgame. The first
36 attributes describe the board. The last (37th) attribute is the
classification: &quot;win&quot; or &quot;nowin&quot;. There are 0 missing values.
A typical board-description is

f,f,f,f,f,f,f,f,f,f,f,f,l,f,n,f,f,t,f,f,f,f,f,f,f,t,f,f,f,f,f,f,f,t,t,n,won

The names of the features do not appear in the board-descriptions.
Instead, each feature correponds to a particular position in the
feature-value list. For example, the head of this list is the value
for the feature &quot;bkblk&quot;. The following is the list of features, in
the order in which their values appear in the feature-value list:

[bkblk,bknwy,bkon8,bkona,bkspr,bkxbq,bkxcr,bkxwp,blxwp,bxqsq,cntxt,dsopp,dwipd,
hdchk,katri,mulch,qxmsq,r2ar8,reskd,reskr,rimmx,rkxwp,rxmsq,simpl,skach,skewr,
skrxp,spcop,stlmt,thrsk,wkcti,wkna8,wknck,wkovl,wkpos,wtoeg]

In the file, there is one instance (board position) per line.


Num Instances: 3196
Num Attributes: 37
Num Continuous: 0 (Int 0 / Real 0)
Num Discrete: 37
Missing values: 0 / 0.0%</oml:description>
  <oml:description_version>2</oml:description_version>
  <oml:format>ARFF</oml:format>
  <oml:creator>Alen Shapiro</oml:creator>  <oml:contributor>Rob Holte</oml:contributor>   <oml:collection_date>1989-08-01</oml:collection_date>  <oml:upload_date>2014-04-06T23:19:28</oml:upload_date>
  <oml:language>English</oml:language>  <oml:licence>Public</oml:licence>  <oml:url>https://api.openml.org/data/v1/download/3/kr-vs-kp.arff</oml:url>
  <oml:parquet_url>http://openml1.win.tue.nl/dataset3/dataset_3.pq</oml:parquet_url>  <oml:file_id>3</oml:file_id>  <oml:default_target_attribute>class</oml:default_target_attribute>      <oml:version_label>1</oml:version_label>  <oml:citation>https://archive.ics.uci.edu/ml/citation_policy.html</oml:citation>  <oml:tag>mythbusting_1</oml:tag><oml:tag>OpenML-CC18</oml:tag><oml:tag>OpenML100</oml:tag><oml:tag>study_1</oml:tag><oml:tag>study_123</oml:tag><oml:tag>study_14</oml:tag><oml:tag>study_144</oml:tag><oml:tag>study_15</oml:tag><oml:tag>study_20</oml:tag><oml:tag>study_218</oml:tag><oml:tag>study_34</oml:tag><oml:tag>study_37</oml:tag><oml:tag>study_41</oml:tag><oml:tag>study_50</oml:tag><oml:tag>study_52</oml:tag><oml:tag>study_7</oml:tag><oml:tag>study_70</oml:tag><oml:tag>study_98</oml:tag><oml:tag>study_99</oml:tag><oml:tag>uci</oml:tag>  <oml:visibility>public</oml:visibility>  <oml:original_data_url>https://archive.ics.uci.edu/ml/datasets/Chess+(King-Rook+vs.+King-Pawn)</oml:original_data_url>  <oml:paper_url>https://dl.acm.org/doi/abs/10.5555/32231</oml:paper_url>  <oml:minio_url>http://openml1.win.tue.nl/dataset3/dataset_3.pq</oml:minio_url>  <oml:status>active</oml:status>
  <oml:processing_date>2020-11-20 19:23:08</oml:processing_date>      <oml:md5_checksum>ad6eb32b7492524d4382a40e23cdbb8e</oml:md5_checksum>
</oml:data_set_description>
