<oml:data_features xmlns:oml="http://openml.org/openml">
    <oml:feature>
    <oml:index>0</oml:index>
    <oml:name>bkblk</oml:name>
    <oml:data_type>nominal</oml:data_type>
          <oml:nominal_value>f</oml:nominal_value>
          <oml:nominal_value>t</oml:nominal_value>
        <oml:is_target>false</oml:is_target>
    <oml:is_ignore>false</oml:is_ignore>
    <oml:is_row_identifier>false</oml:is_row_identifier>
    <oml:number_of_missing_values>0</oml:number_of_missing_values>
  </oml:feature>
    <oml:feature>
    <oml:index>1</oml:index>
    <oml:name>bknwy</oml:name>
    <oml:data_type>nominal</oml:data_type>
          <oml:nominal_value>f</oml:nominal_value>
          <oml:nominal_value>t</oml:nominal_value>
        <oml:is_target>false</oml:is_target>
    <oml:is_ignore>false</oml:is_ignore>
    <oml:is_row_identifier>false</oml:is_row_identifier>
    <oml:number_of_missing_values>0</oml:number_of_missing_values>
  </oml:feature>
    <oml:feature>
    <oml:index>2</oml:index>
    <oml:name>bkon8</oml:name>
    <oml:data_type>nominal</oml:data_type>
          <oml:nominal_value>f</oml:nominal_value>
          <oml:nominal_value>t</oml:nominal_value>
        <oml:is_target>false</oml:is_target>
    <oml:is_ignore>false</oml:is_ignore>
    <oml:is_row_identifier>false</oml:is_row_identifier>
    <oml:number_of_missing_values>0</oml:number_of_missing_values>
  </oml:feature>
    <oml:feature>
    <oml:index>3</oml:index>
    <oml:name>bkona</oml:name>
    <oml:data_type>nominal</oml:data_type>
          <oml:nominal_value>f</oml:nominal_value>
          <oml:nominal_value>t</oml:nominal_value>
        <oml:is_target>false</oml:is_target>
    <oml:is_ignore>false</oml:is_ignore>
    <oml:is_row_identifier>false</oml:is_row_identifier>
    <oml:number_of_missing_values>0</oml:number_of_missing_values>
  </oml:feature>
    <oml:feature>
    <oml:index>4</oml:index>
    <oml:name>bkspr</oml:name>
    <oml:data_type>nominal</oml:data_type>
          <oml:nominal_value>f</oml:nominal_value>
          <oml:nominal_value>t</oml:nominal_value>
        <oml:is_target>false</oml:is_target>
    <oml:is_ignore>false</oml:is_ignore>
    <oml:is_row_identifier>false</oml:is_row_identifier>
    <oml:number_of_missing_values>0</oml:number_of_missing_values>
  </oml:feature>
    <oml:feature>
    <oml:index>5</oml:index>
    <oml:name>bkxbq</oml:name>
    <oml:data_type>nominal</oml:data_type>
          <oml:nominal_value>f</oml:nominal_value>
          <oml:nominal_value>t</oml:nominal_value>
        <oml:is_target>false</oml:is_target>
    <oml:is_ignore>false</oml:is_ignore>
    <oml:is_row_identifier>false</oml:is_row_identifier>
    <oml:number_of_missing_values>0</oml:number_of_missing_values>
  </oml:feature>
    <oml:feature>
    <oml:index>6</oml:index>
    <oml:name>bkxcr</oml:name>
    <oml:data_type>nominal</oml:data_type>
          <oml:nominal_value>f</oml:nominal_value>
          <oml:nominal_value>t</oml:nominal_value>
        <oml:is_target>false</oml:is_target>
    <oml:is_ignore>false</oml:is_ignore>
    <oml:is_row_identifier>false</oml:is_row_identifier>
    <oml:number_of_missing_values>0</oml:number_of_missing_values>
  </oml:feature>
    <oml:feature>
    <oml:index>7</oml:index>
    <oml:name>bkxwp</oml:name>
    <oml:data_type>nominal</oml:data_type>
          <oml:nominal_value>f</oml:nominal_value>
          <oml:nominal_value>t</oml:nominal_value>
        <oml:is_target>false</oml:is_target>
    <oml:is_ignore>false</oml:is_ignore>
    <oml:is_row_identifier>false</oml:is_row_identifier>
    <oml:number_of_missing_values>0</oml:number_of_missing_values>
  </oml:feature>
    <oml:feature>
    <oml:index>8</oml:index>
    <oml:name>blxwp</oml:name>
    <oml:data_type>nominal</oml:data_type>
          <oml:nominal_value>f</oml:nominal_value>
          <oml:nominal_value>t</oml:nominal_value>
        <oml:is_target>false</oml:is_target>
    <oml:is_ignore>false</oml:is_ignore>
    <oml:is_row_identifier>false</oml:is_row_identifier>
    <oml:number_of_missing_values>0</oml:number_of_missing_values>
  </oml:feature>
    <oml:feature>
    <oml:index>9</oml:index>
    <oml:name>bxqsq</oml:name>
    <oml:data_type>nominal</oml:data_type>
          <oml:nominal_value>f</oml:nominal_value>
          <oml:nominal_value>t</oml:nominal_value>
        <oml:is_target>false</oml:is_target>
    <oml:is_ignore>false</oml:is_ignore>
    <oml:is_row_identifier>false</oml:is_row_identifier>
    <oml:number_of_missing_values>0</oml:number_of_missing_values>
  </oml:feature>
    <oml:feature>
    <oml:index>10</oml:index>
    <oml:name>cntxt</oml:name>
    <oml:data_type>nominal</oml:data_type>
          <oml:nominal_value>f</oml:nominal_value>
          <oml:nominal_value>t</oml:nominal_value>
        <oml:is_target>false</oml:is_target>
    <oml:is_ignore>false</oml:is_ignore>
    <oml:is_row_identifier>false</oml:is_row_identifier>
    <oml:number_of_missing_values>0</oml:number_of_missing_values>
  </oml:feature>
    <oml:feature>
    <oml:index>11</oml:index>
    <oml:name>dsopp</oml:name>
    <oml:data_type>nominal</oml:data_type>
          <oml:nominal_value>f</oml:nominal_value>
          <oml:nominal_value>t</oml:nominal_value>
        <oml:is_target>false</oml:is_target>
    <oml:is_ignore>false</oml:is_ignore>
    <oml:is_row_identifier>false</oml:is_row_identifier>
    <oml:number_of_missing_values>0</oml:number_of_missing_values>
  </oml:feature>
    <oml:feature>
    <oml:index>12</oml:index>
    <oml:name>dwipd</oml:name>
    <oml:data_type>nominal</oml:data_type>
          <oml:nominal_value>g</oml:nominal_value>
          <oml:nominal_value>l</oml:nominal_value>
        <oml:is_target>false</oml:is_target>
    <oml:is_ignore>false</oml:is_ignore>
    <oml:is_row_identifier>false</oml:is_row_identifier>
    <oml:number_of_missing_values>0</oml:number_of_missing_values>
  </oml:feature>
    <oml:feature>
    <oml:index>13</oml:index>
    <oml:name>hdchk</oml:name>
    <oml:data_type>nominal</oml:data_type>
          <oml:nominal_value>f</oml:nominal_value>
          <oml:nominal_value>t</oml:nominal_value>
        <oml:is_target>false</oml:is_target>
    <oml:is_ignore>false</oml:is_ignore>
    <oml:is_row_identifier>false</oml:is_row_identifier>
    <oml:number_of_missing_values>0</oml:number_of_missing_values>
  </oml:feature>
    <oml:feature>
    <oml:index>14</oml:index>
    <oml:name>katri</oml:name>
    <oml:data_type>nominal</oml:data_type>
          <oml:nominal_value>b</oml:nominal_value>
          <oml:nominal_value>n</oml:nominal_value>
          <oml:nominal_value>w</oml:nominal_value>
        <oml:is_target>false</oml:is_target>
    <oml:is_ignore>false</oml:is_ignore>
    <oml:is_row_identifier>false</oml:is_row_identifier>
    <oml:number_of_missing_values>0</oml:number_of_missing_values>
  </oml:feature>
    <oml:feature>
    <oml:index>15</oml:index>
    <oml:name>mulch</oml:name>
    <oml:data_type>nominal</oml:data_type>
          <oml:nominal_value>f</oml:nominal_value>
          <oml:nominal_value>t</oml:nominal_value>
        <oml:is_target>false</oml:is_target>
    <oml:is_ignore>false</oml:is_ignore>
    <oml:is_row_identifier>false</oml:is_row_identifier>
    <oml:number_of_missing_values>0</oml:number_of_missing_values>
  </oml:feature>
    <oml:feature>
    <oml:index>16</oml:index>
    <oml:name>qxmsq</oml:name>
    <oml:data_type>nominal</oml:data_type>
          <oml:nominal_value>f</oml:nominal_value>
          <oml:nominal_value>t</oml:nominal_value>
        <oml:is_target>false</oml:is_target>
    <oml:is_ignore>false</oml:is_ignore>
    <oml:is_row_identifier>false</oml:is_row_identifier>
    <oml:number_of_missing_values>0</oml:number_of_missing_values>
  </oml:feature>
    <oml:feature>
    <oml:index>17</oml:index>
    <oml:name>r2ar8</oml:name>
    <oml:data_type>nominal</oml:data_type>
          <oml:nominal_value>f</oml:nominal_value>
          <oml:nominal_value>t</oml:nominal_value>
        <oml:is_target>false</oml:is_target>
    <oml:is_ignore>false</oml:is_ignore>
    <oml:is_row_identifier>false</oml:is_row_identifier>
    <oml:number_of_missing_values>0</oml:number_of_missing_values>
  </oml:feature>
    <oml:feature>
    <oml:index>18</oml:index>
    <oml:name>reskd</oml:name>
    <oml:data_type>nominal</oml:data_type>
          <oml:nominal_value>f</oml:nominal_value>
          <oml:nominal_value>t</oml:nominal_value>
        <oml:is_target>false</oml:is_target>
    <oml:is_ignore>false</oml:is_ignore>
    <oml:is_row_identifier>false</oml:is_row_identifier>
    <oml:number_of_missing_values>0</oml:number_of_missing_values>
  </oml:feature>
    <oml:feature>
    <oml:index>19</oml:index>
    <oml:name>reskr</oml:name>
    <oml:data_type>nominal</oml:data_type>
          <oml:nominal_value>f</oml:nominal_value>
          <oml:nominal_value>t</oml:nominal_value>
        <oml:is_target>false</oml:is_target>
    <oml:is_ignore>false</oml:is_ignore>
    <oml:is_row_identifier>false</oml:is_row_identifier>
    <oml:number_of_missing_values>0</oml:number_of_missing_values>
  </oml:feature>
    <oml:feature>
    <oml:index>20</oml:index>
    <oml:name>rimmx</oml:name>
    <oml:data_type>nominal</oml:data_type>
          <oml:nominal_value>f</oml:nominal_value>
          <oml:nominal_value>t</oml:nominal_value>
        <oml:is_target>false</oml:is_target>
    <oml:is_ignore>false</oml:is_ignore>
    <oml:is_row_identifier>false</oml:is_row_identifier>
    <oml:number_of_missing_values>0</oml:number_of_missing_values>
  </oml:feature>
    <oml:feature>
    <oml:index>21</oml:index>
    <oml:name>rkxwp</oml:name>
    <oml:data_type>nominal</oml:data_type>
          <oml:nominal_value>f</oml:nominal_value>
          <oml:nominal_value>t</oml:nominal_value>
        <oml:is_target>false</oml:is_target>
    <oml:is_ignore>false</oml:is_ignore>
    <oml:is_row_identifier>false</oml:is_row_identifier>
    <oml:number_of_missing_values>0</oml:number_of_missing_values>
  </oml:feature>
    <oml:feature>
    <oml:index>22</oml:index>
    <oml:name>rxmsq</oml:name>
    <oml:data_type>nominal</oml:data_type>
          <oml:nominal_value>f</oml:nominal_value>
          <oml:nominal_value>t</oml:nominal_value>
        <oml:is_target>false</oml:is_target>
    <oml:is_ignore>false</oml:is_ignore>
    <oml:is_row_identifier>false</oml:is_row_identifier>
    <oml:number_of_missing_values>0</oml:number_of_missing_values>
  </oml:feature>
    <oml:feature>
    <oml:index>23</oml:index>
    <oml:name>simpl</oml:name>
    <oml:data_type>nominal</oml:data_type>
          <oml:nominal_value>f</oml:nominal_value>
          <oml:nominal_value>t</oml:nominal_value>
        <oml:is_target>false</oml:is_target>
    <oml:is_ignore>false</oml:is_ignore>
    <oml:is_row_identifier>false</oml:is_row_identifier>
    <oml:number_of_missing_values>0</oml:number_of_missing_values>
  </oml:feature>
    <oml:feature>
    <oml:index>24</oml:index>
    <oml:name>skach</oml:name>
    <oml:data_type>nominal</oml:data_type>
          <oml:nominal_value>f</oml:nominal_value>
          <oml:nominal_value>t</oml:nominal_value>
        <oml:is_target>false</oml:is_target>
    <oml:is_ignore>false</oml:is_ignore>
    <oml:is_row_identifier>false</oml:is_row_identifier>
    <oml:number_of_missing_values>0</oml:number_of_missing_values>
  </oml:feature>
    <oml:feature>
    <oml:index>25</oml:index>
    <oml:name>skewr</oml:name>
    <oml:data_type>nominal</oml:data_type>
          <oml:nominal_value>f</oml:nominal_value>
          <oml:nominal_value>t</oml:nominal_value>
        <oml:is_target>false</oml:is_target>
    <oml:is_ignore>false</oml:is_ignore>
    <oml:is_row_identifier>false</oml:is_row_identifier>
    <oml:number_of_missing_values>0</oml:number_of_missing_values>
  </oml:feature>
    <oml:feature>
    <oml:index>26</oml:index>
    <oml:name>skrxp</oml:name>
    <oml:data_type>nominal</oml:data_type>
          <oml:nominal_value>f</oml:nominal_value>
          <oml:nominal_value>t</oml:nominal_value>
        <oml:is_target>false</oml:is_target>
    <oml:is_ignore>false</oml:is_ignore>
    <oml:is_row_identifier>false</oml:is_row_identifier>
    <oml:number_of_missing_values>0</oml:number_of_missing_values>
  </oml:feature>
    <oml:feature>
    <oml:index>27</oml:index>
    <oml:name>spcop</oml:name>
    <oml:data_type>nominal</oml:data_type>
          <oml:nominal_value>f</oml:nominal_value>
          <oml:nominal_value>t</oml:nominal_value>
        <oml:is_target>false</oml:is_target>
    <oml:is_ignore>false</oml:is_ignore>
    <oml:is_row_identifier>false</oml:is_row_identifier>
    <oml:number_of_missing_values>0</oml:number_of_missing_values>
  </oml:feature>
    <oml:feature>
    <oml:index>28</oml:index>
    <oml:name>stlmt</oml:name>
    <oml:data_type>nominal</oml:data_type>
          <oml:nominal_value>f</oml:nominal_value>
          <oml:nominal_value>t</oml:nominal_value>
        <oml:is_target>false</oml:is_target>
    <oml:is_ignore>false</oml:is_ignore>
    <oml:is_row_identifier>false</oml:is_row_identifier>
    <oml:number_of_missing_values>0</oml:number_of_missing_values>
  </oml:feature>
    <oml:feature>
    <oml:index>29</oml:index>
    <oml:name>thrsk</oml:name>
    <oml:data_type>nominal</oml:data_type>
          <oml:nominal_value>f</oml:nominal_value>
          <oml:nominal_value>t</oml:nominal_value>
        <oml:is_target>false</oml:is_target>
    <oml:is_ignore>false</oml:is_ignore>
    <oml:is_row_identifier>false</oml:is_row_identifier>
    <oml:number_of_missing_values>0</oml:number_of_missing_values>
  </oml:feature>
    <oml:feature>
    <oml:index>30</oml:index>
    <oml:name>wkcti</oml:name>
    <oml:data_type>nominal</oml:data_type>
          <oml:nominal_value>f</oml:nominal_value>
          <oml:nominal_value>t</oml:nominal_value>
        <oml:is_target>false</oml:is_target>
    <oml:is_ignore>false</oml:is_ignore>
    <oml:is_row_identifier>false</oml:is_row_identifier>
    <oml:number_of_missing_values>0</oml:number_of_missing_values>
  </oml:feature>
    <oml:feature>
    <oml:index>31</oml:index>
    <oml:name>wkna8</oml:name>
    <oml:data_type>nominal</oml:data_type>
          <oml:nominal_value>f</oml:nominal_value>
          <oml:nominal_value>t</oml:nominal_value>
        <oml:is_target>false</oml:is_target>
    <oml:is_ignore>false</oml:is_ignore>
    <oml:is_row_identifier>false</oml:is_row_identifier>
    <oml:number_of_missing_values>0</oml:number_of_missing_values>
  </oml:feature>
    <oml:feature>
    <oml:index>32</oml:index>
    <oml:name>wknck</oml:name>
    <oml:data_type>nominal</oml:data_type>
          <oml:nominal_value>f</oml:nominal_value>
          <oml:nominal_value>t</oml:nominal_value>
        <oml:is_target>false</oml:is_target>
    <oml:is_ignore>false</oml:is_ignore>
    <oml:is_row_identifier>false</oml:is_row_identifier>
    <oml:number_of_missing_values>0</oml:number_of_missing_values>
  </oml:feature>
    <oml:feature>
    <oml:index>33</oml:index>
    <oml:name>wkovl</oml:name>
    <oml:data_type>nominal</oml:data_type>
          <oml:nominal_value>f</oml:nominal_value>
          <oml:nominal_value>t</oml:nominal_value>
        <oml:is_target>false</oml:is_target>
    <oml:is_ignore>false</oml:is_ignore>
    <oml:is_row_identifier>false</oml:is_row_identifier>
    <oml:number_of_missing_values>0</oml:number_of_missing_values>
  </oml:feature>
    <oml:feature>
    <oml:index>34</oml:index>
    <oml:name>wkpos</oml:name>
    <oml:data_type>nominal</oml:data_type>
          <oml:nominal_value>f</oml:nominal_value>
          <oml:nominal_value>t</oml:nominal_value>
        <oml:is_target>false</oml:is_target>
    <oml:is_ignore>false</oml:is_ignore>
    <oml:is_row_identifier>false</oml:is_row_identifier>
    <oml:number_of_missing_values>0</oml:number_of_missing_values>
  </oml:feature>
    <oml:feature>
    <oml:index>35</oml:index>
    <oml:name>wtoeg</oml:name>
    <oml:data_type>nominal</oml:data_type>
          <oml:nominal_value>f</oml:nominal_value>
          <oml:nominal_value>n</oml:nominal_value>
          <oml:nominal_value>t</oml:nominal_value>
        <oml:is_target>false</oml:is_target>
    <oml:is_ignore>false</oml:is_ignore>
    <oml:is_row_identifier>false</oml:is_row_identifier>
    <oml:number_of_missing_values>0</oml:number_of_missing_values>
  </oml:feature>
    <oml:feature>
    <oml:index>36</oml:index>
    <oml:name>class</oml:name>
    <oml:data_type>nominal</oml:data_type>
          <oml:nominal_value>nowin</oml:nominal_value>
          <oml:nominal_value>won</oml:nominal_value>
        <oml:is_target>true</oml:is_target>
    <oml:is_ignore>false</oml:is_ignore>
    <oml:is_row_identifier>false</oml:is_row_identifier>
    <oml:number_of_missing_values>0</oml:number_of_missing_values>
  </oml:feature>
  </oml:data_features>
