,Final Score
LOC_BLANK,316.87571428571425
LOC_COMMENTS,318.59
CONDITION_COUNT,367.87614285714284
PERCENT_COMMENTS,368.019
DECISION_DENSITY,371.1241870248719
MULTIPLE_CONDITION_COUNT,371.1618571428571
NORMALIZED_CYLOMATIC_COMPLEXITY,372.59042857142856
LOC_CODE_AND_COMMENT,399.3051428571428
CYCLOMATIC_DENSITY,417.448
LOC_TOTAL,421.1622857142857
DECISION_COUNT,421.1622857142857
MODIFIED_CONDITION_COUNT,421.59085714285715
NUM_UNIQUE_OPERATORS,423.73371428571426
HALSTEAD_CONTENT,425.59085714285715
MAINTENANCE_SEVERITY,426.01942857142853
HALSTEAD_PROG_TIME,427.1622857142857
DESIGN_DENSITY,427.1622857142857
NODE_COUNT,427.1622857142857
EDGE_COUNT,427.59085714285715
DESIGN_COMPLEXITY,427.8765714285714
CALL_PAIRS,428.0869454783153
NUM_OPERATORS,428.3051428571428
HALSTEAD_DIFFICULTY,428.448
CYCLOMATIC_COMPLEXITY,428.59085714285715
NUM_OPERANDS,428.8765714285714
HALSTEAD_EFFORT,428.8765714285714
HALSTEAD_LEVEL,429.1622857142857
LOC_EXECUTABLE,429.1622857142857
BRANCH_COUNT,429.2674727391576
HALSTEAD_VOLUME,429.448
HALSTEAD_ERROR_EST,429.8389013105862
ESSENTIAL_COMPLEXITY,429.8765714285714
HALSTEAD_LENGTH,430.41032988201476
NUMBER_OF_LINES,430.4778467889015
NUM_UNIQUE_OPERANDS,430.6207039317586
PARAMETER_COUNT,431.68822083864535
ESSENTIAL_DENSITY,431.9362650063744
