,Final Score
word_freq_remove,437.2088156653958
word_freq_hp,451.66003471303134
char_freq_%21,455.5855085187081
word_freq_george,473.174797950989
char_freq_%24,475.87826032173115
word_freq_edu,479.54675793495113
capital_run_length_longest,480.446813444522
word_freq_our,485.09376747813235
word_freq_free,485.9587859507555
capital_run_length_average,487.6141905684589
word_freq_re,490.14909367261635
capital_run_length_total,490.23753881779214
word_freq_your,491.1603245434242
word_freq_meeting,491.8490348562959
word_freq_business,493.33647482901847
word_freq_money,493.67054969713047
word_freq_internet,493.8217778098328
word_freq_1999,494.3824646689177
word_freq_you,495.39152811676695
word_freq_hpl,496.13623502660914
char_freq_%28,496.45885977343744
char_freq_%3B,496.67018549639164
word_freq_will,496.677394415489
word_freq_email,496.815522830064
word_freq_font,497.48608106151016
word_freq_650,497.87372247746015
word_freq_technology,497.89719669458583
word_freq_project,498.115020483674
word_freq_people,498.48327283917973
word_freq_order,498.8831181227814
word_freq_over,499.2414500266404
word_freq_pm,499.31887306538744
word_freq_original,499.57583341452505
word_freq_direct,499.57583341452505
word_freq_cs,499.57583341452505
char_freq_%5B,499.57583341452505
char_freq_%23,499.57583341452505
word_freq_table,499.57583341452505
word_freq_conference,499.57583341452505
word_freq_make,499.57583341452505
word_freq_85,499.57583341452505
word_freq_address,499.57583341452505
word_freq_all,499.57583341452505
word_freq_3d,499.57583341452505
word_freq_mail,499.57583341452505
word_freq_receive,499.57583341452505
word_freq_report,499.57583341452505
word_freq_parts,499.57583341452505
word_freq_addresses,499.57583341452505
word_freq_000,499.57583341452505
word_freq_labs,499.57583341452505
word_freq_telnet,499.57583341452505
word_freq_857,499.57583341452505
word_freq_data,499.57583341452505
word_freq_415,499.57583341452505
word_freq_credit,499.57583341452505
word_freq_lab,499.57583341452505
