,Final Score
total_day_minutes,428.7766530798201
total_day_charge,428.82039847741413
number_customer_service_calls,435.25922635137823
total_intl_calls,444.5887439838644
international_plan,473.4114020219743
total_eve_charge,474.95459528200666
total_eve_minutes,477.7700109639555
total_intl_minutes,477.9240889462389
voice_mail_plan,479.3158700225439
total_night_charge,490.3784923539857
total_night_minutes,491.65144509968974
number_vmail_messages,494.14437381548265
total_intl_charge,495.24513920284056
state,496.87270329685964
total_night_calls,497.1472020203937
account_length,497.51361099829
area_code,497.660289178825
total_day_calls,497.85512355294634
total_eve_calls,498.244792301189
phone_number,498.31525185901864
