,Final Score
word_freq_remove,466.05693360052203
word_freq_hp,470.8347366442965
word_freq_edu,474.2146466024726
word_freq_george,477.50458176943386
char_freq_%21,481.07040286450274
char_freq_%24,481.91096553758416
capital_run_length_longest,483.3594667080798
capital_run_length_total,486.31319326386097
word_freq_free,487.58141668856035
word_freq_our,490.3404306285176
capital_run_length_average,490.81108601152
word_freq_internet,492.2491946412668
word_freq_your,493.0897516053223
word_freq_you,493.5660906737022
word_freq_meeting,493.62802231275566
char_freq_%28,494.5790562895694
word_freq_money,494.88073663485295
word_freq_re,495.1899369031345
word_freq_000,495.2818943342075
word_freq_font,495.44195621286724
word_freq_business,495.65482036702764
char_freq_%3B,495.6654209876863
word_freq_email,495.77951228487416
word_freq_650,496.16711651392495
word_freq_1999,496.45144340071323
word_freq_credit,496.8331564107316
word_freq_hpl,496.883557052386
word_freq_project,496.9235647105269
word_freq_will,497.0946402480029
word_freq_mail,497.2046883293071
word_freq_over,497.26266330007695
word_freq_lab,497.6202632305913
word_freq_technology,497.63245914385067
word_freq_cs,497.85726113813735
word_freq_addresses,497.8778816171968
word_freq_85,497.90904094122624
word_freq_make,497.94053463488416
word_freq_report,497.9799161313264
word_freq_address,498.0824723392028
word_freq_receive,498.12034147431365
word_freq_telnet,498.1409587320555
word_freq_labs,498.1409587320555
word_freq_pm,498.1788278671663
char_freq_%5B,498.1788278671663
word_freq_people,498.1788278671663
word_freq_conference,498.1788278671663
word_freq_all,498.20548813702163
word_freq_data,498.237613228612
word_freq_original,498.2433572721324
char_freq_%23,498.2755621300795
word_freq_857,498.372581406345
word_freq_order,498.3886838353185
word_freq_415,498.4260672703359
word_freq_table,498.4639364054467
word_freq_parts,498.4639364054467
word_freq_3d,498.4639364054467
word_freq_direct,498.4639364054467
