<oml:data_set_description xmlns:oml="http://openml.org/openml">
  <oml:id>37</oml:id>
  <oml:name>diabetes</oml:name>
  <oml:version>1</oml:version>
  <oml:description>**Author**: [Vincent Sigillito](vgs@aplcen.apl.jhu.edu)  

**Source**: [Obtained from UCI](https://archive.ics.uci.edu/ml/datasets/pima+indians+diabetes) 

**Please cite**: [UCI citation policy](https://archive.ics.uci.edu/ml/citation_policy.html)  

1. Title: Pima Indians Diabetes Database
 
 2. Sources:
    (a) Original owners: National Institute of Diabetes and Digestive and
                         Kidney Diseases
    (b) Donor of database: Vincent Sigillito (vgs@aplcen.apl.jhu.edu)
                           Research Center, RMI Group Leader
                           Applied Physics Laboratory
                           The Johns Hopkins University
                           Johns Hopkins Road
                           Laurel, MD 20707
                           (301) 953-6231
    (c) Date received: 9 May 1990
 
 3. Past Usage:
     1. Smith,~J.~W., Everhart,~J.~E., Dickson,~W.~C., Knowler,~W.~C., &amp;
        Johannes,~R.~S. (1988). Using the ADAP learning algorithm to forecast
        the onset of diabetes mellitus.  In {it Proceedings of the Symposium
        on Computer Applications and Medical Care} (pp. 261--265).  IEEE
        Computer Society Press.
 
        The diagnostic, binary-valued variable investigated is whether the
        patient shows signs of diabetes according to World Health Organization
        criteria (i.e., if the 2 hour post-load plasma glucose was at least 
        200 mg/dl at any survey  examination or if found during routine medical
        care).   The population lives near Phoenix, Arizona, USA.
 
        Results: Their ADAP algorithm makes a real-valued prediction between
        0 and 1.  This was transformed into a binary decision using a cutoff of 
        0.448.  Using 576 training instances, the sensitivity and specificity
        of their algorithm was 76% on the remaining 192 instances.
 
 4. Relevant Information:
       Several constraints were placed on the selection of these instances from
       a larger database.  In particular, all patients here are females at
       least 21 years old of Pima Indian heritage.  ADAP is an adaptive learning
       routine that generates and executes digital analogs of perceptron-like
       devices.  It is a unique algorithm; see the paper for details.
 
 5. Number of Instances: 768
 
 6. Number of Attributes: 8 plus class 
 
 7. For Each Attribute: (all numeric-valued)
    1. Number of times pregnant
    2. Plasma glucose concentration a 2 hours in an oral glucose tolerance test
    3. Diastolic blood pressure (mm Hg)
    4. Triceps skin fold thickness (mm)
    5. 2-Hour serum insulin (mu U/ml)
    6. Body mass index (weight in kg/(height in m)^2)
    7. Diabetes pedigree function
    8. Age (years)
    9. Class variable (0 or 1)
 
 8. Missing Attribute Values: None
 
 9. Class Distribution: (class value 1 is interpreted as &quot;tested positive for
    diabetes&quot;)
 
    Class Value  Number of instances
    0            500
    1            268
 
 10. Brief statistical analysis:
 
     Attribute number:    Mean:   Standard Deviation:
     1.                     3.8     3.4
     2.                   120.9    32.0
     3.                    69.1    19.4
     4.                    20.5    16.0
     5.                    79.8   115.2
     6.                    32.0     7.9
     7.                     0.5     0.3
     8.                    33.2    11.8
 
 




 Relabeled values in attribute 'class'
    From: 0                       To: tested_negative     
    From: 1                       To: tested_positive</oml:description>
  <oml:description_version>1</oml:description_version>
  <oml:format>ARFF</oml:format>
  <oml:creator>Peter D. Turney</oml:creator>     <oml:collection_date>1995-03-01</oml:collection_date>  <oml:upload_date>2014-04-06T23:22:13</oml:upload_date>
  <oml:language>English</oml:language>  <oml:licence>Public</oml:licence>  <oml:url>https://api.openml.org/data/v1/download/37/diabetes.arff</oml:url>
  <oml:parquet_url>http://openml1.win.tue.nl/dataset37/dataset_37.pq</oml:parquet_url>  <oml:file_id>37</oml:file_id>  <oml:default_target_attribute>class</oml:default_target_attribute>      <oml:version_label>1</oml:version_label>  <oml:citation>https://www.jair.org/index.php/jair/article/view/10129</oml:citation>  <oml:tag>mythbusting_1</oml:tag><oml:tag>OpenML-CC18</oml:tag><oml:tag>OpenML100</oml:tag><oml:tag>study_1</oml:tag><oml:tag>study_123</oml:tag><oml:tag>study_135</oml:tag><oml:tag>study_14</oml:tag><oml:tag>study_15</oml:tag><oml:tag>study_20</oml:tag><oml:tag>study_29</oml:tag><oml:tag>study_30</oml:tag><oml:tag>study_34</oml:tag><oml:tag>study_37</oml:tag><oml:tag>study_41</oml:tag><oml:tag>study_52</oml:tag><oml:tag>study_7</oml:tag><oml:tag>study_70</oml:tag><oml:tag>study_98</oml:tag><oml:tag>study_99</oml:tag><oml:tag>uci</oml:tag>  <oml:visibility>public</oml:visibility>  <oml:original_data_url>https://archive.ics.uci.edu/ml/datasets/pima+indians+diabetes</oml:original_data_url>  <oml:paper_url>https://www.jair.org/index.php/jair/article/view/10129</oml:paper_url>  <oml:minio_url>http://openml1.win.tue.nl/dataset37/dataset_37.pq</oml:minio_url>  <oml:status>active</oml:status>
  <oml:processing_date>2020-11-20 18:49:43</oml:processing_date>      <oml:md5_checksum>3cbaa3e54586aa88cf6aacb4033e4470</oml:md5_checksum>
</oml:data_set_description>
