Clf,Score
"Clf MultNeg ""V1""",-176.524
"Clf Zeros ""V1""",-176.524
"Clf Std ""V1""",-176.524
"Clf Ordernation_Up ""V1""",198.0
"Clf Invertion ""V1""",215.0
"Clf MultNeg ""V3""",232.0
"Clf Zeros ""V3""",232.0
"Clf MultNeg ""V2""",247.0
"Clf Zeros ""V2""",247.0
"Clf Std ""V2""",247.0
"Clf Invertion ""V2""",252.0
"Clf Zscore ""V1""",254.0
"Clf Ordernation_Up ""V2""",255.0
"Clf Binning ""V1""",286.0
"Clf Binning ""V3""",295.0
"Clf Ordernation_Up ""V3""",300.0
"Clf Zscore ""V3""",303.0
"Clf Invertion ""V3""",306.0
"Clf Std ""V3""",309.0
"Clf Zscore ""V2""",328.0
"Clf Binning ""V2""",330.0
Clf original data,331.9856956404285
"Clf MultNeg ""V4""",331.9856956404285
"Clf Binning ""V4""",331.9856956404285
"Clf Zeros ""V4""",331.9856956404285
"Clf Ordernation_Up ""V4""",331.9856956404285
"Clf Invertion ""V4""",331.9856956404285
"Clf Std ""V4""",331.9856956404285
"Clf Zscore ""V4""",331.9856956404285
