Clf,Score
"Clf MultNeg ""V1""",-108.36299999999999
"Clf Zeros ""V1""",-108.36299999999999
"Clf Std ""V1""",-108.36299999999999
"Clf Ordernation_Up ""V1""",204.57700000000003
"Clf Invertion ""V1""",222.57700000000003
"Clf MultNeg ""V3""",246.57700000000003
"Clf Zeros ""V3""",246.57700000000003
"Clf Invertion ""V2""",251.57700000000003
"Clf Ordernation_Up ""V2""",256.577
"Clf MultNeg ""V2""",261.577
"Clf Zeros ""V2""",261.577
"Clf Std ""V2""",261.577
"Clf Zscore ""V1""",272.577
"Clf Binning ""V1""",286.577
"Clf Ordernation_Up ""V3""",296.57700000000006
"Clf Binning ""V2""",297.577
"Clf Invertion ""V3""",299.577
"Clf Binning ""V3""",313.57700000000006
"Clf Std ""V3""",319.57700000000006
"Clf Zscore ""V3""",321.57700000000006
"Clf Zscore ""V2""",342.57700000000006
Clf original data,351.2584030083568
"Clf MultNeg ""V4""",351.2584030083568
"Clf Binning ""V4""",351.2584030083568
"Clf Zeros ""V4""",351.2584030083568
"Clf Ordernation_Up ""V4""",351.2584030083568
"Clf Invertion ""V4""",351.2584030083568
"Clf Std ""V4""",351.2584030083568
"Clf Zscore ""V4""",351.2584030083568
