Clf,Theta
Clf original data,181.5515
"Clf MultNeg ""V1""",-35412394.9346494
"Clf MultNeg ""V2""",38922748.671882875
"Clf MultNeg ""V3""",38922748.671882875
"Clf MultNeg ""V4""",181.5515
"Clf Binning ""V1""",38922748.671882875
"Clf Binning ""V2""",38922748.671882875
"Clf Binning ""V3""",38922748.671882875
"Clf Binning ""V4""",181.5515
"Clf Zeros ""V1""",-35412394.9346494
"Clf Zeros ""V2""",38922748.671882875
"Clf Zeros ""V3""",38922748.671882875
"Clf Zeros ""V4""",181.5515
"Clf Ordernation_Up ""V1""",38922748.671882875
"Clf Ordernation_Up ""V2""",38922748.671882875
"Clf Ordernation_Up ""V3""",38922748.671882875
"Clf Ordernation_Up ""V4""",181.5515
"Clf Invertion ""V1""",38922748.671882875
"Clf Invertion ""V2""",38922748.671882875
"Clf Invertion ""V3""",38922748.671882875
"Clf Invertion ""V4""",181.5515
"Clf Std ""V1""",-35412394.9346494
"Clf Std ""V2""",38922748.671882875
"Clf Std ""V3""",38922748.671882875
"Clf Std ""V4""",181.5515
"Clf Zscore ""V1""",38922748.671882875
"Clf Zscore ""V2""",38922748.671882875
"Clf Zscore ""V3""",38922748.671882875
"Clf Zscore ""V4""",181.5515
