,Final Score
LOC_BLANK,453.90198195950666
HALSTEAD_CONTENT,457.7763442010515
NUM_UNIQUE_OPERANDS,460.1091232559574
HALSTEAD_EFFORT,461.12882387489344
PERCENT_COMMENTS,461.6110016870675
HALSTEAD_DIFFICULTY,462.24612703969814
LOC_CODE_AND_COMMENT,462.36503490769496
LOC_COMMENTS,462.83441698480686
LOC_TOTAL,463.1336512589554
HALSTEAD_LENGTH,464.2913134395484
NORMALIZED_CYLOMATIC_COMPLEXITY,464.33868964859215
MODIFIED_CONDITION_COUNT,464.5315001462536
LOC_EXECUTABLE,464.6829338454417
BRANCH_COUNT,464.7024465170354
MULTIPLE_CONDITION_COUNT,464.8531003838134
NUMBER_OF_LINES,464.9352017308149
HALSTEAD_ERROR_EST,464.9514258014676
NODE_COUNT,465.22600334533576
NUM_UNIQUE_OPERATORS,465.4084300175866
CYCLOMATIC_DENSITY,465.45550418870477
DECISION_DENSITY,465.5650974080381
PARAMETER_COUNT,465.5746353890113
CONDITION_COUNT,465.8890376048213
DESIGN_COMPLEXITY,465.9385476132177
HALSTEAD_LEVEL,465.97978399084144
HALSTEAD_VOLUME,465.9886598566616
HALSTEAD_PROG_TIME,465.99607884713294
EDGE_COUNT,466.052746839696
DESIGN_DENSITY,466.25847117131764
NUM_OPERANDS,466.3329813739606
CALL_PAIRS,466.64049447784646
DECISION_COUNT,466.8297347769
MAINTENANCE_SEVERITY,466.8492079407223
CYCLOMATIC_COMPLEXITY,466.92073425169866
ESSENTIAL_DENSITY,467.17311850301684
NUM_OPERATORS,467.39829729353943
ESSENTIAL_COMPLEXITY,467.64852912121034
