,att_original_names,shap_m1,shap_m2,shap_m3,shap_m4,eli5_m1,eli5_m2,eli5_m3,eli5_m4,dalex_m1,dalex_m2,dalex_m3,dalex_m4,ci_m1,ci_m2,ci_m3,ci_m4,skater_m1,skater_m2,skater_m3,skater_m4,lofo_m1,lofo_m2,lofo_m3,lofo_m4,info_gain_m1,info_gain_m2,info_gain_m3,info_gain_m4,exirt_m1,exirt_m2,exirt_m3,exirt_m4
0,V1,V4,V7,V5,V4,… 1 more …,… 1 more …,… 1 more …,… 1 more …,V8,V8,V8,V10,V4,V1,V5,V1,V5,V5,V4,V4,V1,V8,V7,V2,V5,V5,V5,V5,V6,V1,V1,V1
1,V2,V5,V4,V7,V5,V1,V1,V1,V3,V10,V10,V10,V8,V5,V5,V7,V6,V1,V1,V5,V5,V5,V6,V8,V3,V7,V7,V7,V7,V1,V6,V6,V6
2,V3,V1,V5,V4,V7,V9,V2,V5,V4,V2,V9,V7,V3,V1,V6,V8,V10,V4,V6,V6,V7,V9,V9,V4,V6,V1,V1,V1,V1,V5,V10,V8,V7
3,V4,V8,V3,V6,V8,V3,V6,V6,V5,V3,V7,V3,V2,V8,V10,V4,V5,V6,V7,V3,V10,V7,V1,V5,V9,V6,V6,V6,V6,V7,V5,V5,V5
4,V5,V6,V6,V3,V1,V4,V3,V2,V10,V7,V3,V2,V6,V9,V4,V6,V8,V7,V10,V7,V1,V10,V4,V9,V5,V9,V9,V9,V9,V8,V8,V10,V10
5,V6,V7,V8,V1,V10,V6,V9,V4,V7,V9,V4,V9,V9,V6,V3,V1,V3,V9,V8,V1,V8,V8,V7,V3,V8,V8,V8,V8,V8,V4,V9,V3,V8
6,V7,V9,V1,V8,V6,V7,V7,V8,V6,V5,V2,V5,V5,V7,V2,V10,V9,V8,V3,V8,V6,V3,V5,V6,V1,V10,V10,V10,V10,V9,V7,V9,V4
7,V8,V10,V10,V10,V9,V8,V10,V7,V9,V6,V5,V4,V1,V10,V7,V9,V7,V10,V4,V10,V3,V4,V3,V10,V7,V3,V3,V3,V3,V10,V2,V7,V3
8,V9,V3,V9,V9,V3,V10,V5,V9,V2,V1,V6,V6,V7,V2,V9,V2,V4,V3,V2,V9,V9,V2,V10,V2,V10,V4,V4,V4,V4,V3,V4,V2,V9
9,V10,V2,V2,V2,V2,V2,V4,V3,V1,V4,V1,V1,V4,V3,V8,V3,V2,V2,V9,V2,V2,V6,V2,V1,V4,V2,V2,V2,V2,V2,V3,V4,V2
