<oml:data_set_description xmlns:oml="http://openml.org/openml">
  <oml:id>50</oml:id>
  <oml:name>tic-tac-toe</oml:name>
  <oml:version>1</oml:version>
  <oml:description>**Author**: David W. Aha    
**Source**: [UCI](https://archive.ics.uci.edu/ml/datasets/Tic-Tac-Toe+Endgame) - 1991   
**Please cite**: [UCI](http://archive.ics.uci.edu/ml/citation_policy.html)

**Tic-Tac-Toe Endgame database**  
This database encodes the complete set of possible board configurations at the end of tic-tac-toe games, where &quot;x&quot; is assumed to have played first.  The target concept is &quot;win for x&quot; (i.e., true when &quot;x&quot; has one of 8 possible ways to create a &quot;three-in-a-row&quot;).  

### Attribute Information  

     (x=player x has taken, o=player o has taken, b=blank)
     1. top-left-square: {x,o,b}
     2. top-middle-square: {x,o,b}
     3. top-right-square: {x,o,b}
     4. middle-left-square: {x,o,b}
     5. middle-middle-square: {x,o,b}
     6. middle-right-square: {x,o,b}
     7. bottom-left-square: {x,o,b}
     8. bottom-middle-square: {x,o,b}
     9. bottom-right-square: {x,o,b}
    10. Class: {positive,negative}</oml:description>
  <oml:description_version>1</oml:description_version>
  <oml:format>ARFF</oml:format>
  <oml:creator>David W. Aha</oml:creator>     <oml:collection_date>1991-08-19</oml:collection_date>  <oml:upload_date>2014-04-06T23:22:59</oml:upload_date>
  <oml:language>English</oml:language>  <oml:licence>Public</oml:licence>  <oml:url>https://api.openml.org/data/v1/download/50/tic-tac-toe.arff</oml:url>
  <oml:parquet_url>http://openml1.win.tue.nl/dataset50/dataset_50.pq</oml:parquet_url>  <oml:file_id>50</oml:file_id>  <oml:default_target_attribute>Class</oml:default_target_attribute>      <oml:version_label>1</oml:version_label>  <oml:citation>https://archive.ics.uci.edu/ml/citation_policy.html</oml:citation>  <oml:tag>mythbusting_1</oml:tag><oml:tag>OpenML-CC18</oml:tag><oml:tag>OpenML100</oml:tag><oml:tag>study_1</oml:tag><oml:tag>study_123</oml:tag><oml:tag>study_135</oml:tag><oml:tag>study_14</oml:tag><oml:tag>study_144</oml:tag><oml:tag>study_15</oml:tag><oml:tag>study_20</oml:tag><oml:tag>study_29</oml:tag><oml:tag>study_30</oml:tag><oml:tag>study_37</oml:tag><oml:tag>study_41</oml:tag><oml:tag>study_52</oml:tag><oml:tag>study_7</oml:tag><oml:tag>study_70</oml:tag><oml:tag>study_89</oml:tag><oml:tag>study_98</oml:tag><oml:tag>study_99</oml:tag><oml:tag>uci</oml:tag>  <oml:visibility>public</oml:visibility>  <oml:original_data_url>https://archive.ics.uci.edu/ml/datasets/Tic-Tac-Toe+Endgame</oml:original_data_url>  <oml:paper_url>https://citeseerx.ist.psu.edu/viewdoc/download?doi=10.1.1.50.6981&amp;rep=rep1&amp;type=pdf</oml:paper_url>  <oml:minio_url>http://openml1.win.tue.nl/dataset50/dataset_50.pq</oml:minio_url>  <oml:status>active</oml:status>
  <oml:processing_date>2020-11-20 18:57:11</oml:processing_date>      <oml:md5_checksum>34b2992c41e5e23c42769817e96305ac</oml:md5_checksum>
</oml:data_set_description>
