,Final Score
word_freq_remove,435.1377825018183
char_freq_%21,477.4048196744819
char_freq_%24,482.92912812883384
word_freq_free,485.3271657649797
capital_run_length_average,485.65849389494514
word_freq_edu,488.40662779358325
capital_run_length_longest,488.5306903994854
word_freq_hp,489.09794358170905
word_freq_you,491.7600747512244
capital_run_length_total,491.8409363719646
word_freq_george,493.41332164232983
word_freq_our,494.00455139940766
word_freq_your,494.2647664510485
word_freq_000,494.6432544912743
word_freq_business,495.639905793236
word_freq_hpl,495.962435830632
word_freq_re,496.3078285033
char_freq_%28,496.5679442139193
word_freq_money,496.75625378716245
word_freq_over,496.8875495356694
word_freq_technology,496.94351124076576
word_freq_will,497.37528718186104
word_freq_internet,497.6636262861364
word_freq_email,497.86605673382377
word_freq_1999,497.9828010729582
word_freq_font,498.0948722164541
word_freq_all,498.234720489411
word_freq_meeting,498.2425736679284
word_freq_report,498.3906578019644
char_freq_%23,498.4459773836315
word_freq_people,498.4547539686396
word_freq_650,498.4622674973905
word_freq_make,498.5976111114967
word_freq_credit,498.816561707559
word_freq_addresses,498.8749813374154
word_freq_857,498.87556418305087
word_freq_telnet,498.87556418305087
word_freq_cs,498.87556418305087
word_freq_direct,498.9056421819083
word_freq_receive,499.02713815850416
word_freq_order,499.0433425093224
char_freq_%5B,499.0791601721498
word_freq_data,499.0791601721498
word_freq_lab,499.0791601721498
word_freq_original,499.0791601721498
word_freq_labs,499.0791601721498
word_freq_85,499.0791601721498
word_freq_project,499.0791601721498
word_freq_mail,499.1471073426869
word_freq_3d,499.18521516140055
char_freq_%3B,499.2220173150069
word_freq_415,499.2989789412548
word_freq_conference,499.35971778910795
word_freq_table,499.4974182631557
word_freq_pm,499.4974182631557
word_freq_parts,499.4974182631557
word_freq_address,499.4974182631557
