,Final Score
total_day_minutes,53.857958045901874
total_eve_minutes,93.4293866173305
total_night_minutes,112.57224376018756
total_eve_charge,116.28652947447326
total_day_charge,124.9468784055064
account_length,124.9468784055064
area_code,124.9468784055064
number_vmail_messages,124.9468784055064
total_intl_charge,124.9468784055064
voice_mail_plan,163.8022965667878
total_night_calls,172.10680129348435
state,172.7423768287905
international_plan,247.7839823228264
number_customer_service_calls,257.3260839152126
phone_number,335.82823740917695
total_night_charge,389.5132366276902
total_intl_calls,401.2170662912074
total_day_calls,441.6051902686255
total_intl_minutes,482.4667888566833
total_eve_calls,494.82713208593884
