,Final Score
LOC_BLANK,499.9999943195576
HALSTEAD_ERROR_EST,499.9999943195576
HALSTEAD_LENGTH,499.9999943195576
HALSTEAD_LEVEL,499.9999943195576
HALSTEAD_PROG_TIME,499.9999943195576
HALSTEAD_VOLUME,499.9999943195576
MAINTENANCE_SEVERITY,499.9999943195576
MODIFIED_CONDITION_COUNT,499.9999943195576
MULTIPLE_CONDITION_COUNT,499.9999943195576
NODE_COUNT,499.9999943195576
NORMALIZED_CYLOMATIC_COMPLEXITY,499.9999943195576
NUM_OPERANDS,499.9999943195576
NUM_OPERATORS,499.9999943195576
NUM_UNIQUE_OPERANDS,499.9999943195576
NUM_UNIQUE_OPERATORS,499.9999943195576
NUMBER_OF_LINES,499.9999943195576
HALSTEAD_EFFORT,499.9999943195576
HALSTEAD_DIFFICULTY,499.9999943195576
HALSTEAD_CONTENT,499.9999943195576
GLOBAL_DATA_DENSITY,499.9999943195576
BRANCH_COUNT,499.9999943195576
CALL_PAIRS,499.9999943195576
LOC_CODE_AND_COMMENT,499.9999943195576
LOC_COMMENTS,499.9999943195576
CONDITION_COUNT,499.9999943195576
CYCLOMATIC_COMPLEXITY,499.9999943195576
CYCLOMATIC_DENSITY,499.9999943195576
PERCENT_COMMENTS,499.9999943195576
DECISION_COUNT,499.9999943195576
DESIGN_DENSITY,499.9999943195576
EDGE_COUNT,499.9999943195576
ESSENTIAL_COMPLEXITY,499.9999943195576
ESSENTIAL_DENSITY,499.9999943195576
LOC_EXECUTABLE,499.9999943195576
PARAMETER_COUNT,499.9999943195576
GLOBAL_DATA_COMPLEXITY,499.9999943195576
DESIGN_COMPLEXITY,499.9999943195576
LOC_TOTAL,499.9999943195576
