,Final Score
LOC_COMMENTS,108.70052000318633
NODE_COUNT,114.03812151114803
HALSTEAD_CONTENT,115.2133320302759
LOC_BLANK,116.79776905079848
HALSTEAD_ERROR_EST,118.1982313784656
CYCLOMATIC_DENSITY,118.39953131238293
PERCENT_COMMENTS,119.10140890508134
NUM_UNIQUE_OPERATORS,119.15135088148807
MAINTENANCE_SEVERITY,119.27744122611549
NORMALIZED_CYLOMATIC_COMPLEXITY,119.40353157074291
HALSTEAD_DIFFICULTY,119.40353157074291
CALL_PAIRS,119.51348998060043
DECISION_DENSITY,119.57505258614822
HALSTEAD_PROG_TIME,119.65571225999776
HALSTEAD_EFFORT,119.65571225999776
LOC_TOTAL,119.65571225999776
ESSENTIAL_COMPLEXITY,119.65571225999776
NUM_OPERATORS,119.77372177296618
DESIGN_COMPLEXITY,119.82723327540306
EDGE_COUNT,119.84336606170625
HALSTEAD_LENGTH,119.87562907971278
HALSTEAD_VOLUME,119.87562907971278
NUM_OPERANDS,119.87562907971278
LOC_CODE_AND_COMMENT,119.8917610144827
PARAMETER_COUNT,119.9078929492526
NUMBER_OF_LINES,119.9078929492526
BRANCH_COUNT,119.9078929492526
NUM_UNIQUE_OPERANDS,119.9078929492526
MODIFIED_CONDITION_COUNT,119.9078929492526
LOC_EXECUTABLE,119.9078929492526
CONDITION_COUNT,119.9078929492526
HALSTEAD_LEVEL,119.9078929492526
CYCLOMATIC_COMPLEXITY,119.9078929492526
DECISION_COUNT,119.9078929492526
ESSENTIAL_DENSITY,119.9078929492526
MULTIPLE_CONDITION_COUNT,119.9078929492526
DESIGN_DENSITY,119.9078929492526
