,Final Score
Bumps,321.0534307655637
K_Scatch,333.0964182836516
Z_Scratch,435.25328724733384
Pastry,446.1895483177638
Stains,475.9360333402636
Dirtiness,483.8183401850312
SigmoidOfAreas,496.8035807998776
Luminosity_Index,496.8035807998776
Orientation_Index,496.8035807998776
Log_Y_Index,496.8035807998776
Log_X_Index,496.8035807998776
LogOfAreas,496.8035807998776
Outside_Global_Index,496.8035807998776
Edges_Y_Index,496.8035807998776
Edges_X_Index,496.8035807998776
Outside_X_Index,496.8035807998776
X_Minimum,496.8035807998776
Edges_Index,496.8035807998776
Steel_Plate_Thickness,496.8035807998776
TypeOfSteel_A400,496.8035807998776
TypeOfSteel_A300,496.8035807998776
Length_of_Conveyer,496.8035807998776
Maximum_of_Luminosity,496.8035807998776
Minimum_of_Luminosity,496.8035807998776
Sum_of_Luminosity,496.8035807998776
Y_Perimeter,496.8035807998776
X_Perimeter,496.8035807998776
Pixels_Areas,496.8035807998776
Y_Maximum,496.8035807998776
Y_Minimum,496.8035807998776
X_Maximum,496.8035807998776
Empty_Index,496.8035807998776
Square_Index,496.8035807998776
