<oml:data_qualities xmlns:oml="http://openml.org/openml">
        
  <oml:quality  >
    <oml:name>AutoCorrelation</oml:name>
      <oml:value>0.8293216630196937</oml:value>
    </oml:quality>
        
  <oml:quality  >
    <oml:name>CfsSubsetEval_DecisionStumpAUC</oml:name>
      <oml:value>0.6154384981787614</oml:value>
    </oml:quality>
        
  <oml:quality  >
    <oml:name>CfsSubsetEval_DecisionStumpErrRate</oml:name>
      <oml:value>0.0982532751091703</oml:value>
    </oml:quality>
        
  <oml:quality  >
    <oml:name>CfsSubsetEval_DecisionStumpKappa</oml:name>
      <oml:value>0.14686646245550145</oml:value>
    </oml:quality>
        
  <oml:quality  >
    <oml:name>CfsSubsetEval_NaiveBayesAUC</oml:name>
      <oml:value>0.6154384981787614</oml:value>
    </oml:quality>
        
  <oml:quality  >
    <oml:name>CfsSubsetEval_NaiveBayesErrRate</oml:name>
      <oml:value>0.0982532751091703</oml:value>
    </oml:quality>
        
  <oml:quality  >
    <oml:name>CfsSubsetEval_NaiveBayesKappa</oml:name>
      <oml:value>0.14686646245550145</oml:value>
    </oml:quality>
        
  <oml:quality  >
    <oml:name>CfsSubsetEval_kNN1NAUC</oml:name>
      <oml:value>0.6154384981787614</oml:value>
    </oml:quality>
        
  <oml:quality  >
    <oml:name>CfsSubsetEval_kNN1NErrRate</oml:name>
      <oml:value>0.0982532751091703</oml:value>
    </oml:quality>
        
  <oml:quality  >
    <oml:name>CfsSubsetEval_kNN1NKappa</oml:name>
      <oml:value>0.14686646245550145</oml:value>
    </oml:quality>
        
  <oml:quality  >
    <oml:name>ClassEntropy</oml:name>
      <oml:value>0.44931097622048255</oml:value>
    </oml:quality>
        
  <oml:quality  >
    <oml:name>DecisionStumpAUC</oml:name>
      <oml:value>0.7444382179882318</oml:value>
    </oml:quality>
        
  <oml:quality  >
    <oml:name>DecisionStumpErrRate</oml:name>
      <oml:value>0.09388646288209607</oml:value>
    </oml:quality>
        
  <oml:quality  >
    <oml:name>DecisionStumpKappa</oml:name>
      <oml:value>0.0</oml:value>
    </oml:quality>
        
  <oml:quality  >
    <oml:name>Dimensionality</oml:name>
      <oml:value>0.08733624454148471</oml:value>
    </oml:quality>
        
  <oml:quality  >
    <oml:name>EquivalentNumberOfAtts</oml:name>
      <oml:value />
    </oml:quality>
        
  <oml:quality  >
    <oml:name>J48.00001.AUC</oml:name>
      <oml:value>0.6397029980386664</oml:value>
    </oml:quality>
        
  <oml:quality  >
    <oml:name>J48.00001.ErrRate</oml:name>
      <oml:value>0.09388646288209607</oml:value>
    </oml:quality>
        
  <oml:quality  >
    <oml:name>J48.00001.Kappa</oml:name>
      <oml:value>0.31192788763887874</oml:value>
    </oml:quality>
        
  <oml:quality  >
    <oml:name>J48.0001.AUC</oml:name>
      <oml:value>0.6397029980386664</oml:value>
    </oml:quality>
        
  <oml:quality  >
    <oml:name>J48.0001.ErrRate</oml:name>
      <oml:value>0.09388646288209607</oml:value>
    </oml:quality>
        
  <oml:quality  >
    <oml:name>J48.0001.Kappa</oml:name>
      <oml:value>0.31192788763887874</oml:value>
    </oml:quality>
        
  <oml:quality  >
    <oml:name>J48.001.AUC</oml:name>
      <oml:value>0.6397029980386664</oml:value>
    </oml:quality>
        
  <oml:quality  >
    <oml:name>J48.001.ErrRate</oml:name>
      <oml:value>0.09388646288209607</oml:value>
    </oml:quality>
        
  <oml:quality  >
    <oml:name>J48.001.Kappa</oml:name>
      <oml:value>0.31192788763887874</oml:value>
    </oml:quality>
        
  <oml:quality  >
    <oml:name>MajorityClassPercentage</oml:name>
      <oml:value>90.61135371179039</oml:value>
    </oml:quality>
        
  <oml:quality  >
    <oml:name>MajorityClassSize</oml:name>
      <oml:value>415.0</oml:value>
    </oml:quality>
        
  <oml:quality  >
    <oml:name>MaxAttributeEntropy</oml:name>
      <oml:value />
    </oml:quality>
        
  <oml:quality  >
    <oml:name>MaxKurtosisOfNumericAtts</oml:name>
      <oml:value>135.62389579561832</oml:value>
    </oml:quality>
        
  <oml:quality  >
    <oml:name>MaxMeansOfNumericAtts</oml:name>
      <oml:value>13728.242925764192</oml:value>
    </oml:quality>
        
  <oml:quality  >
    <oml:name>MaxMutualInformation</oml:name>
      <oml:value />
    </oml:quality>
        
  <oml:quality  >
    <oml:name>MaxNominalAttDistinctValues</oml:name>
      <oml:value>2.0</oml:value>
    </oml:quality>
        
  <oml:quality  >
    <oml:name>MaxSkewnessOfNumericAtts</oml:name>
      <oml:value>10.031467376936487</oml:value>
    </oml:quality>
        
  <oml:quality  >
    <oml:name>MaxStdDevOfNumericAtts</oml:name>
      <oml:value>44394.86622483438</oml:value>
    </oml:quality>
        
  <oml:quality  >
    <oml:name>MeanAttributeEntropy</oml:name>
      <oml:value />
    </oml:quality>
        
  <oml:quality  >
    <oml:name>MeanKurtosisOfNumericAtts</oml:name>
      <oml:value>18.932703744292265</oml:value>
    </oml:quality>
        
  <oml:quality  >
    <oml:name>MeanMeansOfNumericAtts</oml:name>
      <oml:value>395.4946411376105</oml:value>
    </oml:quality>
        
  <oml:quality  >
    <oml:name>MeanMutualInformation</oml:name>
      <oml:value />
    </oml:quality>
        
  <oml:quality  >
    <oml:name>MeanNoiseToSignalRatio</oml:name>
      <oml:value />
    </oml:quality>
        
  <oml:quality  >
    <oml:name>MeanNominalAttDistinctValues</oml:name>
      <oml:value>2.0</oml:value>
    </oml:quality>
        
  <oml:quality  >
    <oml:name>MeanSkewnessOfNumericAtts</oml:name>
      <oml:value>3.10113844959487</oml:value>
    </oml:quality>
        
  <oml:quality  >
    <oml:name>MeanStdDevOfNumericAtts</oml:name>
      <oml:value>1244.9923289626022</oml:value>
    </oml:quality>
        
  <oml:quality  >
    <oml:name>MinAttributeEntropy</oml:name>
      <oml:value />
    </oml:quality>
        
  <oml:quality  >
    <oml:name>MinKurtosisOfNumericAtts</oml:name>
      <oml:value>-1.4992423141636746</oml:value>
    </oml:quality>
        
  <oml:quality  >
    <oml:name>MinMeansOfNumericAtts</oml:name>
      <oml:value>0.0964628820960699</oml:value>
    </oml:quality>
        
  <oml:quality  >
    <oml:name>MinMutualInformation</oml:name>
      <oml:value />
    </oml:quality>
        
  <oml:quality  >
    <oml:name>MinNominalAttDistinctValues</oml:name>
      <oml:value>2.0</oml:value>
    </oml:quality>
        
  <oml:quality  >
    <oml:name>MinSkewnessOfNumericAtts</oml:name>
      <oml:value>-2.0180617350860963</oml:value>
    </oml:quality>
        
  <oml:quality  >
    <oml:name>MinStdDevOfNumericAtts</oml:name>
      <oml:value>0.1305072577467533</oml:value>
    </oml:quality>
        
  <oml:quality  >
    <oml:name>MinorityClassPercentage</oml:name>
      <oml:value>9.388646288209607</oml:value>
    </oml:quality>
        
  <oml:quality  >
    <oml:name>MinorityClassSize</oml:name>
      <oml:value>43.0</oml:value>
    </oml:quality>
        
  <oml:quality  >
    <oml:name>NaiveBayesAUC</oml:name>
      <oml:value>0.8215098231863169</oml:value>
    </oml:quality>
        
  <oml:quality  >
    <oml:name>NaiveBayesErrRate</oml:name>
      <oml:value>0.1462882096069869</oml:value>
    </oml:quality>
        
  <oml:quality  >
    <oml:name>NaiveBayesKappa</oml:name>
      <oml:value>0.2823331306422192</oml:value>
    </oml:quality>
        
  <oml:quality  >
    <oml:name>NumberOfBinaryFeatures</oml:name>
      <oml:value>1.0</oml:value>
    </oml:quality>
        
  <oml:quality  >
    <oml:name>NumberOfClasses</oml:name>
      <oml:value>2.0</oml:value>
    </oml:quality>
        
  <oml:quality  >
    <oml:name>NumberOfFeatures</oml:name>
      <oml:value>40.0</oml:value>
    </oml:quality>
        
  <oml:quality  >
    <oml:name>NumberOfInstances</oml:name>
      <oml:value>458.0</oml:value>
    </oml:quality>
        
  <oml:quality  >
    <oml:name>NumberOfInstancesWithMissingValues</oml:name>
      <oml:value>0.0</oml:value>
    </oml:quality>
        
  <oml:quality  >
    <oml:name>NumberOfMissingValues</oml:name>
      <oml:value>0.0</oml:value>
    </oml:quality>
        
  <oml:quality  >
    <oml:name>NumberOfNumericFeatures</oml:name>
      <oml:value>39.0</oml:value>
    </oml:quality>
        
  <oml:quality  >
    <oml:name>NumberOfSymbolicFeatures</oml:name>
      <oml:value>1.0</oml:value>
    </oml:quality>
        
  <oml:quality  >
    <oml:name>PercentageOfBinaryFeatures</oml:name>
      <oml:value>2.5</oml:value>
    </oml:quality>
        
  <oml:quality  >
    <oml:name>PercentageOfInstancesWithMissingValues</oml:name>
      <oml:value>0.0</oml:value>
    </oml:quality>
        
  <oml:quality  >
    <oml:name>PercentageOfMissingValues</oml:name>
      <oml:value>0.0</oml:value>
    </oml:quality>
        
  <oml:quality  >
    <oml:name>PercentageOfNumericFeatures</oml:name>
      <oml:value>97.5</oml:value>
    </oml:quality>
        
  <oml:quality  >
    <oml:name>PercentageOfSymbolicFeatures</oml:name>
      <oml:value>2.5</oml:value>
    </oml:quality>
        
  <oml:quality  >
    <oml:name>Quartile1AttributeEntropy</oml:name>
      <oml:value />
    </oml:quality>
        
  <oml:quality  >
    <oml:name>Quartile1KurtosisOfNumericAtts</oml:name>
      <oml:value>6.526331322402479</oml:value>
    </oml:quality>
        
  <oml:quality  >
    <oml:name>Quartile1MeansOfNumericAtts</oml:name>
      <oml:value>0.9311572052401746</oml:value>
    </oml:quality>
        
  <oml:quality  >
    <oml:name>Quartile1MutualInformation</oml:name>
      <oml:value />
    </oml:quality>
        
  <oml:quality  >
    <oml:name>Quartile1SkewnessOfNumericAtts</oml:name>
      <oml:value>2.444125819186412</oml:value>
    </oml:quality>
        
  <oml:quality  >
    <oml:name>Quartile1StdDevOfNumericAtts</oml:name>
      <oml:value>0.8550365481581099</oml:value>
    </oml:quality>
        
  <oml:quality  >
    <oml:name>Quartile2AttributeEntropy</oml:name>
      <oml:value />
    </oml:quality>
        
  <oml:quality  >
    <oml:name>Quartile2KurtosisOfNumericAtts</oml:name>
      <oml:value>11.387958060336313</oml:value>
    </oml:quality>
        
  <oml:quality  >
    <oml:name>Quartile2MeansOfNumericAtts</oml:name>
      <oml:value>3.4475982532751095</oml:value>
    </oml:quality>
        
  <oml:quality  >
    <oml:name>Quartile2MutualInformation</oml:name>
      <oml:value />
    </oml:quality>
        
  <oml:quality  >
    <oml:name>Quartile2SkewnessOfNumericAtts</oml:name>
      <oml:value>3.0562788397421254</oml:value>
    </oml:quality>
        
  <oml:quality  >
    <oml:name>Quartile2StdDevOfNumericAtts</oml:name>
      <oml:value>5.796771340782352</oml:value>
    </oml:quality>
        
  <oml:quality  >
    <oml:name>Quartile3AttributeEntropy</oml:name>
      <oml:value />
    </oml:quality>
        
  <oml:quality  >
    <oml:name>Quartile3KurtosisOfNumericAtts</oml:name>
      <oml:value>20.599386552054526</oml:value>
    </oml:quality>
        
  <oml:quality  >
    <oml:name>Quartile3MeansOfNumericAtts</oml:name>
      <oml:value>17.14410480349344</oml:value>
    </oml:quality>
        
  <oml:quality  >
    <oml:name>Quartile3MutualInformation</oml:name>
      <oml:value />
    </oml:quality>
        
  <oml:quality  >
    <oml:name>Quartile3SkewnessOfNumericAtts</oml:name>
      <oml:value>3.784704935002427</oml:value>
    </oml:quality>
        
  <oml:quality  >
    <oml:name>Quartile3StdDevOfNumericAtts</oml:name>
      <oml:value>26.472065740865204</oml:value>
    </oml:quality>
        
  <oml:quality  >
    <oml:name>REPTreeDepth1AUC</oml:name>
      <oml:value>0.6773325861585878</oml:value>
    </oml:quality>
        
  <oml:quality  >
    <oml:name>REPTreeDepth1ErrRate</oml:name>
      <oml:value>0.09170305676855896</oml:value>
    </oml:quality>
        
  <oml:quality  >
    <oml:name>REPTreeDepth1Kappa</oml:name>
      <oml:value>0.1912889935256033</oml:value>
    </oml:quality>
        
  <oml:quality  >
    <oml:name>REPTreeDepth2AUC</oml:name>
      <oml:value>0.6773325861585878</oml:value>
    </oml:quality>
        
  <oml:quality  >
    <oml:name>REPTreeDepth2ErrRate</oml:name>
      <oml:value>0.09170305676855896</oml:value>
    </oml:quality>
        
  <oml:quality  >
    <oml:name>REPTreeDepth2Kappa</oml:name>
      <oml:value>0.1912889935256033</oml:value>
    </oml:quality>
        
  <oml:quality  >
    <oml:name>REPTreeDepth3AUC</oml:name>
      <oml:value>0.6773325861585878</oml:value>
    </oml:quality>
        
  <oml:quality  >
    <oml:name>REPTreeDepth3ErrRate</oml:name>
      <oml:value>0.09170305676855896</oml:value>
    </oml:quality>
        
  <oml:quality  >
    <oml:name>REPTreeDepth3Kappa</oml:name>
      <oml:value>0.1912889935256033</oml:value>
    </oml:quality>
        
  <oml:quality  >
    <oml:name>RandomTreeDepth1AUC</oml:name>
      <oml:value>0.5514710002801906</oml:value>
    </oml:quality>
        
  <oml:quality  >
    <oml:name>RandomTreeDepth1ErrRate</oml:name>
      <oml:value>0.13100436681222707</oml:value>
    </oml:quality>
        
  <oml:quality  >
    <oml:name>RandomTreeDepth1Kappa</oml:name>
      <oml:value>0.1199641324537248</oml:value>
    </oml:quality>
        
  <oml:quality  >
    <oml:name>RandomTreeDepth2AUC</oml:name>
      <oml:value>0.5514710002801906</oml:value>
    </oml:quality>
        
  <oml:quality  >
    <oml:name>RandomTreeDepth2ErrRate</oml:name>
      <oml:value>0.13100436681222707</oml:value>
    </oml:quality>
        
  <oml:quality  >
    <oml:name>RandomTreeDepth2Kappa</oml:name>
      <oml:value>0.1199641324537248</oml:value>
    </oml:quality>
        
  <oml:quality  >
    <oml:name>RandomTreeDepth3AUC</oml:name>
      <oml:value>0.5514710002801906</oml:value>
    </oml:quality>
        
  <oml:quality  >
    <oml:name>RandomTreeDepth3ErrRate</oml:name>
      <oml:value>0.13100436681222707</oml:value>
    </oml:quality>
        
  <oml:quality  >
    <oml:name>RandomTreeDepth3Kappa</oml:name>
      <oml:value>0.1199641324537248</oml:value>
    </oml:quality>
        
  <oml:quality  >
    <oml:name>StdvNominalAttDistinctValues</oml:name>
      <oml:value>0.0</oml:value>
    </oml:quality>
        
  <oml:quality  >
    <oml:name>kNN1NAUC</oml:name>
      <oml:value>0.730652843933875</oml:value>
    </oml:quality>
        
  <oml:quality  >
    <oml:name>kNN1NErrRate</oml:name>
      <oml:value>0.11135371179039301</oml:value>
    </oml:quality>
        
  <oml:quality  >
    <oml:name>kNN1NKappa</oml:name>
      <oml:value>0.2777812132830374</oml:value>
    </oml:quality>
  </oml:data_qualities>
