,Final Score
LOC_CODE_AND_COMMENT,345.8964935767523
LOC_BLANK,403.5138738510896
CYCLOMATIC_DENSITY,405.57593422622443
LOC_COMMENTS,412.70628548633624
DECISION_DENSITY,416.5172782480175
DECISION_COUNT,416.7748584420478
LOC_TOTAL,417.33886178065717
PERCENT_COMMENTS,417.51424246213907
NUM_UNIQUE_OPERATORS,418.07202456819886
CONDITION_COUNT,419.4178283375356
MODIFIED_CONDITION_COUNT,420.8058694315694
CALL_PAIRS,421.67634181082695
MULTIPLE_CONDITION_COUNT,423.53511096449864
LOC_EXECUTABLE,423.97647841351665
NUM_UNIQUE_OPERANDS,424.9005946686614
MAINTENANCE_SEVERITY,425.2649341012855
DESIGN_COMPLEXITY,425.55893962477853
NORMALIZED_CYLOMATIC_COMPLEXITY,425.87129093764713
NUMBER_OF_LINES,426.64629669133444
HALSTEAD_LEVEL,427.2455434554017
HALSTEAD_CONTENT,427.68718029017225
NUM_OPERANDS,428.7244968732585
NODE_COUNT,428.7944099346115
HALSTEAD_VOLUME,429.16612176973166
HALSTEAD_LENGTH,429.76585315206535
HALSTEAD_ERROR_EST,430.29748629387797
HALSTEAD_DIFFICULTY,430.3639650346583
CYCLOMATIC_COMPLEXITY,430.41831982182066
EDGE_COUNT,430.5196424019475
NUM_OPERATORS,431.1984408650765
DESIGN_DENSITY,431.3108993496244
PARAMETER_COUNT,431.3643557159244
HALSTEAD_EFFORT,431.42222524603443
ESSENTIAL_COMPLEXITY,431.46267152281627
BRANCH_COUNT,431.95175866062027
ESSENTIAL_DENSITY,432.92513330318457
HALSTEAD_PROG_TIME,432.988927469389
