,Final Score
number_customer_service_calls,423.2475741246321
total_day_charge,430.55659805269426
total_day_minutes,436.73223636697395
international_plan,465.43389471327805
total_eve_minutes,466.4591426411802
total_intl_calls,466.8767377993428
total_eve_charge,473.89721224778157
area_code,477.05295928854906
total_night_minutes,482.06396654072705
number_vmail_messages,482.6322734990586
total_night_charge,483.50697535457175
total_intl_minutes,483.6732843246393
total_intl_charge,484.34465727454403
voice_mail_plan,485.8986779424695
total_night_calls,488.90160551646863
state,489.07774855843036
total_day_calls,490.0646532947636
total_eve_calls,491.5061821890918
account_length,492.04419610411804
phone_number,492.21023567396867
