,Final Score
total_day_minutes,414.5260141231021
number_customer_service_calls,426.38315698024496
total_day_charge,440.2402998373878
total_eve_minutes,451.52601412310213
total_eve_charge,454.38315698024496
voice_mail_plan,454.64331416317555
total_night_minutes,456.5260141231021
total_night_calls,458.9545855516735
number_vmail_messages,460.016805678568
international_plan,462.0547156493323
area_code,467.0079928347876
account_length,467.3501885563123
total_eve_calls,473.0234773784626
total_day_calls,475.2580657938489
total_night_charge,476.6949753136093
total_intl_calls,478.40528751513324
total_intl_charge,478.78320256249265
phone_number,481.8319416868375
total_intl_minutes,485.54000629472233
state,494.5601127481392
