,att_original_names,shap_m1,shap_m2,shap_m3,shap_m4,eli5_m1,eli5_m2,eli5_m3,eli5_m4,dalex_m1,dalex_m2,dalex_m3,dalex_m4,ci_m1,ci_m2,ci_m3,ci_m4,skater_m1,skater_m2,skater_m3,skater_m4,lofo_m1,lofo_m2,lofo_m3,lofo_m4,info_gain_m1,info_gain_m2,info_gain_m3,info_gain_m4,exirt_m1,exirt_m2,exirt_m3,exirt_m4
0,age,chest,number_of_major_vessels,number_of_major_vessels,number_of_major_vessels,… 1 more …,… 1 more …,… 1 more …,… 1 more …,chest,thal,thal,number_of_major_vessels,number_of_major_vessels,number_of_major_vessels,number_of_major_vessels,maximum_heart_rate_achieved,chest,chest,chest,chest,thal,thal,thal,thal,serum_cholestoral,serum_cholestoral,serum_cholestoral,serum_cholestoral,chest,number_of_major_vessels,chest,maximum_heart_rate_achieved
1,sex,number_of_major_vessels,chest,chest,chest,number_of_major_vessels,number_of_major_vessels,number_of_major_vessels,number_of_major_vessels,number_of_major_vessels,chest,chest,thal,oldpeak,serum_cholestoral,oldpeak,number_of_major_vessels,oldpeak,number_of_major_vessels,number_of_major_vessels,number_of_major_vessels,number_of_major_vessels,sex,sex,chest,maximum_heart_rate_achieved,maximum_heart_rate_achieved,maximum_heart_rate_achieved,maximum_heart_rate_achieved,oldpeak,chest,number_of_major_vessels,chest
2,chest,maximum_heart_rate_achieved,thal,thal,maximum_heart_rate_achieved,chest,thal,chest,slope,thal,number_of_major_vessels,number_of_major_vessels,chest,maximum_heart_rate_achieved,oldpeak,serum_cholestoral,oldpeak,serum_cholestoral,thal,maximum_heart_rate_achieved,serum_cholestoral,chest,number_of_major_vessels,age,resting_blood_pressure,age,age,age,age,number_of_major_vessels,thal,maximum_heart_rate_achieved,number_of_major_vessels
3,resting_blood_pressure,oldpeak,slope,oldpeak,serum_cholestoral,sex,slope,slope,chest,sex,sex,oldpeak,sex,serum_cholestoral,thal,thal,serum_cholestoral,number_of_major_vessels,slope,thal,maximum_heart_rate_achieved,sex,slope,chest,number_of_major_vessels,oldpeak,oldpeak,oldpeak,oldpeak,serum_cholestoral,maximum_heart_rate_achieved,oldpeak,oldpeak
4,serum_cholestoral,thal,maximum_heart_rate_achieved,exercise_induced_angina,thal,age,chest,thal,oldpeak,exercise_induced_angina,oldpeak,sex,oldpeak,resting_blood_pressure,slope,slope,age,maximum_heart_rate_achieved,serum_cholestoral,oldpeak,age,resting_blood_pressure,chest,oldpeak,slope,thal,thal,thal,thal,resting_blood_pressure,serum_cholestoral,resting_blood_pressure,serum_cholestoral
5,fasting_blood_sugar,serum_cholestoral,oldpeak,slope,oldpeak,slope,sex,sex,sex,slope,slope,slope,age,slope,resting_electrocardiographic_results,maximum_heart_rate_achieved,slope,age,oldpeak,serum_cholestoral,oldpeak,serum_cholestoral,resting_electrocardiographic_results,number_of_major_vessels,sex,resting_blood_pressure,resting_blood_pressure,resting_blood_pressure,resting_blood_pressure,age,oldpeak,age,thal
6,resting_electrocardiographic_results,sex,exercise_induced_angina,maximum_heart_rate_achieved,sex,maximum_heart_rate_achieved,resting_blood_pressure,fasting_blood_sugar,maximum_heart_rate_achieved,serum_cholestoral,resting_electrocardiographic_results,age,maximum_heart_rate_achieved,exercise_induced_angina,chest,chest,resting_blood_pressure,exercise_induced_angina,age,slope,thal,resting_electrocardiographic_results,oldpeak,slope,fasting_blood_sugar,chest,chest,chest,chest,sex,sex,slope,resting_blood_pressure
7,maximum_heart_rate_achieved,exercise_induced_angina,serum_cholestoral,serum_cholestoral,age,thal,serum_cholestoral,age,thal,age,serum_cholestoral,resting_electrocardiographic_results,exercise_induced_angina,chest,maximum_heart_rate_achieved,resting_blood_pressure,chest,thal,maximum_heart_rate_achieved,exercise_induced_angina,exercise_induced_angina,maximum_heart_rate_achieved,fasting_blood_sugar,maximum_heart_rate_achieved,exercise_induced_angina,sex,sex,sex,sex,exercise_induced_angina,slope,thal,age
8,exercise_induced_angina,age,sex,age,exercise_induced_angina,oldpeak,fasting_blood_sugar,exercise_induced_angina,age,oldpeak,resting_blood_pressure,fasting_blood_sugar,serum_cholestoral,thal,exercise_induced_angina,age,thal,sex,sex,age,resting_blood_pressure,slope,serum_cholestoral,fasting_blood_sugar,age,number_of_major_vessels,number_of_major_vessels,number_of_major_vessels,number_of_major_vessels,slope,resting_blood_pressure,serum_cholestoral,sex
9,oldpeak,slope,age,sex,slope,fasting_blood_sugar,exercise_induced_angina,serum_cholestoral,serum_cholestoral,resting_electrocardiographic_results,fasting_blood_sugar,resting_blood_pressure,resting_electrocardiographic_results,resting_electrocardiographic_results,age,resting_electrocardiographic_results,exercise_induced_angina,resting_blood_pressure,exercise_induced_angina,resting_blood_pressure,sex,fasting_blood_sugar,resting_blood_pressure,serum_cholestoral,resting_electrocardiographic_results,exercise_induced_angina,exercise_induced_angina,exercise_induced_angina,exercise_induced_angina,thal,resting_electrocardiographic_results,sex,exercise_induced_angina
10,slope,resting_blood_pressure,resting_electrocardiographic_results,resting_blood_pressure,resting_blood_pressure,exercise_induced_angina,resting_electrocardiographic_results,oldpeak,resting_electrocardiographic_results,fasting_blood_sugar,exercise_induced_angina,exercise_induced_angina,fasting_blood_sugar,age,resting_blood_pressure,fasting_blood_sugar,fasting_blood_sugar,slope,resting_electrocardiographic_results,resting_electrocardiographic_results,slope,exercise_induced_angina,exercise_induced_angina,resting_electrocardiographic_results,oldpeak,slope,slope,slope,slope,fasting_blood_sugar,exercise_induced_angina,exercise_induced_angina,slope
11,number_of_major_vessels,resting_electrocardiographic_results,resting_blood_pressure,resting_electrocardiographic_results,resting_electrocardiographic_results,serum_cholestoral,maximum_heart_rate_achieved,resting_blood_pressure,fasting_blood_sugar,maximum_heart_rate_achieved,age,serum_cholestoral,resting_blood_pressure,fasting_blood_sugar,sex,exercise_induced_angina,sex,resting_electrocardiographic_results,resting_blood_pressure,sex,resting_electrocardiographic_results,age,age,resting_blood_pressure,maximum_heart_rate_achieved,resting_electrocardiographic_results,resting_electrocardiographic_results,resting_electrocardiographic_results,resting_electrocardiographic_results,resting_electrocardiographic_results,age,resting_electrocardiographic_results,fasting_blood_sugar
12,thal,fasting_blood_sugar,fasting_blood_sugar,fasting_blood_sugar,fasting_blood_sugar,resting_blood_pressure,age,resting_electrocardiographic_results,exercise_induced_angina,resting_blood_pressure,maximum_heart_rate_achieved,maximum_heart_rate_achieved,slope,sex,fasting_blood_sugar,sex,resting_electrocardiographic_results,fasting_blood_sugar,fasting_blood_sugar,fasting_blood_sugar,fasting_blood_sugar,oldpeak,maximum_heart_rate_achieved,exercise_induced_angina,serum_cholestoral,fasting_blood_sugar,fasting_blood_sugar,fasting_blood_sugar,fasting_blood_sugar,maximum_heart_rate_achieved,fasting_blood_sugar,fasting_blood_sugar,resting_electrocardiographic_results
