,Final Score
HALSTEAD_LENGTH,438.6150745633884
LOC_BLANK,440.8716016760991
HALSTEAD_CONTENT,442.297509404786
DECISION_DENSITY,442.4565199873594
CALL_PAIRS,448.3767177959322
PERCENT_COMMENTS,452.556193363119
LOC_CODE_AND_COMMENT,453.47079399793904
NUM_UNIQUE_OPERATORS,453.6219776789839
CYCLOMATIC_DENSITY,453.869554089543
DESIGN_COMPLEXITY,455.9262108042327
LOC_EXECUTABLE,456.0664870765385
EDGE_COUNT,456.5627377483629
LOC_COMMENTS,457.3507264700678
LOC_TOTAL,457.7413210693255
NUM_OPERATORS,457.7990432068865
PARAMETER_COUNT,458.68500457276224
NUM_OPERANDS,458.9089290264092
HALSTEAD_DIFFICULTY,460.8839546266627
NORMALIZED_CYLOMATIC_COMPLEXITY,460.91833070889834
NUMBER_OF_LINES,461.8298439859869
HALSTEAD_EFFORT,463.23017600354166
HALSTEAD_VOLUME,463.58559926085707
NUM_UNIQUE_OPERANDS,463.9409106451245
MULTIPLE_CONDITION_COUNT,464.5857365945928
HALSTEAD_PROG_TIME,464.8806952562769
BRANCH_COUNT,464.9202543423491
MAINTENANCE_SEVERITY,464.9314810515495
HALSTEAD_LEVEL,465.0565652342305
CONDITION_COUNT,465.0565652342305
HALSTEAD_ERROR_EST,465.0565652342305
CYCLOMATIC_COMPLEXITY,465.0565652342305
DECISION_COUNT,465.0565652342305
DESIGN_DENSITY,465.0565652342305
ESSENTIAL_COMPLEXITY,465.0886201753854
MODIFIED_CONDITION_COUNT,465.26072803760826
ESSENTIAL_DENSITY,465.34809730016235
NODE_COUNT,465.4195627824228
