Clf,Score
"Clf MultNeg ""CAP""",11.904500000000002
"Clf Zeros ""CAP""",11.904500000000002
"Clf MultNeg ""PA.normalized""",42.8125
"Clf Zeros ""PA.normalized""",42.8125
"Clf Zscore ""CAP""",43.8125
"Clf Binning ""CAP""",45.81249999999999
"Clf Invertion ""CAP""",45.81249999999999
"Clf Ordernation_Up ""PA.normalized""",47.81249999999999
"Clf Ordernation_Up ""CAP""",48.81249999999999
"Clf Std ""CAP""",48.81249999999999
"Clf Binning ""PA.normalized""",50.81249999999999
"Clf Invertion ""PA.normalized""",50.81249999999999
"Clf Zscore ""PA.normalized""",50.81249999999999
"Clf Std ""PA.normalized""",52.81249999999999
"Clf Invertion ""Length.of.service""",53.81249999999999
"Clf MultNeg ""Length.of.service""",54.81249999999999
"Clf Zeros ""Length.of.service""",54.81249999999999
"Clf Ordernation_Up ""Length.of.service""",54.81249999999999
"Clf Std ""Length.of.service""",54.81249999999999
Clf original data,55.771925734712816
"Clf MultNeg ""Minority""",55.771925734712816
"Clf Binning ""Length.of.service""",55.771925734712816
"Clf Binning ""Minority""",55.771925734712816
"Clf Zeros ""Minority""",55.771925734712816
"Clf Ordernation_Up ""Minority""",55.771925734712816
"Clf Invertion ""Minority""",55.771925734712816
"Clf Std ""Minority""",55.771925734712816
"Clf Zscore ""Length.of.service""",55.771925734712816
"Clf Zscore ""Minority""",55.771925734712816
