Clf,Score
"Clf MultNeg ""CAP""",-17.491
"Clf Zeros ""CAP""",-17.491
"Clf Zscore ""CAP""",21.0
"Clf MultNeg ""PA.normalized""",22.0
"Clf Zeros ""PA.normalized""",22.0
"Clf Binning ""CAP""",23.0
"Clf Binning ""PA.normalized""",29.0
"Clf Invertion ""CAP""",29.0
"Clf Zscore ""PA.normalized""",29.0
"Clf Ordernation_Up ""PA.normalized""",31.0
"Clf Std ""PA.normalized""",31.0
"Clf Ordernation_Up ""CAP""",32.0
"Clf Std ""CAP""",32.0
Clf original data,32.89513918739312
"Clf MultNeg ""Minority""",32.89513918739312
"Clf Binning ""Length.of.service""",32.89513918739312
"Clf Binning ""Minority""",32.89513918739312
"Clf Zeros ""Minority""",32.89513918739312
"Clf Ordernation_Up ""Minority""",32.89513918739312
"Clf Invertion ""Minority""",32.89513918739312
"Clf Std ""Minority""",32.89513918739312
"Clf Zscore ""Length.of.service""",32.89513918739312
"Clf Zscore ""Minority""",32.89513918739312
"Clf MultNeg ""Length.of.service""",33.0
"Clf Zeros ""Length.of.service""",33.0
"Clf Ordernation_Up ""Length.of.service""",33.0
"Clf Invertion ""Length.of.service""",33.0
"Clf Invertion ""PA.normalized""",33.0
"Clf Std ""Length.of.service""",33.0
