,Final Score
NUMBER_OF_LINES,435.2635422905828
CYCLOMATIC_DENSITY,481.6555295971359
NUM_UNIQUE_OPERANDS,485.5931405187086
HALSTEAD_CONTENT,487.14515610341783
PERCENT_COMMENTS,487.9402727285598
CALL_PAIRS,489.7116929938085
ESSENTIAL_COMPLEXITY,489.796622108058
LOC_EXECUTABLE,490.83076401016103
NORMALIZED_CYLOMATIC_COMPLEXITY,492.4282661129328
LOC_COMMENTS,493.208615506294
BRANCH_COUNT,496.7624775494866
HALSTEAD_PROG_TIME,498.4234338130146
ESSENTIAL_DENSITY,498.7561847319633
HALSTEAD_VOLUME,498.8683566124142
LOC_CODE_AND_COMMENT,499.0381999716686
PARAMETER_COUNT,499.3961996810792
DESIGN_COMPLEXITY,499.62370422260733
NUM_OPERATORS,499.91962092803954
NUM_UNIQUE_OPERATORS,499.91962092803954
NODE_COUNT,499.91962092803954
MULTIPLE_CONDITION_COUNT,499.91962092803954
MODIFIED_CONDITION_COUNT,499.91962092803954
MAINTENANCE_SEVERITY,499.91962092803954
NUM_OPERANDS,499.91962092803954
LOC_BLANK,499.91962092803954
HALSTEAD_LENGTH,499.91962092803954
HALSTEAD_ERROR_EST,499.91962092803954
HALSTEAD_EFFORT,499.91962092803954
HALSTEAD_DIFFICULTY,499.91962092803954
GLOBAL_DATA_DENSITY,499.91962092803954
GLOBAL_DATA_COMPLEXITY,499.91962092803954
EDGE_COUNT,499.91962092803954
DESIGN_DENSITY,499.91962092803954
DECISION_COUNT,499.91962092803954
CYCLOMATIC_COMPLEXITY,499.91962092803954
CONDITION_COUNT,499.91962092803954
HALSTEAD_LEVEL,499.91962092803954
LOC_TOTAL,499.91962092803954
