<oml:data_set_description xmlns:oml="http://openml.org/openml">
  <oml:id>1471</oml:id>
  <oml:name>eeg-eye-state</oml:name>
  <oml:version>1</oml:version>
  <oml:description>**Author**: Oliver Roesler  
**Source**: [UCI](https://archive.ics.uci.edu/ml/datasets/EEG+Eye+State), Baden-Wuerttemberg, Cooperative State University (DHBW), Stuttgart, Germany  
**Please cite**: [UCI](https://archive.ics.uci.edu/ml/citation_policy.html)  

All data is from one continuous EEG measurement with the Emotiv EEG Neuroheadset. The duration of the measurement was 117 seconds. The eye state was detected via a camera during the EEG measurement and added later manually to the file after analyzing the video frames. '1' indicates the eye-closed and '0' the eye-open state. All values are in chronological order with the first measured value at the top of the data.

The features correspond to 14 EEG measurements from the headset, originally labeled AF3, F7, F3, FC5, T7, P, O1, O2, P8, T8, FC6, F4, F8, AF4, in that order.</oml:description>
  <oml:description_version>1</oml:description_version>
  <oml:format>ARFF</oml:format>
        <oml:upload_date>2015-05-22T16:40:04</oml:upload_date>
    <oml:licence>Public</oml:licence>  <oml:url>https://api.openml.org/data/v1/download/1587924/eeg-eye-state.arff</oml:url>
  <oml:parquet_url>http://openml1.win.tue.nl/dataset1471/dataset_1471.pq</oml:parquet_url>  <oml:file_id>1587924</oml:file_id>  <oml:default_target_attribute>Class</oml:default_target_attribute>          <oml:tag>brain</oml:tag><oml:tag>EEG</oml:tag><oml:tag>OpenML100</oml:tag><oml:tag>study_123</oml:tag><oml:tag>study_14</oml:tag><oml:tag>study_34</oml:tag><oml:tag>study_7</oml:tag><oml:tag>time_series</oml:tag><oml:tag>uci</oml:tag>  <oml:visibility>public</oml:visibility>      <oml:minio_url>http://openml1.win.tue.nl/dataset1471/dataset_1471.pq</oml:minio_url>  <oml:status>active</oml:status>
  <oml:processing_date>2019-07-09 15:20:53</oml:processing_date>      <oml:md5_checksum>32086b7bec4daaa9cbe5f19efa63368c</oml:md5_checksum>
</oml:data_set_description>
