,Final Score
LOC_COMMENTS,118.91464159503991
NODE_COUNT,119.85264379704097
PERCENT_COMMENTS,120.12723052403996
NUM_OPERATORS,120.1341959156262
DECISION_DENSITY,120.14551635851369
DESIGN_COMPLEXITY,120.2882954529486
HALSTEAD_DIFFICULTY,120.42010298847916
HALSTEAD_CONTENT,120.42010304669927
CALL_PAIRS,120.56653926921553
HALSTEAD_ERROR_EST,120.57385364181843
LOC_BLANK,120.71663273625333
DESIGN_DENSITY,120.85941183068825
NUMBER_OF_LINES,120.85941183068825
NUM_UNIQUE_OPERATORS,120.85941183068825
NUM_UNIQUE_OPERANDS,120.85941183068825
BRANCH_COUNT,120.85941183068825
NUM_OPERANDS,120.85941183068825
NORMALIZED_CYLOMATIC_COMPLEXITY,120.85941183068825
LOC_CODE_AND_COMMENT,120.85941183068825
MULTIPLE_CONDITION_COUNT,120.85941183068825
MODIFIED_CONDITION_COUNT,120.85941183068825
MAINTENANCE_SEVERITY,120.85941183068825
HALSTEAD_VOLUME,120.85941183068825
HALSTEAD_PROG_TIME,120.85941183068825
HALSTEAD_LEVEL,120.85941183068825
HALSTEAD_LENGTH,120.85941183068825
CONDITION_COUNT,120.85941183068825
HALSTEAD_EFFORT,120.85941183068825
CYCLOMATIC_COMPLEXITY,120.85941183068825
CYCLOMATIC_DENSITY,120.85941183068825
PARAMETER_COUNT,120.85941183068825
LOC_EXECUTABLE,120.85941183068825
ESSENTIAL_DENSITY,120.85941183068825
ESSENTIAL_COMPLEXITY,120.85941183068825
EDGE_COUNT,120.85941183068825
DECISION_COUNT,120.85941183068825
LOC_TOTAL,120.85941183068825
