<oml:data_set_description xmlns:oml="http://openml.org/openml">
  <oml:id>43</oml:id>
  <oml:name>haberman</oml:name>
  <oml:version>1</oml:version>
  <oml:description>**Author**:   
**Source**: Unknown -   
**Please cite**:   

1. Title: Haberman's Survival Data
 
 2. Sources:
    (a) Donor:   Tjen-Sien Lim (limt@stat.wisc.edu)
    (b) Date:    March 4, 1999
 
 3. Past Usage:
    1. Haberman, S. J. (1976). Generalized Residuals for Log-Linear
       Models, Proceedings of the 9th International Biometrics
       Conference, Boston, pp. 104-122.
    2. Landwehr, J. M., Pregibon, D., and Shoemaker, A. C. (1984),
       Graphical Models for Assessing Logistic Regression Models (with
       discussion), Journal of the American Statistical Association 79:
       61-83.
    3. Lo, W.-D. (1993). Logistic Regression Trees, PhD thesis,
       Department of Statistics, University of Wisconsin, Madison, WI.
 
 4. Relevant Information:
    The dataset contains cases from a study that was conducted between
    1958 and 1970 at the University of Chicago's Billings Hospital on
    the survival of patients who had undergone surgery for breast
    cancer.
 
 5. Number of Instances: 306
 
 6. Number of Attributes: 4 (including the class attribute)
 
 7. Attribute Information:
    1. Age of patient at time of operation (numerical)
    2. Patient's year of operation (year - 1900, numerical)
    3. Number of positive axillary nodes detected (numerical)
    4. Survival status (class attribute)
          1 = the patient survived 5 years or longer
          2 = the patient died within 5 year
 
 8. Missing Attribute Values: None

 Information about the dataset
 CLASSTYPE: nominal
 CLASSINDEX: last</oml:description>
  <oml:description_version>1</oml:description_version>
  <oml:format>ARFF</oml:format>
  <oml:creator>University of Chicago's Billings Hospital</oml:creator>     <oml:collection_date>1999-03-04</oml:collection_date>  <oml:upload_date>2014-04-06T23:22:34</oml:upload_date>
  <oml:language>English</oml:language>  <oml:licence>Public</oml:licence>  <oml:url>https://api.openml.org/data/v1/download/43/haberman.arff</oml:url>
  <oml:parquet_url>http://openml1.win.tue.nl/dataset43/dataset_43.pq</oml:parquet_url>  <oml:file_id>43</oml:file_id>  <oml:default_target_attribute>Survival_status</oml:default_target_attribute>      <oml:version_label>1</oml:version_label>  <oml:citation>https://archive.ics.uci.edu/ml/citation_policy.html</oml:citation>  <oml:tag>mythbusting_1</oml:tag><oml:tag>study_1</oml:tag><oml:tag>study_123</oml:tag><oml:tag>study_127</oml:tag><oml:tag>study_15</oml:tag><oml:tag>study_20</oml:tag><oml:tag>study_29</oml:tag><oml:tag>study_30</oml:tag><oml:tag>study_41</oml:tag><oml:tag>study_50</oml:tag><oml:tag>study_52</oml:tag><oml:tag>study_7</oml:tag><oml:tag>study_88</oml:tag><oml:tag>uci</oml:tag>  <oml:visibility>public</oml:visibility>  <oml:original_data_url>https://archive.ics.uci.edu/ml/datasets/haberman's+survival</oml:original_data_url>  <oml:paper_url>https://www.jstor.org/stable/24305062</oml:paper_url>  <oml:minio_url>http://openml1.win.tue.nl/dataset43/dataset_43.pq</oml:minio_url>  <oml:status>active</oml:status>
  <oml:processing_date>2020-11-20 18:43:03</oml:processing_date>      <oml:md5_checksum>fe063732e696d8e7aa79746032f0191b</oml:md5_checksum>
</oml:data_set_description>
