<oml:data_features xmlns:oml="http://openml.org/openml">
    <oml:feature>
    <oml:index>0</oml:index>
    <oml:name>having_IP_Address</oml:name>
    <oml:data_type>nominal</oml:data_type>
          <oml:nominal_value>-1</oml:nominal_value>
          <oml:nominal_value>1</oml:nominal_value>
        <oml:is_target>false</oml:is_target>
    <oml:is_ignore>false</oml:is_ignore>
    <oml:is_row_identifier>false</oml:is_row_identifier>
    <oml:number_of_missing_values>0</oml:number_of_missing_values>
  </oml:feature>
    <oml:feature>
    <oml:index>1</oml:index>
    <oml:name>URL_Length</oml:name>
    <oml:data_type>nominal</oml:data_type>
          <oml:nominal_value>-1</oml:nominal_value>
          <oml:nominal_value>0</oml:nominal_value>
          <oml:nominal_value>1</oml:nominal_value>
        <oml:is_target>false</oml:is_target>
    <oml:is_ignore>false</oml:is_ignore>
    <oml:is_row_identifier>false</oml:is_row_identifier>
    <oml:number_of_missing_values>0</oml:number_of_missing_values>
  </oml:feature>
    <oml:feature>
    <oml:index>2</oml:index>
    <oml:name>Shortining_Service</oml:name>
    <oml:data_type>nominal</oml:data_type>
          <oml:nominal_value>-1</oml:nominal_value>
          <oml:nominal_value>1</oml:nominal_value>
        <oml:is_target>false</oml:is_target>
    <oml:is_ignore>false</oml:is_ignore>
    <oml:is_row_identifier>false</oml:is_row_identifier>
    <oml:number_of_missing_values>0</oml:number_of_missing_values>
  </oml:feature>
    <oml:feature>
    <oml:index>3</oml:index>
    <oml:name>having_At_Symbol</oml:name>
    <oml:data_type>nominal</oml:data_type>
          <oml:nominal_value>-1</oml:nominal_value>
          <oml:nominal_value>1</oml:nominal_value>
        <oml:is_target>false</oml:is_target>
    <oml:is_ignore>false</oml:is_ignore>
    <oml:is_row_identifier>false</oml:is_row_identifier>
    <oml:number_of_missing_values>0</oml:number_of_missing_values>
  </oml:feature>
    <oml:feature>
    <oml:index>4</oml:index>
    <oml:name>double_slash_redirecting</oml:name>
    <oml:data_type>nominal</oml:data_type>
          <oml:nominal_value>-1</oml:nominal_value>
          <oml:nominal_value>1</oml:nominal_value>
        <oml:is_target>false</oml:is_target>
    <oml:is_ignore>false</oml:is_ignore>
    <oml:is_row_identifier>false</oml:is_row_identifier>
    <oml:number_of_missing_values>0</oml:number_of_missing_values>
  </oml:feature>
    <oml:feature>
    <oml:index>5</oml:index>
    <oml:name>Prefix_Suffix</oml:name>
    <oml:data_type>nominal</oml:data_type>
          <oml:nominal_value>-1</oml:nominal_value>
          <oml:nominal_value>1</oml:nominal_value>
        <oml:is_target>false</oml:is_target>
    <oml:is_ignore>false</oml:is_ignore>
    <oml:is_row_identifier>false</oml:is_row_identifier>
    <oml:number_of_missing_values>0</oml:number_of_missing_values>
  </oml:feature>
    <oml:feature>
    <oml:index>6</oml:index>
    <oml:name>having_Sub_Domain</oml:name>
    <oml:data_type>nominal</oml:data_type>
          <oml:nominal_value>-1</oml:nominal_value>
          <oml:nominal_value>0</oml:nominal_value>
          <oml:nominal_value>1</oml:nominal_value>
        <oml:is_target>false</oml:is_target>
    <oml:is_ignore>false</oml:is_ignore>
    <oml:is_row_identifier>false</oml:is_row_identifier>
    <oml:number_of_missing_values>0</oml:number_of_missing_values>
  </oml:feature>
    <oml:feature>
    <oml:index>7</oml:index>
    <oml:name>SSLfinal_State</oml:name>
    <oml:data_type>nominal</oml:data_type>
          <oml:nominal_value>-1</oml:nominal_value>
          <oml:nominal_value>0</oml:nominal_value>
          <oml:nominal_value>1</oml:nominal_value>
        <oml:is_target>false</oml:is_target>
    <oml:is_ignore>false</oml:is_ignore>
    <oml:is_row_identifier>false</oml:is_row_identifier>
    <oml:number_of_missing_values>0</oml:number_of_missing_values>
  </oml:feature>
    <oml:feature>
    <oml:index>8</oml:index>
    <oml:name>Domain_registeration_length</oml:name>
    <oml:data_type>nominal</oml:data_type>
          <oml:nominal_value>-1</oml:nominal_value>
          <oml:nominal_value>1</oml:nominal_value>
        <oml:is_target>false</oml:is_target>
    <oml:is_ignore>false</oml:is_ignore>
    <oml:is_row_identifier>false</oml:is_row_identifier>
    <oml:number_of_missing_values>0</oml:number_of_missing_values>
  </oml:feature>
    <oml:feature>
    <oml:index>9</oml:index>
    <oml:name>Favicon</oml:name>
    <oml:data_type>nominal</oml:data_type>
          <oml:nominal_value>-1</oml:nominal_value>
          <oml:nominal_value>1</oml:nominal_value>
        <oml:is_target>false</oml:is_target>
    <oml:is_ignore>false</oml:is_ignore>
    <oml:is_row_identifier>false</oml:is_row_identifier>
    <oml:number_of_missing_values>0</oml:number_of_missing_values>
  </oml:feature>
    <oml:feature>
    <oml:index>10</oml:index>
    <oml:name>port</oml:name>
    <oml:data_type>nominal</oml:data_type>
          <oml:nominal_value>-1</oml:nominal_value>
          <oml:nominal_value>1</oml:nominal_value>
        <oml:is_target>false</oml:is_target>
    <oml:is_ignore>false</oml:is_ignore>
    <oml:is_row_identifier>false</oml:is_row_identifier>
    <oml:number_of_missing_values>0</oml:number_of_missing_values>
  </oml:feature>
    <oml:feature>
    <oml:index>11</oml:index>
    <oml:name>HTTPS_token</oml:name>
    <oml:data_type>nominal</oml:data_type>
          <oml:nominal_value>-1</oml:nominal_value>
          <oml:nominal_value>1</oml:nominal_value>
        <oml:is_target>false</oml:is_target>
    <oml:is_ignore>false</oml:is_ignore>
    <oml:is_row_identifier>false</oml:is_row_identifier>
    <oml:number_of_missing_values>0</oml:number_of_missing_values>
  </oml:feature>
    <oml:feature>
    <oml:index>12</oml:index>
    <oml:name>Request_URL</oml:name>
    <oml:data_type>nominal</oml:data_type>
          <oml:nominal_value>-1</oml:nominal_value>
          <oml:nominal_value>1</oml:nominal_value>
        <oml:is_target>false</oml:is_target>
    <oml:is_ignore>false</oml:is_ignore>
    <oml:is_row_identifier>false</oml:is_row_identifier>
    <oml:number_of_missing_values>0</oml:number_of_missing_values>
  </oml:feature>
    <oml:feature>
    <oml:index>13</oml:index>
    <oml:name>URL_of_Anchor</oml:name>
    <oml:data_type>nominal</oml:data_type>
          <oml:nominal_value>-1</oml:nominal_value>
          <oml:nominal_value>0</oml:nominal_value>
          <oml:nominal_value>1</oml:nominal_value>
        <oml:is_target>false</oml:is_target>
    <oml:is_ignore>false</oml:is_ignore>
    <oml:is_row_identifier>false</oml:is_row_identifier>
    <oml:number_of_missing_values>0</oml:number_of_missing_values>
  </oml:feature>
    <oml:feature>
    <oml:index>14</oml:index>
    <oml:name>Links_in_tags</oml:name>
    <oml:data_type>nominal</oml:data_type>
          <oml:nominal_value>-1</oml:nominal_value>
          <oml:nominal_value>0</oml:nominal_value>
          <oml:nominal_value>1</oml:nominal_value>
        <oml:is_target>false</oml:is_target>
    <oml:is_ignore>false</oml:is_ignore>
    <oml:is_row_identifier>false</oml:is_row_identifier>
    <oml:number_of_missing_values>0</oml:number_of_missing_values>
  </oml:feature>
    <oml:feature>
    <oml:index>15</oml:index>
    <oml:name>SFH</oml:name>
    <oml:data_type>nominal</oml:data_type>
          <oml:nominal_value>-1</oml:nominal_value>
          <oml:nominal_value>0</oml:nominal_value>
          <oml:nominal_value>1</oml:nominal_value>
        <oml:is_target>false</oml:is_target>
    <oml:is_ignore>false</oml:is_ignore>
    <oml:is_row_identifier>false</oml:is_row_identifier>
    <oml:number_of_missing_values>0</oml:number_of_missing_values>
  </oml:feature>
    <oml:feature>
    <oml:index>16</oml:index>
    <oml:name>Submitting_to_email</oml:name>
    <oml:data_type>nominal</oml:data_type>
          <oml:nominal_value>-1</oml:nominal_value>
          <oml:nominal_value>1</oml:nominal_value>
        <oml:is_target>false</oml:is_target>
    <oml:is_ignore>false</oml:is_ignore>
    <oml:is_row_identifier>false</oml:is_row_identifier>
    <oml:number_of_missing_values>0</oml:number_of_missing_values>
  </oml:feature>
    <oml:feature>
    <oml:index>17</oml:index>
    <oml:name>Abnormal_URL</oml:name>
    <oml:data_type>nominal</oml:data_type>
          <oml:nominal_value>-1</oml:nominal_value>
          <oml:nominal_value>1</oml:nominal_value>
        <oml:is_target>false</oml:is_target>
    <oml:is_ignore>false</oml:is_ignore>
    <oml:is_row_identifier>false</oml:is_row_identifier>
    <oml:number_of_missing_values>0</oml:number_of_missing_values>
  </oml:feature>
    <oml:feature>
    <oml:index>18</oml:index>
    <oml:name>Redirect</oml:name>
    <oml:data_type>nominal</oml:data_type>
          <oml:nominal_value>0</oml:nominal_value>
          <oml:nominal_value>1</oml:nominal_value>
        <oml:is_target>false</oml:is_target>
    <oml:is_ignore>false</oml:is_ignore>
    <oml:is_row_identifier>false</oml:is_row_identifier>
    <oml:number_of_missing_values>0</oml:number_of_missing_values>
  </oml:feature>
    <oml:feature>
    <oml:index>19</oml:index>
    <oml:name>on_mouseover</oml:name>
    <oml:data_type>nominal</oml:data_type>
          <oml:nominal_value>-1</oml:nominal_value>
          <oml:nominal_value>1</oml:nominal_value>
        <oml:is_target>false</oml:is_target>
    <oml:is_ignore>false</oml:is_ignore>
    <oml:is_row_identifier>false</oml:is_row_identifier>
    <oml:number_of_missing_values>0</oml:number_of_missing_values>
  </oml:feature>
    <oml:feature>
    <oml:index>20</oml:index>
    <oml:name>RightClick</oml:name>
    <oml:data_type>nominal</oml:data_type>
          <oml:nominal_value>-1</oml:nominal_value>
          <oml:nominal_value>1</oml:nominal_value>
        <oml:is_target>false</oml:is_target>
    <oml:is_ignore>false</oml:is_ignore>
    <oml:is_row_identifier>false</oml:is_row_identifier>
    <oml:number_of_missing_values>0</oml:number_of_missing_values>
  </oml:feature>
    <oml:feature>
    <oml:index>21</oml:index>
    <oml:name>popUpWidnow</oml:name>
    <oml:data_type>nominal</oml:data_type>
          <oml:nominal_value>-1</oml:nominal_value>
          <oml:nominal_value>1</oml:nominal_value>
        <oml:is_target>false</oml:is_target>
    <oml:is_ignore>false</oml:is_ignore>
    <oml:is_row_identifier>false</oml:is_row_identifier>
    <oml:number_of_missing_values>0</oml:number_of_missing_values>
  </oml:feature>
    <oml:feature>
    <oml:index>22</oml:index>
    <oml:name>Iframe</oml:name>
    <oml:data_type>nominal</oml:data_type>
          <oml:nominal_value>-1</oml:nominal_value>
          <oml:nominal_value>1</oml:nominal_value>
        <oml:is_target>false</oml:is_target>
    <oml:is_ignore>false</oml:is_ignore>
    <oml:is_row_identifier>false</oml:is_row_identifier>
    <oml:number_of_missing_values>0</oml:number_of_missing_values>
  </oml:feature>
    <oml:feature>
    <oml:index>23</oml:index>
    <oml:name>age_of_domain</oml:name>
    <oml:data_type>nominal</oml:data_type>
          <oml:nominal_value>-1</oml:nominal_value>
          <oml:nominal_value>1</oml:nominal_value>
        <oml:is_target>false</oml:is_target>
    <oml:is_ignore>false</oml:is_ignore>
    <oml:is_row_identifier>false</oml:is_row_identifier>
    <oml:number_of_missing_values>0</oml:number_of_missing_values>
  </oml:feature>
    <oml:feature>
    <oml:index>24</oml:index>
    <oml:name>DNSRecord</oml:name>
    <oml:data_type>nominal</oml:data_type>
          <oml:nominal_value>-1</oml:nominal_value>
          <oml:nominal_value>1</oml:nominal_value>
        <oml:is_target>false</oml:is_target>
    <oml:is_ignore>false</oml:is_ignore>
    <oml:is_row_identifier>false</oml:is_row_identifier>
    <oml:number_of_missing_values>0</oml:number_of_missing_values>
  </oml:feature>
    <oml:feature>
    <oml:index>25</oml:index>
    <oml:name>web_traffic</oml:name>
    <oml:data_type>nominal</oml:data_type>
          <oml:nominal_value>-1</oml:nominal_value>
          <oml:nominal_value>0</oml:nominal_value>
          <oml:nominal_value>1</oml:nominal_value>
        <oml:is_target>false</oml:is_target>
    <oml:is_ignore>false</oml:is_ignore>
    <oml:is_row_identifier>false</oml:is_row_identifier>
    <oml:number_of_missing_values>0</oml:number_of_missing_values>
  </oml:feature>
    <oml:feature>
    <oml:index>26</oml:index>
    <oml:name>Page_Rank</oml:name>
    <oml:data_type>nominal</oml:data_type>
          <oml:nominal_value>-1</oml:nominal_value>
          <oml:nominal_value>1</oml:nominal_value>
        <oml:is_target>false</oml:is_target>
    <oml:is_ignore>false</oml:is_ignore>
    <oml:is_row_identifier>false</oml:is_row_identifier>
    <oml:number_of_missing_values>0</oml:number_of_missing_values>
  </oml:feature>
    <oml:feature>
    <oml:index>27</oml:index>
    <oml:name>Google_Index</oml:name>
    <oml:data_type>nominal</oml:data_type>
          <oml:nominal_value>-1</oml:nominal_value>
          <oml:nominal_value>1</oml:nominal_value>
        <oml:is_target>false</oml:is_target>
    <oml:is_ignore>false</oml:is_ignore>
    <oml:is_row_identifier>false</oml:is_row_identifier>
    <oml:number_of_missing_values>0</oml:number_of_missing_values>
  </oml:feature>
    <oml:feature>
    <oml:index>28</oml:index>
    <oml:name>Links_pointing_to_page</oml:name>
    <oml:data_type>nominal</oml:data_type>
          <oml:nominal_value>-1</oml:nominal_value>
          <oml:nominal_value>0</oml:nominal_value>
          <oml:nominal_value>1</oml:nominal_value>
        <oml:is_target>false</oml:is_target>
    <oml:is_ignore>false</oml:is_ignore>
    <oml:is_row_identifier>false</oml:is_row_identifier>
    <oml:number_of_missing_values>0</oml:number_of_missing_values>
  </oml:feature>
    <oml:feature>
    <oml:index>29</oml:index>
    <oml:name>Statistical_report</oml:name>
    <oml:data_type>nominal</oml:data_type>
          <oml:nominal_value>-1</oml:nominal_value>
          <oml:nominal_value>1</oml:nominal_value>
        <oml:is_target>false</oml:is_target>
    <oml:is_ignore>false</oml:is_ignore>
    <oml:is_row_identifier>false</oml:is_row_identifier>
    <oml:number_of_missing_values>0</oml:number_of_missing_values>
  </oml:feature>
    <oml:feature>
    <oml:index>30</oml:index>
    <oml:name>Result</oml:name>
    <oml:data_type>nominal</oml:data_type>
          <oml:nominal_value>-1</oml:nominal_value>
          <oml:nominal_value>1</oml:nominal_value>
        <oml:is_target>true</oml:is_target>
    <oml:is_ignore>false</oml:is_ignore>
    <oml:is_row_identifier>false</oml:is_row_identifier>
    <oml:number_of_missing_values>0</oml:number_of_missing_values>
  </oml:feature>
  </oml:data_features>
