,Final Score
PERCENT_COMMENTS,118.3960745419953
LOC_COMMENTS,118.89613814716401
DESIGN_COMPLEXITY,119.38749305311542
LOC_BLANK,119.41025380688792
NUM_UNIQUE_OPERATORS,119.57583146230033
LOC_EXECUTABLE,119.59859221607284
NUM_UNIQUE_OPERANDS,119.59859221607284
NODE_COUNT,119.72881523582112
HALSTEAD_VOLUME,119.73006898204373
EDGE_COUNT,119.8046941651049
NUM_OPERANDS,119.86154574801462
NUMBER_OF_LINES,119.99302251398551
HALSTEAD_LENGTH,119.99302251398551
DECISION_DENSITY,119.99302251398551
PARAMETER_COUNT,120.12449927995641
MAINTENANCE_SEVERITY,120.2559760459273
HALSTEAD_EFFORT,120.2559760459273
HALSTEAD_PROG_TIME,120.2559760459273
HALSTEAD_ERROR_EST,120.2559760459273
LOC_TOTAL,120.2559760459273
HALSTEAD_DIFFICULTY,120.38745281189819
BRANCH_COUNT,120.51892957786907
CALL_PAIRS,120.51892957786907
LOC_CODE_AND_COMMENT,120.51892957786907
NUM_OPERATORS,120.51892957786907
CONDITION_COUNT,120.51892957786907
NORMALIZED_CYLOMATIC_COMPLEXITY,120.51892957786907
HALSTEAD_CONTENT,120.51892957786907
ESSENTIAL_DENSITY,120.51892957786907
MODIFIED_CONDITION_COUNT,120.51892957786907
CYCLOMATIC_DENSITY,120.51892957786907
DECISION_COUNT,120.51892957786907
DESIGN_DENSITY,120.51892957786907
HALSTEAD_LEVEL,120.51892957786907
ESSENTIAL_COMPLEXITY,120.51892957786907
MULTIPLE_CONDITION_COUNT,120.51892957786907
CYCLOMATIC_COMPLEXITY,120.51892957786907
