,Final Score
MAINTENANCE_SEVERITY,221.74813792086516
NUM_UNIQUE_OPERATORS,414.99501589699673
HALSTEAD_PROG_TIME,424.8856006188164
HALSTEAD_EFFORT,446.4849588507743
HALSTEAD_DIFFICULTY,486.9067142654716
CYCLOMATIC_DENSITY,487.7768720790566
NUM_UNIQUE_OPERANDS,495.48507900945583
PERCENT_COMMENTS,497.3474595577166
HALSTEAD_LEVEL,498.78483129652136
DESIGN_DENSITY,498.8544552666718
NUMBER_OF_LINES,499.1737914848931
NUM_OPERANDS,499.6234344209617
NORMALIZED_CYLOMATIC_COMPLEXITY,499.6234344209617
NODE_COUNT,499.6234344209617
MODIFIED_CONDITION_COUNT,499.6234344209617
HALSTEAD_VOLUME,499.6234344209617
HALSTEAD_LENGTH,499.6234344209617
NUM_OPERATORS,499.6234344209617
MULTIPLE_CONDITION_COUNT,499.6234344209617
BRANCH_COUNT,499.6234344209617
HALSTEAD_CONTENT,499.6234344209617
PARAMETER_COUNT,499.6234344209617
LOC_EXECUTABLE,499.6234344209617
ESSENTIAL_DENSITY,499.6234344209617
ESSENTIAL_COMPLEXITY,499.6234344209617
EDGE_COUNT,499.6234344209617
DESIGN_COMPLEXITY,499.6234344209617
DECISION_DENSITY,499.6234344209617
DECISION_COUNT,499.6234344209617
CYCLOMATIC_COMPLEXITY,499.6234344209617
CONDITION_COUNT,499.6234344209617
LOC_COMMENTS,499.6234344209617
LOC_CODE_AND_COMMENT,499.6234344209617
CALL_PAIRS,499.6234344209617
HALSTEAD_ERROR_EST,499.6234344209617
LOC_TOTAL,499.6234344209617
