,Final Score
LOC_BLANK,444.93720094987356
HALSTEAD_CONTENT,446.93720094987356
NUM_UNIQUE_OPERANDS,448.22291523558783
NUM_UNIQUE_OPERATORS,452.7943438070164
PARAMETER_COUNT,452.7943438070164
NORMALIZED_CYLOMATIC_COMPLEXITY,454.08005809273067
CYCLOMATIC_DENSITY,454.08005809273067
NUM_OPERANDS,455.5086295213021
CALL_PAIRS,456.93720094987356
DESIGN_COMPLEXITY,457.5086295213021
HALSTEAD_LENGTH,457.7943438070164
HALSTEAD_EFFORT,457.7943438070164
LOC_EXECUTABLE,457.93720094987356
MAINTENANCE_SEVERITY,458.08005809273067
LOC_TOTAL,458.5086295213021
LOC_CODE_AND_COMMENT,458.7943438070164
HALSTEAD_DIFFICULTY,458.93720094987356
MODIFIED_CONDITION_COUNT,458.93720094987356
PERCENT_COMMENTS,459.08005809273067
NUM_OPERATORS,459.22291523558783
DESIGN_DENSITY,459.36577237844494
NUMBER_OF_LINES,459.5086295213021
HALSTEAD_VOLUME,459.7943438070164
EDGE_COUNT,459.93720094987356
NODE_COUNT,460.7943438070164
BRANCH_COUNT,461.36577237844494
ESSENTIAL_COMPLEXITY,461.36577237844494
DECISION_DENSITY,461.5086295213021
LOC_COMMENTS,461.6514866641592
CYCLOMATIC_COMPLEXITY,462.22291523558783
HALSTEAD_LEVEL,463.08005809273067
ESSENTIAL_DENSITY,463.91519191533024
CONDITION_COUNT,463.9355441336584
MULTIPLE_CONDITION_COUNT,464.1184731123443
HALSTEAD_ERROR_EST,464.26133025520147
DECISION_COUNT,464.893182880787
HALSTEAD_PROG_TIME,466.2173121861149
