<oml:data_qualities xmlns:oml="http://openml.org/openml">
        
  <oml:quality  >
    <oml:name>AutoCorrelation</oml:name>
      <oml:value>0.8557213930348259</oml:value>
    </oml:quality>
        
  <oml:quality  >
    <oml:name>CfsSubsetEval_DecisionStumpAUC</oml:name>
      <oml:value>0.6325442247658689</oml:value>
    </oml:quality>
        
  <oml:quality  >
    <oml:name>CfsSubsetEval_DecisionStumpErrRate</oml:name>
      <oml:value>0.09429280397022333</oml:value>
    </oml:quality>
        
  <oml:quality  >
    <oml:name>CfsSubsetEval_DecisionStumpKappa</oml:name>
      <oml:value>0.16271186440677993</oml:value>
    </oml:quality>
        
  <oml:quality  >
    <oml:name>CfsSubsetEval_NaiveBayesAUC</oml:name>
      <oml:value>0.6325442247658689</oml:value>
    </oml:quality>
        
  <oml:quality  >
    <oml:name>CfsSubsetEval_NaiveBayesErrRate</oml:name>
      <oml:value>0.09429280397022333</oml:value>
    </oml:quality>
        
  <oml:quality  >
    <oml:name>CfsSubsetEval_NaiveBayesKappa</oml:name>
      <oml:value>0.16271186440677993</oml:value>
    </oml:quality>
        
  <oml:quality  >
    <oml:name>CfsSubsetEval_kNN1NAUC</oml:name>
      <oml:value>0.6325442247658689</oml:value>
    </oml:quality>
        
  <oml:quality  >
    <oml:name>CfsSubsetEval_kNN1NErrRate</oml:name>
      <oml:value>0.09429280397022333</oml:value>
    </oml:quality>
        
  <oml:quality  >
    <oml:name>CfsSubsetEval_kNN1NKappa</oml:name>
      <oml:value>0.16271186440677993</oml:value>
    </oml:quality>
        
  <oml:quality  >
    <oml:name>ClassEntropy</oml:name>
      <oml:value>0.39124356362925566</oml:value>
    </oml:quality>
        
  <oml:quality  >
    <oml:name>DecisionStumpAUC</oml:name>
      <oml:value>0.6504942767950052</oml:value>
    </oml:quality>
        
  <oml:quality  >
    <oml:name>DecisionStumpErrRate</oml:name>
      <oml:value>0.07692307692307693</oml:value>
    </oml:quality>
        
  <oml:quality  >
    <oml:name>DecisionStumpKappa</oml:name>
      <oml:value>0.0</oml:value>
    </oml:quality>
        
  <oml:quality  >
    <oml:name>Dimensionality</oml:name>
      <oml:value>0.09429280397022333</oml:value>
    </oml:quality>
        
  <oml:quality  >
    <oml:name>EquivalentNumberOfAtts</oml:name>
      <oml:value />
    </oml:quality>
        
  <oml:quality  >
    <oml:name>J48.00001.AUC</oml:name>
      <oml:value>0.5270551508844953</oml:value>
    </oml:quality>
        
  <oml:quality  >
    <oml:name>J48.00001.ErrRate</oml:name>
      <oml:value>0.08188585607940446</oml:value>
    </oml:quality>
        
  <oml:quality  >
    <oml:name>J48.00001.Kappa</oml:name>
      <oml:value>0.25906735751295373</oml:value>
    </oml:quality>
        
  <oml:quality  >
    <oml:name>J48.0001.AUC</oml:name>
      <oml:value>0.5270551508844953</oml:value>
    </oml:quality>
        
  <oml:quality  >
    <oml:name>J48.0001.ErrRate</oml:name>
      <oml:value>0.08188585607940446</oml:value>
    </oml:quality>
        
  <oml:quality  >
    <oml:name>J48.0001.Kappa</oml:name>
      <oml:value>0.25906735751295373</oml:value>
    </oml:quality>
        
  <oml:quality  >
    <oml:name>J48.001.AUC</oml:name>
      <oml:value>0.5270551508844953</oml:value>
    </oml:quality>
        
  <oml:quality  >
    <oml:name>J48.001.ErrRate</oml:name>
      <oml:value>0.08188585607940446</oml:value>
    </oml:quality>
        
  <oml:quality  >
    <oml:name>J48.001.Kappa</oml:name>
      <oml:value>0.25906735751295373</oml:value>
    </oml:quality>
        
  <oml:quality  >
    <oml:name>MajorityClassPercentage</oml:name>
      <oml:value>92.3076923076923</oml:value>
    </oml:quality>
        
  <oml:quality  >
    <oml:name>MajorityClassSize</oml:name>
      <oml:value>372.0</oml:value>
    </oml:quality>
        
  <oml:quality  >
    <oml:name>MaxAttributeEntropy</oml:name>
      <oml:value />
    </oml:quality>
        
  <oml:quality  >
    <oml:name>MaxKurtosisOfNumericAtts</oml:name>
      <oml:value>57.15492775272825</oml:value>
    </oml:quality>
        
  <oml:quality  >
    <oml:name>MaxMeansOfNumericAtts</oml:name>
      <oml:value>7985.329454094293</oml:value>
    </oml:quality>
        
  <oml:quality  >
    <oml:name>MaxMutualInformation</oml:name>
      <oml:value />
    </oml:quality>
        
  <oml:quality  >
    <oml:name>MaxNominalAttDistinctValues</oml:name>
      <oml:value>2.0</oml:value>
    </oml:quality>
        
  <oml:quality  >
    <oml:name>MaxSkewnessOfNumericAtts</oml:name>
      <oml:value>7.297129068550936</oml:value>
    </oml:quality>
        
  <oml:quality  >
    <oml:name>MaxStdDevOfNumericAtts</oml:name>
      <oml:value>18556.572604227917</oml:value>
    </oml:quality>
        
  <oml:quality  >
    <oml:name>MeanAttributeEntropy</oml:name>
      <oml:value />
    </oml:quality>
        
  <oml:quality  >
    <oml:name>MeanKurtosisOfNumericAtts</oml:name>
      <oml:value>11.651332911754626</oml:value>
    </oml:quality>
        
  <oml:quality  >
    <oml:name>MeanMeansOfNumericAtts</oml:name>
      <oml:value>251.88784186171284</oml:value>
    </oml:quality>
        
  <oml:quality  >
    <oml:name>MeanMutualInformation</oml:name>
      <oml:value />
    </oml:quality>
        
  <oml:quality  >
    <oml:name>MeanNoiseToSignalRatio</oml:name>
      <oml:value />
    </oml:quality>
        
  <oml:quality  >
    <oml:name>MeanNominalAttDistinctValues</oml:name>
      <oml:value>2.0</oml:value>
    </oml:quality>
        
  <oml:quality  >
    <oml:name>MeanSkewnessOfNumericAtts</oml:name>
      <oml:value>2.519298523470371</oml:value>
    </oml:quality>
        
  <oml:quality  >
    <oml:name>MeanStdDevOfNumericAtts</oml:name>
      <oml:value>556.7656238748065</oml:value>
    </oml:quality>
        
  <oml:quality  >
    <oml:name>MinAttributeEntropy</oml:name>
      <oml:value />
    </oml:quality>
        
  <oml:quality  >
    <oml:name>MinKurtosisOfNumericAtts</oml:name>
      <oml:value>-1.5270845224916383</oml:value>
    </oml:quality>
        
  <oml:quality  >
    <oml:name>MinMeansOfNumericAtts</oml:name>
      <oml:value>0.0521091811414392</oml:value>
    </oml:quality>
        
  <oml:quality  >
    <oml:name>MinMutualInformation</oml:name>
      <oml:value />
    </oml:quality>
        
  <oml:quality  >
    <oml:name>MinNominalAttDistinctValues</oml:name>
      <oml:value>2.0</oml:value>
    </oml:quality>
        
  <oml:quality  >
    <oml:name>MinSkewnessOfNumericAtts</oml:name>
      <oml:value>-1.271894871135886</oml:value>
    </oml:quality>
        
  <oml:quality  >
    <oml:name>MinStdDevOfNumericAtts</oml:name>
      <oml:value>0.09267538153937513</oml:value>
    </oml:quality>
        
  <oml:quality  >
    <oml:name>MinorityClassPercentage</oml:name>
      <oml:value>7.6923076923076925</oml:value>
    </oml:quality>
        
  <oml:quality  >
    <oml:name>MinorityClassSize</oml:name>
      <oml:value>31.0</oml:value>
    </oml:quality>
        
  <oml:quality  >
    <oml:name>NaiveBayesAUC</oml:name>
      <oml:value>0.7054150324181541</oml:value>
    </oml:quality>
        
  <oml:quality  >
    <oml:name>NaiveBayesErrRate</oml:name>
      <oml:value>0.15632754342431762</oml:value>
    </oml:quality>
        
  <oml:quality  >
    <oml:name>NaiveBayesKappa</oml:name>
      <oml:value>0.26016260162601623</oml:value>
    </oml:quality>
        
  <oml:quality  >
    <oml:name>NumberOfBinaryFeatures</oml:name>
      <oml:value>1.0</oml:value>
    </oml:quality>
        
  <oml:quality  >
    <oml:name>NumberOfClasses</oml:name>
      <oml:value>2.0</oml:value>
    </oml:quality>
        
  <oml:quality  >
    <oml:name>NumberOfFeatures</oml:name>
      <oml:value>38.0</oml:value>
    </oml:quality>
        
  <oml:quality  >
    <oml:name>NumberOfInstances</oml:name>
      <oml:value>403.0</oml:value>
    </oml:quality>
        
  <oml:quality  >
    <oml:name>NumberOfInstancesWithMissingValues</oml:name>
      <oml:value>0.0</oml:value>
    </oml:quality>
        
  <oml:quality  >
    <oml:name>NumberOfMissingValues</oml:name>
      <oml:value>0.0</oml:value>
    </oml:quality>
        
  <oml:quality  >
    <oml:name>NumberOfNumericFeatures</oml:name>
      <oml:value>37.0</oml:value>
    </oml:quality>
        
  <oml:quality  >
    <oml:name>NumberOfSymbolicFeatures</oml:name>
      <oml:value>1.0</oml:value>
    </oml:quality>
        
  <oml:quality  >
    <oml:name>PercentageOfBinaryFeatures</oml:name>
      <oml:value>2.631578947368421</oml:value>
    </oml:quality>
        
  <oml:quality  >
    <oml:name>PercentageOfInstancesWithMissingValues</oml:name>
      <oml:value>0.0</oml:value>
    </oml:quality>
        
  <oml:quality  >
    <oml:name>PercentageOfMissingValues</oml:name>
      <oml:value>0.0</oml:value>
    </oml:quality>
        
  <oml:quality  >
    <oml:name>PercentageOfNumericFeatures</oml:name>
      <oml:value>97.36842105263158</oml:value>
    </oml:quality>
        
  <oml:quality  >
    <oml:name>PercentageOfSymbolicFeatures</oml:name>
      <oml:value>2.631578947368421</oml:value>
    </oml:quality>
        
  <oml:quality  >
    <oml:name>Quartile1AttributeEntropy</oml:name>
      <oml:value />
    </oml:quality>
        
  <oml:quality  >
    <oml:name>Quartile1KurtosisOfNumericAtts</oml:name>
      <oml:value>3.890388366315668</oml:value>
    </oml:quality>
        
  <oml:quality  >
    <oml:name>Quartile1MeansOfNumericAtts</oml:name>
      <oml:value>1.1844913151364764</oml:value>
    </oml:quality>
        
  <oml:quality  >
    <oml:name>Quartile1MutualInformation</oml:name>
      <oml:value />
    </oml:quality>
        
  <oml:quality  >
    <oml:name>Quartile1SkewnessOfNumericAtts</oml:name>
      <oml:value>1.7144912268055643</oml:value>
    </oml:quality>
        
  <oml:quality  >
    <oml:name>Quartile1StdDevOfNumericAtts</oml:name>
      <oml:value>1.5770367383104706</oml:value>
    </oml:quality>
        
  <oml:quality  >
    <oml:name>Quartile2AttributeEntropy</oml:name>
      <oml:value />
    </oml:quality>
        
  <oml:quality  >
    <oml:name>Quartile2KurtosisOfNumericAtts</oml:name>
      <oml:value>6.090989938758231</oml:value>
    </oml:quality>
        
  <oml:quality  >
    <oml:name>Quartile2MeansOfNumericAtts</oml:name>
      <oml:value>4.940446650124069</oml:value>
    </oml:quality>
        
  <oml:quality  >
    <oml:name>Quartile2MutualInformation</oml:name>
      <oml:value />
    </oml:quality>
        
  <oml:quality  >
    <oml:name>Quartile2SkewnessOfNumericAtts</oml:name>
      <oml:value>2.2136828211670743</oml:value>
    </oml:quality>
        
  <oml:quality  >
    <oml:name>Quartile2StdDevOfNumericAtts</oml:name>
      <oml:value>6.4433442067949604</oml:value>
    </oml:quality>
        
  <oml:quality  >
    <oml:name>Quartile3AttributeEntropy</oml:name>
      <oml:value />
    </oml:quality>
        
  <oml:quality  >
    <oml:name>Quartile3KurtosisOfNumericAtts</oml:name>
      <oml:value>16.67786576592366</oml:value>
    </oml:quality>
        
  <oml:quality  >
    <oml:name>Quartile3MeansOfNumericAtts</oml:name>
      <oml:value>20.629032258064512</oml:value>
    </oml:quality>
        
  <oml:quality  >
    <oml:name>Quartile3MutualInformation</oml:name>
      <oml:value />
    </oml:quality>
        
  <oml:quality  >
    <oml:name>Quartile3SkewnessOfNumericAtts</oml:name>
      <oml:value>3.2373380653606167</oml:value>
    </oml:quality>
        
  <oml:quality  >
    <oml:name>Quartile3StdDevOfNumericAtts</oml:name>
      <oml:value>19.26994448926139</oml:value>
    </oml:quality>
        
  <oml:quality  >
    <oml:name>REPTreeDepth1AUC</oml:name>
      <oml:value>0.49193548387096775</oml:value>
    </oml:quality>
        
  <oml:quality  >
    <oml:name>REPTreeDepth1ErrRate</oml:name>
      <oml:value>0.07692307692307693</oml:value>
    </oml:quality>
        
  <oml:quality  >
    <oml:name>REPTreeDepth1Kappa</oml:name>
      <oml:value>0.0</oml:value>
    </oml:quality>
        
  <oml:quality  >
    <oml:name>REPTreeDepth2AUC</oml:name>
      <oml:value>0.49193548387096775</oml:value>
    </oml:quality>
        
  <oml:quality  >
    <oml:name>REPTreeDepth2ErrRate</oml:name>
      <oml:value>0.07692307692307693</oml:value>
    </oml:quality>
        
  <oml:quality  >
    <oml:name>REPTreeDepth2Kappa</oml:name>
      <oml:value>0.0</oml:value>
    </oml:quality>
        
  <oml:quality  >
    <oml:name>REPTreeDepth3AUC</oml:name>
      <oml:value>0.49193548387096775</oml:value>
    </oml:quality>
        
  <oml:quality  >
    <oml:name>REPTreeDepth3ErrRate</oml:name>
      <oml:value>0.07692307692307693</oml:value>
    </oml:quality>
        
  <oml:quality  >
    <oml:name>REPTreeDepth3Kappa</oml:name>
      <oml:value>0.0</oml:value>
    </oml:quality>
        
  <oml:quality  >
    <oml:name>RandomTreeDepth1AUC</oml:name>
      <oml:value>0.5556711758584808</oml:value>
    </oml:quality>
        
  <oml:quality  >
    <oml:name>RandomTreeDepth1ErrRate</oml:name>
      <oml:value>0.13399503722084366</oml:value>
    </oml:quality>
        
  <oml:quality  >
    <oml:name>RandomTreeDepth1Kappa</oml:name>
      <oml:value>0.08355091383812</oml:value>
    </oml:quality>
        
  <oml:quality  >
    <oml:name>RandomTreeDepth2AUC</oml:name>
      <oml:value>0.5556711758584808</oml:value>
    </oml:quality>
        
  <oml:quality  >
    <oml:name>RandomTreeDepth2ErrRate</oml:name>
      <oml:value>0.13399503722084366</oml:value>
    </oml:quality>
        
  <oml:quality  >
    <oml:name>RandomTreeDepth2Kappa</oml:name>
      <oml:value>0.08355091383812</oml:value>
    </oml:quality>
        
  <oml:quality  >
    <oml:name>RandomTreeDepth3AUC</oml:name>
      <oml:value>0.5556711758584808</oml:value>
    </oml:quality>
        
  <oml:quality  >
    <oml:name>RandomTreeDepth3ErrRate</oml:name>
      <oml:value>0.13399503722084366</oml:value>
    </oml:quality>
        
  <oml:quality  >
    <oml:name>RandomTreeDepth3Kappa</oml:name>
      <oml:value>0.08355091383812</oml:value>
    </oml:quality>
        
  <oml:quality  >
    <oml:name>StdvNominalAttDistinctValues</oml:name>
      <oml:value>0.0</oml:value>
    </oml:quality>
        
  <oml:quality  >
    <oml:name>kNN1NAUC</oml:name>
      <oml:value>0.6328477280610475</oml:value>
    </oml:quality>
        
  <oml:quality  >
    <oml:name>kNN1NErrRate</oml:name>
      <oml:value>0.10173697270471464</oml:value>
    </oml:quality>
        
  <oml:quality  >
    <oml:name>kNN1NKappa</oml:name>
      <oml:value>0.22641509433962306</oml:value>
    </oml:quality>
  </oml:data_qualities>
