<oml:data_qualities xmlns:oml="http://openml.org/openml">
        
  <oml:quality  >
    <oml:name>AutoCorrelation</oml:name>
      <oml:value>0.8385899814471243</oml:value>
    </oml:quality>
        
  <oml:quality  >
    <oml:name>CfsSubsetEval_DecisionStumpAUC</oml:name>
      <oml:value>0.7504180602006689</oml:value>
    </oml:quality>
        
  <oml:quality  >
    <oml:name>CfsSubsetEval_DecisionStumpErrRate</oml:name>
      <oml:value>0.08518518518518518</oml:value>
    </oml:quality>
        
  <oml:quality  >
    <oml:name>CfsSubsetEval_DecisionStumpKappa</oml:name>
      <oml:value>0.0</oml:value>
    </oml:quality>
        
  <oml:quality  >
    <oml:name>CfsSubsetEval_NaiveBayesAUC</oml:name>
      <oml:value>0.7977248723816229</oml:value>
    </oml:quality>
        
  <oml:quality  >
    <oml:name>CfsSubsetEval_NaiveBayesErrRate</oml:name>
      <oml:value>0.12407407407407407</oml:value>
    </oml:quality>
        
  <oml:quality  >
    <oml:name>CfsSubsetEval_NaiveBayesKappa</oml:name>
      <oml:value>0.19599999999999984</oml:value>
    </oml:quality>
        
  <oml:quality  >
    <oml:name>CfsSubsetEval_kNN1NAUC</oml:name>
      <oml:value>0.629180602006689</oml:value>
    </oml:quality>
        
  <oml:quality  >
    <oml:name>CfsSubsetEval_kNN1NErrRate</oml:name>
      <oml:value>0.12777777777777777</oml:value>
    </oml:quality>
        
  <oml:quality  >
    <oml:name>CfsSubsetEval_kNN1NKappa</oml:name>
      <oml:value>0.21867136386512342</oml:value>
    </oml:quality>
        
  <oml:quality  >
    <oml:name>ClassEntropy</oml:name>
      <oml:value>0.42019103708517647</oml:value>
    </oml:quality>
        
  <oml:quality  >
    <oml:name>DecisionStumpAUC</oml:name>
      <oml:value>0.7504180602006689</oml:value>
    </oml:quality>
        
  <oml:quality  >
    <oml:name>DecisionStumpErrRate</oml:name>
      <oml:value>0.08518518518518518</oml:value>
    </oml:quality>
        
  <oml:quality  >
    <oml:name>DecisionStumpKappa</oml:name>
      <oml:value>0.0</oml:value>
    </oml:quality>
        
  <oml:quality  >
    <oml:name>Dimensionality</oml:name>
      <oml:value>0.03888888888888889</oml:value>
    </oml:quality>
        
  <oml:quality  >
    <oml:name>EquivalentNumberOfAtts</oml:name>
      <oml:value />
    </oml:quality>
        
  <oml:quality  >
    <oml:name>J48.00001.AUC</oml:name>
      <oml:value>0.5</oml:value>
    </oml:quality>
        
  <oml:quality  >
    <oml:name>J48.00001.ErrRate</oml:name>
      <oml:value>0.08518518518518518</oml:value>
    </oml:quality>
        
  <oml:quality  >
    <oml:name>J48.00001.Kappa</oml:name>
      <oml:value>0.0</oml:value>
    </oml:quality>
        
  <oml:quality  >
    <oml:name>J48.0001.AUC</oml:name>
      <oml:value>0.5</oml:value>
    </oml:quality>
        
  <oml:quality  >
    <oml:name>J48.0001.ErrRate</oml:name>
      <oml:value>0.08518518518518518</oml:value>
    </oml:quality>
        
  <oml:quality  >
    <oml:name>J48.0001.Kappa</oml:name>
      <oml:value>0.0</oml:value>
    </oml:quality>
        
  <oml:quality  >
    <oml:name>J48.001.AUC</oml:name>
      <oml:value>0.5</oml:value>
    </oml:quality>
        
  <oml:quality  >
    <oml:name>J48.001.ErrRate</oml:name>
      <oml:value>0.08518518518518518</oml:value>
    </oml:quality>
        
  <oml:quality  >
    <oml:name>J48.001.Kappa</oml:name>
      <oml:value>0.0</oml:value>
    </oml:quality>
        
  <oml:quality  >
    <oml:name>MajorityClassPercentage</oml:name>
      <oml:value>91.48148148148148</oml:value>
    </oml:quality>
        
  <oml:quality  >
    <oml:name>MajorityClassSize</oml:name>
      <oml:value>494.0</oml:value>
    </oml:quality>
        
  <oml:quality  >
    <oml:name>MaxAttributeEntropy</oml:name>
      <oml:value />
    </oml:quality>
        
  <oml:quality  >
    <oml:name>MaxKurtosisOfNumericAtts</oml:name>
      <oml:value>-1.1986607611256725</oml:value>
    </oml:quality>
        
  <oml:quality  >
    <oml:name>MaxMeansOfNumericAtts</oml:name>
      <oml:value>270.5</oml:value>
    </oml:quality>
        
  <oml:quality  >
    <oml:name>MaxMutualInformation</oml:name>
      <oml:value />
    </oml:quality>
        
  <oml:quality  >
    <oml:name>MaxNominalAttDistinctValues</oml:name>
      <oml:value>2.0</oml:value>
    </oml:quality>
        
  <oml:quality  >
    <oml:name>MaxSkewnessOfNumericAtts</oml:name>
      <oml:value>0.0012744626927465666</oml:value>
    </oml:quality>
        
  <oml:quality  >
    <oml:name>MaxStdDevOfNumericAtts</oml:name>
      <oml:value>156.02884348735012</oml:value>
    </oml:quality>
        
  <oml:quality  >
    <oml:name>MeanAttributeEntropy</oml:name>
      <oml:value />
    </oml:quality>
        
  <oml:quality  >
    <oml:name>MeanKurtosisOfNumericAtts</oml:name>
      <oml:value>-1.2151730419773643</oml:value>
    </oml:quality>
        
  <oml:quality  >
    <oml:name>MeanMeansOfNumericAtts</oml:name>
      <oml:value>18.575018532685185</oml:value>
    </oml:quality>
        
  <oml:quality  >
    <oml:name>MeanMutualInformation</oml:name>
      <oml:value />
    </oml:quality>
        
  <oml:quality  >
    <oml:name>MeanNoiseToSignalRatio</oml:name>
      <oml:value />
    </oml:quality>
        
  <oml:quality  >
    <oml:name>MeanNominalAttDistinctValues</oml:name>
      <oml:value>2.0</oml:value>
    </oml:quality>
        
  <oml:quality  >
    <oml:name>MeanSkewnessOfNumericAtts</oml:name>
      <oml:value>2.9030687163888838E-5</oml:value>
    </oml:quality>
        
  <oml:quality  >
    <oml:name>MeanStdDevOfNumericAtts</oml:name>
      <oml:value>10.68834999351379</oml:value>
    </oml:quality>
        
  <oml:quality  >
    <oml:name>MinAttributeEntropy</oml:name>
      <oml:value />
    </oml:quality>
        
  <oml:quality  >
    <oml:name>MinKurtosisOfNumericAtts</oml:name>
      <oml:value>-1.5027881040892246</oml:value>
    </oml:quality>
        
  <oml:quality  >
    <oml:name>MinMeansOfNumericAtts</oml:name>
      <oml:value>0.49991312962962964</oml:value>
    </oml:quality>
        
  <oml:quality  >
    <oml:name>MinMutualInformation</oml:name>
      <oml:value />
    </oml:quality>
        
  <oml:quality  >
    <oml:name>MinNominalAttDistinctValues</oml:name>
      <oml:value>2.0</oml:value>
    </oml:quality>
        
  <oml:quality  >
    <oml:name>MinSkewnessOfNumericAtts</oml:name>
      <oml:value>-8.327136643549017E-4</oml:value>
    </oml:quality>
        
  <oml:quality  >
    <oml:name>MinStdDevOfNumericAtts</oml:name>
      <oml:value>0.28881336863616464</oml:value>
    </oml:quality>
        
  <oml:quality  >
    <oml:name>MinorityClassPercentage</oml:name>
      <oml:value>8.518518518518519</oml:value>
    </oml:quality>
        
  <oml:quality  >
    <oml:name>MinorityClassSize</oml:name>
      <oml:value>46.0</oml:value>
    </oml:quality>
        
  <oml:quality  >
    <oml:name>NaiveBayesAUC</oml:name>
      <oml:value>0.8509945432142227</oml:value>
    </oml:quality>
        
  <oml:quality  >
    <oml:name>NaiveBayesErrRate</oml:name>
      <oml:value>0.11296296296296296</oml:value>
    </oml:quality>
        
  <oml:quality  >
    <oml:name>NaiveBayesKappa</oml:name>
      <oml:value>0.29603351000171013</oml:value>
    </oml:quality>
        
  <oml:quality  >
    <oml:name>NumberOfBinaryFeatures</oml:name>
      <oml:value>1.0</oml:value>
    </oml:quality>
        
  <oml:quality  >
    <oml:name>NumberOfClasses</oml:name>
      <oml:value>2.0</oml:value>
    </oml:quality>
        
  <oml:quality  >
    <oml:name>NumberOfFeatures</oml:name>
      <oml:value>21.0</oml:value>
    </oml:quality>
        
  <oml:quality  >
    <oml:name>NumberOfInstances</oml:name>
      <oml:value>540.0</oml:value>
    </oml:quality>
        
  <oml:quality  >
    <oml:name>NumberOfInstancesWithMissingValues</oml:name>
      <oml:value>0.0</oml:value>
    </oml:quality>
        
  <oml:quality  >
    <oml:name>NumberOfMissingValues</oml:name>
      <oml:value>0.0</oml:value>
    </oml:quality>
        
  <oml:quality  >
    <oml:name>NumberOfNumericFeatures</oml:name>
      <oml:value>20.0</oml:value>
    </oml:quality>
        
  <oml:quality  >
    <oml:name>NumberOfSymbolicFeatures</oml:name>
      <oml:value>1.0</oml:value>
    </oml:quality>
        
  <oml:quality  >
    <oml:name>PercentageOfBinaryFeatures</oml:name>
      <oml:value>4.761904761904762</oml:value>
    </oml:quality>
        
  <oml:quality  >
    <oml:name>PercentageOfInstancesWithMissingValues</oml:name>
      <oml:value>0.0</oml:value>
    </oml:quality>
        
  <oml:quality  >
    <oml:name>PercentageOfMissingValues</oml:name>
      <oml:value>0.0</oml:value>
    </oml:quality>
        
  <oml:quality  >
    <oml:name>PercentageOfNumericFeatures</oml:name>
      <oml:value>95.23809523809523</oml:value>
    </oml:quality>
        
  <oml:quality  >
    <oml:name>PercentageOfSymbolicFeatures</oml:name>
      <oml:value>4.761904761904762</oml:value>
    </oml:quality>
        
  <oml:quality  >
    <oml:name>Quartile1AttributeEntropy</oml:name>
      <oml:value />
    </oml:quality>
        
  <oml:quality  >
    <oml:name>Quartile1KurtosisOfNumericAtts</oml:name>
      <oml:value>-1.2003522090294787</oml:value>
    </oml:quality>
        
  <oml:quality  >
    <oml:name>Quartile1MeansOfNumericAtts</oml:name>
      <oml:value>0.4999884736111111</oml:value>
    </oml:quality>
        
  <oml:quality  >
    <oml:name>Quartile1MutualInformation</oml:name>
      <oml:value />
    </oml:quality>
        
  <oml:quality  >
    <oml:name>Quartile1SkewnessOfNumericAtts</oml:name>
      <oml:value>-5.153759173966274E-4</oml:value>
    </oml:quality>
        
  <oml:quality  >
    <oml:name>Quartile1StdDevOfNumericAtts</oml:name>
      <oml:value>0.2888720329245821</oml:value>
    </oml:quality>
        
  <oml:quality  >
    <oml:name>Quartile2AttributeEntropy</oml:name>
      <oml:value />
    </oml:quality>
        
  <oml:quality  >
    <oml:name>Quartile2KurtosisOfNumericAtts</oml:name>
      <oml:value>-1.2000380490180411</oml:value>
    </oml:quality>
        
  <oml:quality  >
    <oml:name>Quartile2MeansOfNumericAtts</oml:name>
      <oml:value>0.5000378435185185</oml:value>
    </oml:quality>
        
  <oml:quality  >
    <oml:name>Quartile2MutualInformation</oml:name>
      <oml:value />
    </oml:quality>
        
  <oml:quality  >
    <oml:name>Quartile2SkewnessOfNumericAtts</oml:name>
      <oml:value>-4.740482397644439E-7</oml:value>
    </oml:quality>
        
  <oml:quality  >
    <oml:name>Quartile2StdDevOfNumericAtts</oml:name>
      <oml:value>0.2889571904508761</oml:value>
    </oml:quality>
        
  <oml:quality  >
    <oml:name>Quartile3AttributeEntropy</oml:name>
      <oml:value />
    </oml:quality>
        
  <oml:quality  >
    <oml:name>Quartile3KurtosisOfNumericAtts</oml:name>
      <oml:value>-1.199550675223653</oml:value>
    </oml:quality>
        
  <oml:quality  >
    <oml:name>Quartile3MeansOfNumericAtts</oml:name>
      <oml:value>0.5001074129629629</oml:value>
    </oml:quality>
        
  <oml:quality  >
    <oml:name>Quartile3MutualInformation</oml:name>
      <oml:value />
    </oml:quality>
        
  <oml:quality  >
    <oml:name>Quartile3SkewnessOfNumericAtts</oml:name>
      <oml:value>2.2432368868179764E-4</oml:value>
    </oml:quality>
        
  <oml:quality  >
    <oml:name>Quartile3StdDevOfNumericAtts</oml:name>
      <oml:value>0.28905349227630434</oml:value>
    </oml:quality>
        
  <oml:quality  >
    <oml:name>REPTreeDepth1AUC</oml:name>
      <oml:value>0.5</oml:value>
    </oml:quality>
        
  <oml:quality  >
    <oml:name>REPTreeDepth1ErrRate</oml:name>
      <oml:value>0.08518518518518518</oml:value>
    </oml:quality>
        
  <oml:quality  >
    <oml:name>REPTreeDepth1Kappa</oml:name>
      <oml:value>0.0</oml:value>
    </oml:quality>
        
  <oml:quality  >
    <oml:name>REPTreeDepth2AUC</oml:name>
      <oml:value>0.5</oml:value>
    </oml:quality>
        
  <oml:quality  >
    <oml:name>REPTreeDepth2ErrRate</oml:name>
      <oml:value>0.08518518518518518</oml:value>
    </oml:quality>
        
  <oml:quality  >
    <oml:name>REPTreeDepth2Kappa</oml:name>
      <oml:value>0.0</oml:value>
    </oml:quality>
        
  <oml:quality  >
    <oml:name>REPTreeDepth3AUC</oml:name>
      <oml:value>0.5</oml:value>
    </oml:quality>
        
  <oml:quality  >
    <oml:name>REPTreeDepth3ErrRate</oml:name>
      <oml:value>0.08518518518518518</oml:value>
    </oml:quality>
        
  <oml:quality  >
    <oml:name>REPTreeDepth3Kappa</oml:name>
      <oml:value>0.0</oml:value>
    </oml:quality>
        
  <oml:quality  >
    <oml:name>RandomTreeDepth1AUC</oml:name>
      <oml:value>0.6632855131138884</oml:value>
    </oml:quality>
        
  <oml:quality  >
    <oml:name>RandomTreeDepth1ErrRate</oml:name>
      <oml:value>0.08518518518518518</oml:value>
    </oml:quality>
        
  <oml:quality  >
    <oml:name>RandomTreeDepth1Kappa</oml:name>
      <oml:value>0.0</oml:value>
    </oml:quality>
        
  <oml:quality  >
    <oml:name>RandomTreeDepth2AUC</oml:name>
      <oml:value>0.7119785249075867</oml:value>
    </oml:quality>
        
  <oml:quality  >
    <oml:name>RandomTreeDepth2ErrRate</oml:name>
      <oml:value>0.08518518518518518</oml:value>
    </oml:quality>
        
  <oml:quality  >
    <oml:name>RandomTreeDepth2Kappa</oml:name>
      <oml:value>0.0</oml:value>
    </oml:quality>
        
  <oml:quality  >
    <oml:name>RandomTreeDepth3AUC</oml:name>
      <oml:value>0.7518482661503256</oml:value>
    </oml:quality>
        
  <oml:quality  >
    <oml:name>RandomTreeDepth3ErrRate</oml:name>
      <oml:value>0.09444444444444444</oml:value>
    </oml:quality>
        
  <oml:quality  >
    <oml:name>RandomTreeDepth3Kappa</oml:name>
      <oml:value>0.015584786960251526</oml:value>
    </oml:quality>
        
  <oml:quality  >
    <oml:name>StdvNominalAttDistinctValues</oml:name>
      <oml:value>0.0</oml:value>
    </oml:quality>
        
  <oml:quality  >
    <oml:name>kNN1NAUC</oml:name>
      <oml:value>0.5168984333744059</oml:value>
    </oml:quality>
        
  <oml:quality  >
    <oml:name>kNN1NErrRate</oml:name>
      <oml:value>0.14444444444444443</oml:value>
    </oml:quality>
        
  <oml:quality  >
    <oml:name>kNN1NKappa</oml:name>
      <oml:value>0.035184167124793705</oml:value>
    </oml:quality>
  </oml:data_qualities>
