<oml:data_set_description xmlns:oml="http://openml.org/openml">
  <oml:id>1073</oml:id>
  <oml:name>jEdit_4.0_4.2</oml:name>
  <oml:version>1</oml:version>
  <oml:description></oml:description>
  <oml:description_version>1</oml:description_version>
  <oml:format>ARFF</oml:format>
        <oml:upload_date>2014-10-06T23:57:53</oml:upload_date>
    <oml:licence>Public</oml:licence>  <oml:url>https://api.openml.org/data/v1/download/53956/jEdit_4.0_4.2.arff</oml:url>
  <oml:parquet_url>http://openml1.win.tue.nl/dataset1073/dataset_1073.pq</oml:parquet_url>  <oml:file_id>53956</oml:file_id>  <oml:default_target_attribute>Bug-count</oml:default_target_attribute>          <oml:tag>mythbusting_1</oml:tag><oml:tag>PROMISE</oml:tag><oml:tag>study_1</oml:tag><oml:tag>study_123</oml:tag><oml:tag>study_15</oml:tag><oml:tag>study_20</oml:tag><oml:tag>study_41</oml:tag><oml:tag>study_52</oml:tag><oml:tag>study_7</oml:tag>  <oml:visibility>public</oml:visibility>      <oml:minio_url>http://openml1.win.tue.nl/dataset1073/dataset_1073.pq</oml:minio_url>  <oml:status>active</oml:status>
  <oml:processing_date>2020-11-20 21:10:26</oml:processing_date>      <oml:md5_checksum>cbadb9eab52466c03bd8f3f885b45f3c</oml:md5_checksum>
</oml:data_set_description>
