<oml:data_qualities xmlns:oml="http://openml.org/openml">
        
  <oml:quality  >
    <oml:name>AutoCorrelation</oml:name>
      <oml:value>0.9998038831143361</oml:value>
    </oml:quality>
        
  <oml:quality  >
    <oml:name>ClassEntropy</oml:name>
      <oml:value>0.11058084476988708</oml:value>
    </oml:quality>
        
  <oml:quality  >
    <oml:name>Dimensionality</oml:name>
      <oml:value>0.0072549019607843135</oml:value>
    </oml:quality>
        
  <oml:quality  >
    <oml:name>EquivalentNumberOfAtts</oml:name>
      <oml:value />
    </oml:quality>
        
  <oml:quality  >
    <oml:name>MajorityClassPercentage</oml:name>
      <oml:value>98.52941176470588</oml:value>
    </oml:quality>
        
  <oml:quality  >
    <oml:name>MajorityClassSize</oml:name>
      <oml:value>5025.0</oml:value>
    </oml:quality>
        
  <oml:quality  >
    <oml:name>MaxAttributeEntropy</oml:name>
      <oml:value />
    </oml:quality>
        
  <oml:quality  >
    <oml:name>MaxKurtosisOfNumericAtts</oml:name>
      <oml:value>0.08103471866179213</oml:value>
    </oml:quality>
        
  <oml:quality  >
    <oml:name>MaxMeansOfNumericAtts</oml:name>
      <oml:value>99.56862745098042</oml:value>
    </oml:quality>
        
  <oml:quality  >
    <oml:name>MaxMutualInformation</oml:name>
      <oml:value />
    </oml:quality>
        
  <oml:quality  >
    <oml:name>MaxNominalAttDistinctValues</oml:name>
      <oml:value>2.0</oml:value>
    </oml:quality>
        
  <oml:quality  >
    <oml:name>MaxSkewnessOfNumericAtts</oml:name>
      <oml:value>0.12114448900529776</oml:value>
    </oml:quality>
        
  <oml:quality  >
    <oml:name>MaxStdDevOfNumericAtts</oml:name>
      <oml:value>16.218497602623724</oml:value>
    </oml:quality>
        
  <oml:quality  >
    <oml:name>MeanAttributeEntropy</oml:name>
      <oml:value />
    </oml:quality>
        
  <oml:quality  >
    <oml:name>MeanKurtosisOfNumericAtts</oml:name>
      <oml:value>-0.4632046647796124</oml:value>
    </oml:quality>
        
  <oml:quality  >
    <oml:name>MeanMeansOfNumericAtts</oml:name>
      <oml:value>85.71349128540305</oml:value>
    </oml:quality>
        
  <oml:quality  >
    <oml:name>MeanMutualInformation</oml:name>
      <oml:value />
    </oml:quality>
        
  <oml:quality  >
    <oml:name>MeanNoiseToSignalRatio</oml:name>
      <oml:value />
    </oml:quality>
        
  <oml:quality  >
    <oml:name>MeanNominalAttDistinctValues</oml:name>
      <oml:value>2.0</oml:value>
    </oml:quality>
        
  <oml:quality  >
    <oml:name>MeanSkewnessOfNumericAtts</oml:name>
      <oml:value>-0.1096173151401041</oml:value>
    </oml:quality>
        
  <oml:quality  >
    <oml:name>MeanStdDevOfNumericAtts</oml:name>
      <oml:value>14.241442633248703</oml:value>
    </oml:quality>
        
  <oml:quality  >
    <oml:name>MinAttributeEntropy</oml:name>
      <oml:value />
    </oml:quality>
        
  <oml:quality  >
    <oml:name>MinKurtosisOfNumericAtts</oml:name>
      <oml:value>-1.0003040613442957</oml:value>
    </oml:quality>
        
  <oml:quality  >
    <oml:name>MinMeansOfNumericAtts</oml:name>
      <oml:value>72.35764705882367</oml:value>
    </oml:quality>
        
  <oml:quality  >
    <oml:name>MinMutualInformation</oml:name>
      <oml:value />
    </oml:quality>
        
  <oml:quality  >
    <oml:name>MinNominalAttDistinctValues</oml:name>
      <oml:value>2.0</oml:value>
    </oml:quality>
        
  <oml:quality  >
    <oml:name>MinSkewnessOfNumericAtts</oml:name>
      <oml:value>-0.4083627845537765</oml:value>
    </oml:quality>
        
  <oml:quality  >
    <oml:name>MinStdDevOfNumericAtts</oml:name>
      <oml:value>11.658746554511957</oml:value>
    </oml:quality>
        
  <oml:quality  >
    <oml:name>MinorityClassPercentage</oml:name>
      <oml:value>1.4705882352941175</oml:value>
    </oml:quality>
        
  <oml:quality  >
    <oml:name>MinorityClassSize</oml:name>
      <oml:value>75.0</oml:value>
    </oml:quality>
        
  <oml:quality  >
    <oml:name>NumberOfBinaryFeatures</oml:name>
      <oml:value>1.0</oml:value>
    </oml:quality>
        
  <oml:quality  >
    <oml:name>NumberOfClasses</oml:name>
      <oml:value>2.0</oml:value>
    </oml:quality>
        
  <oml:quality  >
    <oml:name>NumberOfFeatures</oml:name>
      <oml:value>37.0</oml:value>
    </oml:quality>
        
  <oml:quality  >
    <oml:name>NumberOfInstances</oml:name>
      <oml:value>5100.0</oml:value>
    </oml:quality>
        
  <oml:quality  >
    <oml:name>NumberOfInstancesWithMissingValues</oml:name>
      <oml:value>0.0</oml:value>
    </oml:quality>
        
  <oml:quality  >
    <oml:name>NumberOfMissingValues</oml:name>
      <oml:value>0.0</oml:value>
    </oml:quality>
        
  <oml:quality  >
    <oml:name>NumberOfNumericFeatures</oml:name>
      <oml:value>36.0</oml:value>
    </oml:quality>
        
  <oml:quality  >
    <oml:name>NumberOfSymbolicFeatures</oml:name>
      <oml:value>1.0</oml:value>
    </oml:quality>
        
  <oml:quality  >
    <oml:name>PercentageOfBinaryFeatures</oml:name>
      <oml:value>2.7027027027027026</oml:value>
    </oml:quality>
        
  <oml:quality  >
    <oml:name>PercentageOfInstancesWithMissingValues</oml:name>
      <oml:value>0.0</oml:value>
    </oml:quality>
        
  <oml:quality  >
    <oml:name>PercentageOfMissingValues</oml:name>
      <oml:value>0.0</oml:value>
    </oml:quality>
        
  <oml:quality  >
    <oml:name>PercentageOfNumericFeatures</oml:name>
      <oml:value>97.2972972972973</oml:value>
    </oml:quality>
        
  <oml:quality  >
    <oml:name>PercentageOfSymbolicFeatures</oml:name>
      <oml:value>2.7027027027027026</oml:value>
    </oml:quality>
        
  <oml:quality  >
    <oml:name>Quartile1AttributeEntropy</oml:name>
      <oml:value />
    </oml:quality>
        
  <oml:quality  >
    <oml:name>Quartile1KurtosisOfNumericAtts</oml:name>
      <oml:value>-0.8833972649132604</oml:value>
    </oml:quality>
        
  <oml:quality  >
    <oml:name>Quartile1MeansOfNumericAtts</oml:name>
      <oml:value>74.66279411764697</oml:value>
    </oml:quality>
        
  <oml:quality  >
    <oml:name>Quartile1MutualInformation</oml:name>
      <oml:value />
    </oml:quality>
        
  <oml:quality  >
    <oml:name>Quartile1SkewnessOfNumericAtts</oml:name>
      <oml:value>-0.3001765419655136</oml:value>
    </oml:quality>
        
  <oml:quality  >
    <oml:name>Quartile1StdDevOfNumericAtts</oml:name>
      <oml:value>12.346102059986409</oml:value>
    </oml:quality>
        
  <oml:quality  >
    <oml:name>Quartile2AttributeEntropy</oml:name>
      <oml:value />
    </oml:quality>
        
  <oml:quality  >
    <oml:name>Quartile2KurtosisOfNumericAtts</oml:name>
      <oml:value>-0.44361356574449506</oml:value>
    </oml:quality>
        
  <oml:quality  >
    <oml:name>Quartile2MeansOfNumericAtts</oml:name>
      <oml:value>85.34186274509807</oml:value>
    </oml:quality>
        
  <oml:quality  >
    <oml:name>Quartile2MutualInformation</oml:name>
      <oml:value />
    </oml:quality>
        
  <oml:quality  >
    <oml:name>Quartile2SkewnessOfNumericAtts</oml:name>
      <oml:value>-0.09325273490947447</oml:value>
    </oml:quality>
        
  <oml:quality  >
    <oml:name>Quartile2StdDevOfNumericAtts</oml:name>
      <oml:value>14.657614038348763</oml:value>
    </oml:quality>
        
  <oml:quality  >
    <oml:name>Quartile3AttributeEntropy</oml:name>
      <oml:value />
    </oml:quality>
        
  <oml:quality  >
    <oml:name>Quartile3KurtosisOfNumericAtts</oml:name>
      <oml:value>-0.0932955601099793</oml:value>
    </oml:quality>
        
  <oml:quality  >
    <oml:name>Quartile3MeansOfNumericAtts</oml:name>
      <oml:value>97.14073529411766</oml:value>
    </oml:quality>
        
  <oml:quality  >
    <oml:name>Quartile3MutualInformation</oml:name>
      <oml:value />
    </oml:quality>
        
  <oml:quality  >
    <oml:name>Quartile3SkewnessOfNumericAtts</oml:name>
      <oml:value>0.06649700827757384</oml:value>
    </oml:quality>
        
  <oml:quality  >
    <oml:name>Quartile3StdDevOfNumericAtts</oml:name>
      <oml:value>15.731707267105959</oml:value>
    </oml:quality>
        
  <oml:quality  >
    <oml:name>StdvNominalAttDistinctValues</oml:name>
      <oml:value>0.0</oml:value>
    </oml:quality>
  </oml:data_qualities>
